75.056,71.373,68.189,65.544,63.392,61.71,60.539,59.832,59.656,60.064,60.936,62.083,63.356,64.491,65.614,66.762,67.985,69.227,70.394,71.327,71.91,72.176,72.343,72.613,72.9,73.296,74.068,74.494,74.46,74.138,73.354,72.019,69.374,65.802,62.464,59.98,58.421,57.528,57.068,57.165,57.951,59.053,60.168,61.385,62.786
80.255,77.51,75.03,72.83,70.891,69.23,67.827,66.679,65.774,65.133,64.711,64.537,64.658,65.346,66.352,67.242,67.894,68.539,68.869,68.921,68.749,68.474,68.245,68.185,68.223,68.486,68.793,68.914,69.027,69.158,69.275,69.351,69.315,69.048,68.503,67.636,66.633,65.761,65.199,64.946,64.854,64.869,64.971,65.145,65.442
71.746,70.419,69.216,68.144,67.216,66.415,65.731,65.171,64.717,64.372,64.132,64.004,64.045,64.237,64.668,64.909,65.171,65.361,65.693,66.229,66.857,67.573,68.325,68.826,69.099,69.328,69.482,69.465,69.232,68.726,68.031,67.066,65.605,63.741,61.413,59.176,57.624,56.748,56.466,56.461,56.733,57.439,58.194,58.803,59.479
88.619,83.235,78.458,74.229,70.556,67.431,64.89,62.854,61.339,60.397,60.125,60.276,60.755,61.599,62.892,64.609,66.611,68.65,70.619,72.269,73.593,74.274,74.456,74.571,74.621,74.651,75.141,75.533,75.654,75.592,75.533,74.977,73.411,70.552,67.266,64.35,62.304,60.977,60.115,59.622,59.774,60.466,61.558,63.033,65.033
73.507,69.571,66.06,62.984,60.385,58.233,56.541,55.258,54.458,54.113,54.325,54.965,55.828,56.889,57.954,58.738,59.146,59.249,59.09,58.926,59.034,59.52,60.462,61.693,62.904,64.378,66.084,67.248,68.048,68.655,68.712,68.235,67.4,66.264,65.02,63.784,62.684,61.991,61.72,61.835,62.225,62.844,63.62,64.388,65.274
79.524,75.897,72.622,69.727,67.206,65.069,63.275,61.822,60.736,59.959,59.559,59.588,60.157,61.17,62.173,63.003,63.701,64.241,64.571,64.682,64.661,64.637,64.715,64.97,65.163,65.322,65.569,66.008,66.3,66.344,66.122,65.497,64.296,62.411,60.135,57.722,55.628,54.054,52.985,52.291,51.884,51.757,52.056,52.58,53.215
69.614,67.511,65.666,64.074,62.767,61.713,60.897,60.346,60.022,59.951,60.289,61.043,61.759,62.48,63.06,63.348,63.421,63.392,63.277,63.081,62.892,62.777,62.784,62.954,63.275,63.637,64.027,64.61,65.317,65.776,65.959,65.957,65.567,64.523,63.014,61.305,59.887,58.974,58.39,57.994,57.788,57.874,58.218,58.632,59.084
76.096,73.855,71.919,70.254,68.906,67.805,66.974,66.387,66.079,66.177,66.532,67.026,67.599,68.137,68.605,68.987,69.292,69.561,69.894,70.322,70.735,70.989,71.063,71.029,71.055,71.162,71.401,71.633,71.672,71.49,71.153,70.72,70.115,68.966,67.298,65.477,64.093,63.288,62.805,62.528,62.471,62.471,62.446,62.506,62.687
75.414,72.089,69.167,66.623,64.519,62.809,61.474,60.556,60.001,59.877,60.364,61.392,62.624,63.93,65.17,66.073,66.507,66.565,66.253,65.584,64.736,63.896,63.235,62.961,63.014,63.28,63.828,64.788,65.576,65.986,66.111,66.006,65.244,63.725,61.401,58.974,56.993,55.614,54.633,53.879,53.343,53.15,53.378,53.933,54.581
83.443,78.852,74.732,71.115,68.037,65.41,63.264,61.58,60.386,59.724,59.662,60.06,60.79,61.787,62.889,64.007,65.043,65.951,66.694,67.309,67.793,68.172,68.461,68.626,68.735,68.854,69.046,69.321,69.495,69.457,69.175,68.643,67.912,66.846,65.386,63.696,62.311,61.37,60.799,60.527,60.449,60.61,60.797,61.027,61.452
66.694,63.615,60.96,58.719,56.889,55.422,54.308,53.616,53.335,53.505,53.962,54.56,55.301,56.071,57.054,58.094,59.087,59.956,60.6,61.019,61.293,61.581,62.035,62.635,63.105,63.463,63.845,64.06,63.927,63.531,62.642,61.166,59.286,57.237,55.295,53.596,52.36,51.484,50.986,50.844,51.073,51.628,52.174,52.713,53.397
64.046,62.236,60.814,59.765,59.058,58.688,58.666,58.952,59.566,60.616,62.076,63.735,65.44,66.772,67.57,68.042,68.252,68.293,68.04,67.476,66.658,65.816,65.206,64.848,64.553,64.28,64.122,63.961,63.657,63.33,62.968,62.48,61.763,60.693,59.358,57.988,56.87,56.103,55.625,55.451,55.543,56.063,57.05,58.327,59.731
62.116,59.596,57.489,55.783,54.449,53.501,52.875,52.63,52.783,53.462,54.622,55.874,56.895,57.508,57.919,58.256,58.574,58.794,58.869,58.866,58.813,58.723,58.558,58.311,58.149,58.117,58.282,58.833,59.4,59.801,60.055,60.224,59.557,58.036,56.129,54.289,52.798,51.782,51.092,50.664,50.561,50.74,51.05,51.638,52.234
66.681,63.13,60.145,57.701,55.772,54.342,53.475,53.123,53.321,54.174,55.426,56.944,58.461,59.83,60.998,61.975,62.64,62.987,62.93,62.591,62.053,61.437,60.917,60.658,60.501,60.55,61.024,61.631,61.836,61.883,61.882,61.62,60.261,57.575,54.644,52.061,50.302,49.314,48.854,48.619,48.932,49.496,50.19,51.164,52.551
69.751,66.086,62.844,60.002,57.583,55.538,53.896,52.6,51.738,51.223,51.288,51.677,52.434,53.374,54.423,55.614,56.862,58.111,59.308,60.43,61.494,62.358,62.975,63.468,63.878,64.319,64.742,65.027,65.132,65.027,64.585,63.643,62.316,60.44,58.359,56.285,54.352,52.628,51.171,49.914,48.905,48.32,48.201,48.451,48.84
59.092,56.012,53.344,51.082,49.207,47.707,46.569,45.81,45.466,45.643,46.241,47.021,47.639,48.038,48.332,48.625,48.973,49.505,50.28,51.209,52.22,53.204,53.84,54.137,54.411,54.54,54.309,53.896,53.33,52.564,51.615,50.607,49.476,48.097,46.628,45.423,44.659,44.311,44.12,44.165,44.369,44.49,44.641,44.891,45.016
85.929,81.546,77.701,74.409,71.718,69.561,67.912,66.747,66.11,66.106,66.677,67.55,68.659,69.934,71.416,72.945,74.486,75.848,76.828,77.271,77.186,76.838,76.472,76.305,76.503,76.626,76.824,77.404,77.844,77.882,77.423,76.321,74.339,71.709,68.802,66.052,63.683,61.758,60.236,59.03,58.294,58.134,58.574,59.476,60.67
85.043,80.279,76.099,72.449,69.407,66.958,65.086,63.726,62.897,62.636,63.143,64.492,65.972,67.507,68.764,69.437,69.445,68.946,68.164,67.371,66.917,66.959,67.344,67.852,68.442,69.028,69.716,70.454,71.148,71.799,72.437,72.831,73.178,73.372,73.151,72.298,71.224,70.241,69.337,68.432,67.653,67.093,66.828,67.026,67.505
83.784,80.642,77.81,75.264,73.011,71.024,69.318,67.851,66.658,65.826,65.417,65.213,64.932,64.401,63.523,62.346,61.108,59.948,58.989,58.389,58.422,58.94,59.969,61.065,61.664,62.184,62.655,62.868,62.836,62.648,62.373,62.007,61.677,61.428,60.926,60.137,59.263,58.479,58.007,57.859,57.98,58.554,59.381,60.465,61.546
73.003,70.038,67.37,65.056,63.084,61.409,60.055,58.989,58.181,57.662,57.438,57.482,57.888,58.698,59.623,60.446,61.198,61.866,62.413,62.829,63.063,63.099,62.945,62.764,62.532,62.226,61.877,61.52,61.127,60.708,60.272,59.783,59.085,58.151,56.924,55.653,54.6,53.895,53.483,53.339,53.367,53.603,54.13,54.843,55.609
86.318,82.41,78.967,76.007,73.617,71.757,70.395,69.549,69.199,69.334,70.297,71.939,73.908,76.022,78.068,79.755,80.966,81.478,81.615,81.553,81.52,81.62,81.861,82.215,82.553,83.059,83.73,84.857,86.288,87.157,87.224,86.757,85.783,83.967,80.925,77.131,73.193,69.714,67.124,65.186,63.893,64.111,65.252,66.856,68.76
85.562,81.042,77.11,73.774,71.027,68.864,67.216,66.11,65.534,65.731,66.476,67.285,68.138,68.701,69.034,69.402,70.045,70.886,71.947,73.159,74.361,75.299,75.786,75.962,75.731,75.428,75.099,75.261,75.605,75.884,76.239,76.727,77.052,76.621,75.146,72.654,69.889,67.083,64.524,62.211,60.408,59.244,58.556,58.33,58.515
79.502,78.086,76.852,75.776,74.859,74.104,73.498,73.026,72.7,72.527,72.568,72.794,73.166,73.54,73.709,73.77,73.858,73.952,74.183,74.555,74.992,75.489,76.106,76.78,77.55,78.642,79.847,80.692,81.159,81.348,81.144,80.334,78.777,76.767,74.567,72.574,70.967,69.733,68.735,67.844,67.055,66.424,65.944,65.684,65.616
75.689,74.211,72.938,71.859,70.974,70.269,69.753,69.398,69.278,69.483,69.829,70.236,70.728,71.347,72.026,72.79,73.506,73.996,74.289,74.378,74.301,74.236,74.32,74.625,75.057,75.519,76.068,76.709,77.218,77.339,77.066,76.371,75.153,73.331,71.227,69.404,68.055,67.121,66.497,66.127,66.012,66.004,65.889,65.781,65.676
73.385,72.081,70.908,69.842,68.884,68.029,67.283,66.646,66.123,65.732,65.495,65.343,65.266,65.228,65.19,65.143,65.165,65.25,65.408,65.636,65.918,66.226,66.596,66.997,67.411,68.036,68.768,69.311,69.535,69.439,68.939,67.954,66.461,64.685,62.976,61.619,60.654,60.01,59.642,59.541,59.868,60.617,61.517,62.526,63.682
70.104,66.808,64.019,61.705,59.918,58.522,57.643,57.185,57.235,57.883,59.041,60.338,61.648,62.656,63.228,63.291,62.942,62.167,61.172,60.119,59.174,58.374,57.678,57.16,56.904,56.887,57.304,58.086,58.732,59.091,59.312,59.241,58.664,57.668,56.384,55.303,54.736,54.575,54.631,55.085,55.856,56.732,57.395,58.03,58.571
69.876,67.442,65.252,63.332,61.684,60.264,59.13,58.212,57.552,57.118,56.96,57.149,57.631,58.212,58.639,59.148,59.702,60.49,61.414,62.287,63.053,63.67,64.135,64.52,64.865,65.274,65.784,66.635,67.309,67.69,67.656,67.104,65.705,63.318,60.337,57.489,55.552,54.427,54.081,54.24,54.98,56.202,57.482,58.859,60.286
63.434,61.154,59.076,57.225,55.607,54.199,53.015,52.037,51.275,50.729,50.401,50.426,50.708,51.087,51.525,51.999,52.488,52.967,53.419,53.808,54.115,54.356,54.576,54.806,55.059,55.28,55.458,55.616,55.734,55.797,55.817,55.768,55.545,55.112,54.382,53.435,52.582,51.903,51.336,50.837,50.365,49.886,49.528,49.362,49.345
63.486,61.013,58.807,56.858,55.162,53.719,52.532,51.611,50.948,50.52,50.396,50.657,51.178,51.769,52.343,52.787,53.045,53.204,53.263,53.25,53.235,53.296,53.521,53.857,54.193,54.468,54.702,54.85,54.9,54.847,54.723,54.511,54.179,53.723,53.148,52.536,51.969,51.443,51.015,50.684,50.431,50.269,50.229,50.355,50.594
79.144,75.504,72.283,69.442,66.993,64.948,63.317,62.065,61.178,60.637,60.569,60.953,61.635,62.504,63.416,64.311,65.173,66.015,66.83,67.572,68.2,68.688,69.069,69.461,69.938,70.453,71.148,71.886,72.381,72.661,72.774,72.635,71.963,70.688,68.661,66.388,64.385,62.843,61.779,61.096,60.777,60.814,61.098,61.485,62.023
70.896,67.854,65.205,62.93,61.058,59.598,58.473,57.718,57.344,57.401,57.921,58.672,59.594,60.553,61.444,62.447,63.53,64.54,65.435,66.149,66.585,66.887,67.091,67.284,67.527,68.105,68.921,70.003,71.293,72.335,72.971,72.869,71.923,70.008,67.254,64.137,61.318,59.022,57.355,56.147,55.356,54.798,54.451,54.236,54.174
72.867,69.7,66.936,64.599,62.646,61.075,59.887,59.066,58.669,58.758,59.362,60.137,61.072,61.899,62.447,62.721,62.845,62.924,63.11,63.561,64.292,65.331,66.531,67.736,68.767,69.806,70.805,71.577,71.931,71.806,71.229,70.076,68.386,66.244,63.901,61.818,60.276,59.354,58.796,58.494,58.483,58.687,58.697,58.708,58.747
67.691,67.238,66.693,66.075,65.388,64.654,63.883,63.077,62.231,61.293,60.256,59.472,59.051,58.964,59.079,59.335,59.697,60.151,60.713,61.363,62.073,62.83,63.634,64.398,65.14,65.886,66.632,67.21,67.554,67.759,67.751,67.517,66.968,65.907,64.481,62.943,61.609,60.57,59.743,59.033,58.427,57.837,57.304,56.967,56.751
84.602,81.62,78.923,76.52,74.45,72.656,71.157,69.947,68.997,68.363,68.04,68.029,68.322,68.861,69.472,70.128,70.839,71.602,72.397,73.21,73.991,74.754,75.521,76.296,77.059,77.698,78.263,78.795,79.222,79.4,79.347,78.964,78.229,77.054,75.187,73.074,71.09,69.492,68.277,67.335,66.572,65.999,65.63,65.436,65.373
82.76,78.363,74.51,71.194,68.435,66.163,64.365,63.067,62.276,62.159,62.753,63.577,64.55,65.593,66.738,68.019,69.299,70.395,71.209,71.718,71.754,71.354,70.609,69.555,68.349,67.184,66.16,65.435,65.041,64.75,64.343,63.802,62.996,61.979,60.883,59.925,59.392,59.622,60.273,61.381,62.837,64.548,65.837,66.73,67.569
62.832,61.602,60.707,60.123,59.89,59.973,60.295,60.859,61.733,63.138,64.733,65.895,66.708,67.091,67.117,67.165,67.341,67.702,68.147,68.576,68.791,68.749,68.458,67.934,67.321,66.917,66.588,66.699,67.292,67.913,68.284,68.333,67.964,67.177,65.977,64.422,62.718,61.242,60.347,60.191,60.29,60.347,60.263,60.041,59.85
64.391,60.865,57.75,55.066,52.791,50.894,49.393,48.285,47.594,47.528,47.832,48.242,48.598,48.83,49.033,49.278,49.627,50.148,50.97,52.163,53.691,55.495,57.4,59.177,60.389,61.515,62.412,63,63.258,63.15,62.591,61.622,60.223,58.48,56.602,54.898,53.551,52.623,52.23,52.383,53.284,54.848,56.408,57.972,59.801
86.303,81.957,78.11,74.742,71.857,69.467,67.531,66.063,65.072,64.599,64.791,65.341,66.146,66.939,67.426,67.761,67.973,68.125,68.194,68.155,68.082,67.948,67.702,67.348,67.071,66.805,66.568,66.372,66.179,65.995,65.836,65.677,65.262,64.483,63.374,62.313,61.539,61.137,60.969,60.991,61.348,61.985,62.714,63.478,64.329
81.249,78.058,75.209,72.662,70.443,68.538,66.914,65.609,64.609,63.978,63.75,63.77,63.893,64.056,64.34,64.786,65.363,65.971,66.464,66.911,67.265,67.57,67.903,68.273,68.581,68.878,69.29,69.712,69.893,69.8,69.441,68.652,67.259,65.346,63.371,61.733,60.651,59.939,59.57,59.521,59.925,60.727,61.674,62.605,63.69
84.6,81.224,78.128,75.332,72.852,70.666,68.757,67.15,65.815,64.748,63.965,63.614,63.697,63.99,64.177,64.361,64.625,64.853,65.012,65.147,65.342,65.665,66.174,66.741,67.306,68.012,69.029,69.969,70.568,70.838,70.758,70.138,68.721,66.869,65.026,63.643,62.762,62.302,62.054,62.049,62.322,62.848,63.529,64.326,65.269
112.61,106.54,101.1,96.222,91.986,88.354,85.354,82.96,81.189,80.033,79.576,79.894,80.924,82.493,84.517,86.754,89.136,91.56,93.808,95.48,96.43,96.431,95.801,94.866,94.012,93.215,92.731,93.039,93.638,94.206,94.99,95.802,96.554,96.05,94.128,91.399,89.213,87.256,85.753,84.556,84.073,84.459,85.412,86.562,88.05
101.12,94.74,89.171,84.421,80.413,77.145,74.66,72.93,71.88,71.622,72.299,73.627,75.224,76.773,78.055,79.032,79.62,79.81,79.693,79.404,79.13,79.062,79.348,80.191,81.132,82.111,83.306,84.726,85.85,86.601,86.907,86.527,85.277,83.167,80.64,78.227,76.373,75.168,74.51,74.187,74.291,74.87,75.753,76.78,77.982
94.576,89.201,84.381,80.087,76.388,73.219,70.579,68.409,66.772,65.725,65.147,64.889,64.936,65.287,66.017,67.18,68.633,70.198,71.695,72.878,73.618,73.882,73.827,73.843,74.165,74.727,75.53,77.195,79.045,80.587,81.887,83.055,83.717,83.23,81.538,79.159,77.103,75.617,74.613,73.963,73.724,74.104,74.943,75.958,77.225
74.619,71.062,68.006,65.459,63.453,61.958,60.914,60.368,60.295,60.932,62.229,63.785,65.173,66.143,66.57,66.553,66.246,65.749,65.145,64.521,63.943,63.497,63.282,63.393,63.748,64.56,65.429,66.152,66.527,66.653,66.412,65.613,64.037,61.538,58.794,56.36,54.603,53.28,52.419,52.022,52.1,52.788,53.983,55.413,57.119
62.707,62.647,62.516,62.563,62.572,62.918,63.791,65.101,66.907,68.619,69.818,70.396,70.817,70.606,69.464,67.942,66.346,64.519,62.4,60.094,57.744,55.604,53.927,52.668,51.798,51.293,51.134,51.245,51.658,52.08,52.305,52.553,52.737,52.596,52.28,51.844,51.471,51.31,51.442,51.898,52.633,53.534,54.432,55.237,56.075
78.951,74.719,70.99,67.76,65.03,62.822,61.077,59.876,59.134,59.005,59.617,60.566,61.662,62.93,63.856,64.512,64.949,65.28,65.588,65.938,66.256,66.501,66.779,67.222,67.895,68.599,69.279,70.065,70.844,71.429,71.802,71.79,71.297,70.171,68.393,66.202,64.157,62.53,61.445,60.826,60.584,60.962,62.453,64.24,66.289
79.001,76.507,74.15,71.93,69.842,67.879,66.041,64.339,62.761,61.3,59.955,58.729,57.621,56.664,55.861,55.133,54.508,53.868,53.288,52.716,52.195,51.915,51.819,51.896,52.048,52.265,52.578,52.973,53.452,53.93,54.315,54.626,54.882,54.98,54.855,54.265,53.249,52.547,52.486,53.023,54.093,55.722,57.914,60.298,62.514
67.578,64.118,61.098,58.489,56.316,54.549,53.204,52.267,51.699,51.666,52.319,53.09,53.964,54.849,55.428,55.818,55.963,55.898,55.637,55.309,55.032,54.936,54.979,55.106,55.318,55.561,55.992,56.514,57.049,57.632,58.21,58.733,59.183,59.582,59.979,60.515,61.199,61.889,62.434,62.678,62.698,62.59,62.527,62.674,63.048
69.847,64.976,60.669,56.909,53.673,51.077,48.985,47.43,46.434,46.018,46.199,47.244,48.516,50.218,51.907,53.428,54.658,55.595,56.365,56.974,57.452,57.862,58.272,58.723,59.089,59.331,59.562,59.753,59.789,59.579,59.195,58.595,57.735,56.501,54.681,52.561,50.906,49.901,49.509,49.518,49.823,50.601,51.721,52.865,54.015
62.492,59.847,57.525,55.479,53.725,52.278,51.088,50.142,49.509,49.246,49.197,49.224,49.222,49.103,48.963,48.9,49.134,49.731,50.676,51.842,52.969,53.874,54.559,54.968,55.249,55.582,55.98,56.421,56.945,57.383,57.718,57.967,57.921,56.977,55.45,53.567,51.746,50.254,49.178,48.595,48.303,48.412,48.895,49.581,50.467
60.874,57.656,54.791,52.357,50.288,48.581,47.26,46.276,45.715,45.528,45.839,46.549,47.455,48.471,49.492,50.486,51.356,52.09,52.69,53.149,53.448,53.599,53.629,53.621,53.642,53.68,53.733,53.934,54.153,54.15,53.946,53.529,52.82,51.699,50.028,48.146,46.667,45.825,45.421,45.424,45.763,46.505,47.577,48.715,49.873
58.086,55.99,54.048,52.265,50.633,49.178,47.888,46.769,45.825,45.056,44.46,44.04,43.88,43.961,44.289,44.753,45.305,45.971,46.75,47.533,48.331,49.126,49.871,50.551,51.181,51.746,52.216,52.457,52.562,52.59,52.635,52.795,52.945,53.141,53.472,53.855,53.926,53.752,53.315,52.581,51.292,49.312,47.165,45.463,44.416
68.64,66.508,64.524,62.714,61.065,59.603,58.34,57.275,56.425,55.761,55.29,55.096,55.243,56.012,57.269,58.672,60.173,61.727,63.094,64.031,64.522,64.656,64.637,64.691,64.981,65.571,66.272,66.928,67.376,67.52,67.364,67.011,66.667,66.271,65.998,65.731,65.459,65.276,65.12,64.844,64.137,62.723,61.096,59.833,58.911
73.298,69.462,66.054,63.064,60.509,58.401,56.715,55.419,54.531,54.077,54.161,54.794,55.787,56.847,57.799,58.659,59.481,60.343,61.352,62.477,63.686,64.964,66.229,67.351,67.89,68.27,68.337,67.89,67.288,66.666,65.978,65.275,64.516,63.686,62.834,61.981,61.268,60.858,60.856,61.126,61.551,62.045,62.463,62.766,63.115
82.361,76.93,72.288,68.458,65.394,63.115,61.553,60.697,60.6,61.298,62.999,65.781,68.775,71.576,73.658,74.763,74.952,74.606,74.038,73.437,73.202,73.585,74.551,75.999,77.246,78.159,78.684,78.628,77.849,76.784,75.436,73.789,71.948,70.117,68.425,67.142,66.31,65.903,65.773,65.844,66.113,66.637,67.298,67.798,68.216
63.789,61.154,58.886,56.975,55.417,54.202,53.296,52.723,52.491,52.703,53.403,54.198,54.994,55.629,56.034,56.389,56.898,57.613,58.515,59.676,60.956,62.206,63.412,64.52,65.402,66.101,66.61,67.024,67.448,67.644,67.532,67.052,66.13,64.546,62.397,59.956,57.799,56.196,55.24,54.742,54.795,55.464,56.458,57.542,58.651
83.844,79.759,76.244,73.298,70.92,69.096,67.808,67.064,66.956,67.682,68.812,70.132,71.386,72.235,72.744,73.135,73.592,74.262,75.275,76.657,78.333,80.208,82.133,83.925,85.325,86.532,87.293,87.629,87.527,86.916,85.755,83.8,81.095,77.617,73.882,70.439,67.555,65.249,63.317,61.722,60.531,59.711,59.128,58.795,58.796
72.317,70.967,69.833,68.924,68.201,67.694,67.363,67.209,67.222,67.405,67.902,68.665,69.494,70.198,70.701,71.132,71.482,71.777,72.054,72.413,72.899,73.417,73.741,73.664,73.387,72.882,72.179,71.361,70.449,69.36,68.044,66.47,64.721,62.934,61.244,59.628,58.248,57.214,56.482,56.03,55.879,56.058,56.444,56.954,57.614
61.041,58.902,57.026,55.428,54.066,52.967,52.089,51.453,51.067,51,51.253,51.557,52.013,52.299,52.524,52.725,52.907,53.054,53.167,53.264,53.383,53.587,53.89,54.284,54.75,55.191,55.772,56.448,56.969,57.33,57.505,57.418,57.088,56.508,55.718,54.99,54.414,54.051,53.816,53.729,53.831,54.114,54.494,54.881,55.241
68.004,66.526,65.046,63.578,62.141,60.759,59.436,58.158,56.811,55.292,54.268,53.872,53.881,54.293,55.312,56.335,57.158,57.717,58.032,57.738,56.985,55.987,55.073,54.386,54.132,54.195,54.462,55.045,55.969,57.072,58.369,59.818,61.395,63.064,64.572,65.829,66.611,67.152,67.316,67.209,66.935,66.625,66.24,65.853,65.7
83.054,80.434,78.303,76.171,74.039,72.506,71.282,70.387,69.743,69.367,69.535,70.231,71.027,71.745,72.449,73.251,74.173,75.165,75.995,76.499,76.668,76.55,76.184,75.722,75.328,74.997,74.771,74.526,74.12,73.61,72.946,71.739,70.022,68.023,66.001,64.443,64.026,64.557,65.394,66.677,68.071,69.137,69.947,70.781,71.02
76.871,70.577,65.08,60.46,56.652,53.603,51.354,50.093,49.994,50.416,50.87,51.164,51.182,51.174,51.685,52.966,54.904,56.993,58.733,59.593,59.641,59.3,59.046,59.006,59.227,59.335,59.147,58.596,58.161,58.154,59.204,60.515,61.419,61.456,60.129,57.769,55.201,53.231,51.902,51.55,51.886,52.98,54.572,56.477,58.388
0.7236,0.7236,0.7236,0.7236,0.7236,0.7236,0.7236,0.7236,0.7236,0.7236,0.7236,0.7236,0.7236,0.7236,0.7236,0.7236,0.7236,0.7236,0.7236,0.7236,0.7236,0.7236,0.7236,0.7236,0.7236,0.7236,0.7236,0.7236,0.7236,0.7236,0.7236,0.7236,0.7236,0.7236,0.7236,0.7236,0.7236,0.7236,0.7236,0.7236,0.7236,0.7236,0.7236,0.7236,0.7236
48.881,46.863,45.029,43.387,41.936,40.703,39.655,38.786,38.092,37.609,37.274,37.127,37.221,37.707,38.347,38.849,39.28,39.664,39.862,39.891,39.702,39.499,39.358,39.336,39.391,39.382,39.378,39.345,39.247,39.02,38.655,38.121,37.175,35.945,34.813,33.958,33.384,33.049,32.898,32.919,33.071,33.327,33.618,33.923,34.253
74.497,68.05,62.615,58.1,54.654,51.94,50.307,49.749,49.986,50.805,51.607,52.086,52.344,52.605,53.085,53.894,54.912,56.075,57.14,57.936,58.549,59.063,59.559,60.105,60.819,61.662,62.481,63.011,63.121,62.862,62.194,60.876,58.918,56.271,53.343,50.399,47.453,44.75,42.18,41.654,41.545,42.06,43.505,45.602,48.38
67.762,66.065,64.604,63.351,62.328,61.48,60.835,60.38,60.107,59.992,60.158,60.518,61.005,61.425,61.706,61.903,62.08,62.306,62.605,63.043,63.473,63.845,64.061,64.096,64.116,64.082,63.935,63.725,63.463,63.141,62.799,62.463,62.002,61.338,60.302,59.319,58.576,58.085,57.804,57.692,57.76,58.005,58.338,58.744,59.225
62.406,59.063,56.02,53.424,51.295,49.625,48.283,47.4,46.986,46.971,47.457,48.113,49.007,50.041,51.126,52.238,53.214,54.065,54.818,55.536,56.248,56.821,57.156,57.239,57.187,57.162,57.215,57.306,57.326,57.062,56.45,55.615,54.441,52.813,50.687,48.378,46.371,44.726,43.873,43.557,43.931,44.805,45.824,46.79,47.998
59.437,58.245,57.177,56.253,55.428,54.722,54.137,53.647,53.248,52.954,52.747,52.721,53,53.588,53.943,54.088,54.04,53.873,53.605,53.313,52.948,52.532,52.025,51.637,51.354,51.175,51.145,51.185,51.236,51.207,51.032,50.596,49.977,49.117,47.948,46.562,45.159,44.123,43.359,42.756,42.25,41.891,41.767,41.848,42.063
56.952,55.945,55.133,54.526,54.067,53.756,53.621,53.575,53.694,53.976,54.529,54.98,55.284,55.33,55.289,55.224,55.109,55.098,55.076,55.156,55.121,54.946,54.694,54.442,54.187,53.881,53.487,52.987,52.405,51.765,51.074,50.218,49.141,48.02,46.696,45.305,44.452,44.273,44.539,44.939,45.907,47.405,49.188,50.821,52.406
62.918,60.179,57.836,55.775,54.089,52.73,51.747,51.127,50.823,51.088,51.621,52.269,53.082,53.631,54.119,54.665,55.215,55.736,56.198,56.543,56.94,57.361,57.697,57.93,58.097,58.207,58.184,58.057,57.832,57.504,57.108,56.484,55.746,54.929,54.169,53.558,53.186,53.035,53.104,53.428,53.866,54.529,55.323,56.03,56.568
57.51,55.312,53.341,51.784,50.413,49.366,48.562,48.054,47.835,47.998,48.388,48.915,49.472,50.018,50.352,50.582,50.826,51.123,51.403,51.644,51.917,52.171,52.408,52.559,52.586,52.573,52.581,52.737,53.011,53.336,53.693,54.127,54.536,54.894,55.223,55.54,55.787,55.873,55.77,55.526,55.251,55.118,55.218,55.52,55.968
78.726,76.212,73.979,71.997,70.276,68.823,67.632,66.752,66.143,65.843,65.881,66.104,66.447,66.975,67.705,68.608,69.543,70.421,71.125,71.599,71.736,71.708,71.492,71.246,71.102,71.043,71.196,71.725,72.564,73.627,74.898,76.413,77.704,78.389,78.345,77.87,76.817,75.406,73.905,72.403,71.284,70.961,71.078,71.414,72.139
76.286,71.17,66.813,63.064,59.996,57.677,55.752,54.61,54.111,54.204,55.292,56.506,57.627,58.468,58.967,59.312,59.641,60.053,60.706,61.539,62.446,63.219,63.75,64.059,64.006,63.899,63.696,63.488,63.253,62.883,62.376,61.753,60.819,59.151,57.269,55.085,53.413,52.121,51.439,51.2,51.808,52.851,54.124,55.587,56.944
67.142,66.061,65.117,64.307,63.662,63.094,62.676,62.36,62.162,62.089,62.101,62.205,62.409,62.853,63.606,64.369,64.946,65.318,65.522,65.537,65.319,64.85,64.173,63.541,62.963,62.509,62.396,62.48,62.571,62.974,63.489,63.912,64.367,64.712,64.929,64.783,64.145,63.015,61.719,60.408,59.085,57.971,56.945,55.997,55.138
96.519,90.642,85.37,80.33,75.783,71.793,68.218,65.16,62.539,60.36,58.676,57.428,56.62,56.376,56.819,57.837,59.342,60.97,62.618,64.121,65.154,65.442,65.328,64.9,64.365,64.136,63.989,63.964,64.528,64.997,65.535,66.045,66.315,65.86,64.617,63.277,61.897,60.955,60.375,60.091,60.022,60.11,60.289,60.314,60.342
63.53,61.775,60.297,59.094,58.156,57.437,56.98,56.788,56.828,57.279,57.966,58.89,59.941,61.068,62.187,63.262,64.27,65.087,65.616,66.04,66.265,66.283,66.135,66.036,65.884,65.737,65.692,65.788,65.956,65.872,65.562,64.937,63.975,62.749,61.374,59.985,58.806,57.951,57.323,56.991,57.127,57.688,58.558,59.691,60.913
64.029,61.601,59.397,57.353,55.601,54.062,52.73,51.597,50.707,50.024,49.652,49.445,49.407,49.487,49.658,49.968,50.43,51.077,51.859,52.692,53.516,54.214,54.839,55.417,55.971,56.53,57.054,57.501,57.799,58.007,58.197,58.326,58.237,57.737,56.977,55.956,54.921,53.935,52.927,51.917,50.807,49.97,49.557,49.466,49.646
63.574,60.503,57.901,55.707,53.905,52.454,51.406,50.729,50.462,50.667,51.104,51.745,52.279,52.741,53.185,53.612,53.893,53.954,53.8,53.517,53.219,52.923,52.693,52.572,52.558,52.689,53.032,53.614,54.165,54.444,54.49,54.303,53.772,52.715,51.347,49.941,48.776,47.975,47.434,47.139,47.155,47.371,47.684,48.147,48.767
78.857,74.019,69.826,66.303,63.451,61.163,59.542,58.535,58.189,58.758,59.937,61.428,63.038,64.419,65.605,66.564,67.427,68.13,68.528,68.683,68.722,68.568,68.23,67.894,67.579,67.196,66.897,66.716,66.649,66.45,66.098,65.206,63.902,62.387,60.837,59.46,58.467,57.87,57.661,57.729,58.03,58.718,59.483,60.156,60.915
69.751,66.037,62.853,60.159,57.906,56.151,54.818,53.943,53.605,53.827,54.449,55.264,56.106,56.908,57.616,58.179,58.553,58.817,58.984,59.129,59.244,59.315,59.37,59.49,59.661,60.023,60.593,61.092,61.412,61.463,61.22,60.407,59.338,57.849,56.407,55.252,54.515,54.629,54.759,55.164,56.167,57.636,58.901,59.869,60.777
60.748,58.603,56.844,55.301,54.106,53.202,52.597,52.295,52.26,52.554,53.225,53.982,54.9,55.764,56.475,57.15,57.819,58.565,59.344,60.055,60.609,60.916,60.949,60.832,60.655,60.352,59.979,59.652,59.356,59.069,58.751,58.449,58.215,57.838,57.451,57.037,56.553,56.065,55.622,55.22,54.863,54.63,54.503,54.415,54.288
55.019,52.539,50.334,48.555,47.175,46.092,45.415,45.077,45.129,45.743,46.558,47.428,48.27,48.916,49.449,49.887,50.22,50.449,50.592,50.696,50.809,51.002,51.306,51.727,52.213,52.793,53.496,54.007,54.262,54.309,54.149,53.638,52.406,50.773,48.525,46.744,45.454,44.809,44.444,44.245,44.282,44.577,44.978,45.358,45.743
46.74,45.186,43.856,42.766,41.851,41.154,40.64,40.343,40.278,40.491,40.972,41.482,41.934,42.27,42.495,42.658,42.832,43.115,43.457,43.859,44.342,44.79,45.213,45.645,46.12,46.593,46.979,47.179,47.125,46.866,46.429,45.858,45.092,44.166,43.08,42.014,41.232,40.698,40.154,39.578,39.225,39.055,38.968,38.948,38.87
67.946,66.984,66.199,65.644,65.275,65.089,65.039,65.137,65.361,65.707,66.217,66.913,67.715,68.133,68.249,68.215,68.159,68.172,68.312,68.502,68.717,69.031,69.416,69.835,70.239,70.518,70.719,70.823,70.772,70.611,70.292,69.832,68.225,66.121,64.043,62.34,60.958,60.113,59.705,59.968,60.752,61.849,62.928,64.026,65.253
63.503,63.328,63.22,63.179,63.208,63.295,63.441,63.635,63.877,64.16,64.485,64.863,65.319,65.847,66.388,66.878,67.405,68.05,68.844,69.704,70.494,71.027,71.347,71.468,71.459,71.39,71.219,71.088,71.02,70.82,70.574,70.262,69.671,68.58,67.078,65.275,63.702,62.45,61.467,60.59,59.854,59.275,58.997,58.976,59.226
80.021,74.77,70.233,66.376,63.115,60.633,58.744,57.532,57.059,57.454,58.499,59.706,60.913,62.178,63.603,65.131,66.66,67.967,68.813,69.321,69.355,68.677,67.675,66.764,65.812,64.973,64.781,65.001,65.234,65.46,65.669,65.441,64.668,63.135,60.719,58.465,56.913,56.216,56.032,56.558,57.765,59.306,61.029,63.037,64.978
84.381,81.092,78.067,75.511,73.334,71.523,70.07,69,68.339,68.1,68.395,68.992,69.711,70.418,70.906,71.383,71.994,72.956,73.858,74.595,75.177,75.42,75.262,75.018,74.695,74.398,74.28,74.473,74.444,74.582,74.929,75.202,74.797,73.436,71.437,69.255,67.301,65.659,64.315,63.239,62.494,62.085,62.18,62.592,63.293
70.71,68.32,66.295,64.568,63.172,62.092,61.356,60.892,60.78,61.104,61.839,62.803,63.862,64.785,65.503,65.797,65.903,66.019,66.422,67.091,68.018,69.228,70.423,71.532,72.311,72.915,73.45,73.658,73.227,72.207,70.681,68.502,65.897,63.099,59.8,56.167,52.9,50.846,49.685,49.181,49.396,50.921,53.379,55.813,57.971
62.534,59.102,56.245,53.852,52.042,50.681,49.893,49.61,49.908,50.612,51.203,51.776,52.453,53.255,54.311,55.413,56.475,57.346,57.898,58.212,58.431,58.782,59.366,60.26,61.16,62.338,63.801,64.923,65.523,65.579,64.861,63.194,60.625,57.864,55.558,53.97,53.111,52.784,52.781,53.021,53.518,54.079,54.729,55.258,55.561
77.331,74.847,72.739,71.086,69.883,68.95,68.45,68.266,68.491,69.433,71.053,72.523,73.52,73.784,73.486,72.698,72.034,71.672,71.849,72.343,73.094,74.224,75.586,77.107,78.47,79.364,79.815,80.031,80.292,80.619,80.731,80.603,79.859,78.438,76.476,73.803,70.771,67.395,63.535,59.69,57.208,56.114,56.424,57.798,60.122
79.363,77.705,76.269,75.039,74.046,73.291,72.726,72.363,72.221,72.365,72.802,73.192,73.656,74.216,74.767,75.311,75.833,76.296,76.789,77.369,77.884,78.194,78.269,77.989,77.522,76.972,76.391,75.866,75.476,75.099,74.624,74.104,73.571,73.014,72.339,71.366,70.36,69.409,68.506,67.679,66.989,66.558,66.398,66.613,66.963
94.349,91.588,89.095,86.963,85.177,83.601,82.344,81.318,80.568,80.086,79.921,80.112,80.403,80.5,80.554,80.553,80.565,80.803,81.078,81.326,81.462,81.571,81.443,81.186,80.965,80.884,81.441,82.081,82.696,83.171,83.344,83.194,81.972,79.94,77.337,75.106,73.63,72.942,72.954,73.426,74.404,75.444,76.442,77.631,78.743
88.444,83.14,78.369,74.261,70.748,67.856,65.579,63.954,62.842,62.316,62.572,63.5,64.986,66.576,68.101,69.548,70.976,72.165,73.098,73.782,74.034,73.954,73.532,73.015,72.476,71.926,71.416,71.01,70.565,70.107,69.781,69.496,68.857,67.855,66.196,64.324,62.699,61.453,60.445,59.623,59.041,58.87,58.989,59.389,59.978
73.209,68.581,64.462,60.735,57.573,54.951,52.756,51.135,49.899,49.327,49.629,50.385,51.419,52.55,53.49,54.203,54.558,54.77,55.103,55.749,56.68,57.778,59.047,60.295,61.311,61.947,62.352,62.497,62.5,62.479,62.488,62.472,62.391,62.183,61.766,61.039,60.271,59.63,59.148,58.935,58.951,59.319,59.727,60.341,60.913
54.34,52.038,50.015,48.271,46.819,45.608,44.662,43.972,43.565,43.544,43.748,44.154,44.689,45.046,45.335,45.732,46.163,46.643,47.224,47.819,48.352,48.655,48.87,49.098,49.195,49.227,49.187,48.982,48.717,48.435,48.125,47.725,47.204,46.495,45.736,45.077,44.517,43.978,43.477,42.967,42.642,42.513,42.504,42.601,42.845
52.141,51.274,50.539,49.935,49.469,49.11,48.877,48.751,48.828,49.054,49.283,49.449,49.593,49.655,49.828,50.12,50.654,51.319,52.098,52.903,53.681,54.41,54.96,55.366,55.724,55.922,56.019,56.113,56.19,56.265,56.35,56.434,56.539,56.664,56.822,56.984,57.087,57.128,57.115,57.03,56.897,56.781,56.705,56.678,56.643
52.024,50.695,49.619,48.761,48.152,47.751,47.585,47.691,48.096,48.724,49.386,50.058,50.745,51.47,52.219,52.74,52.969,53.015,52.911,52.772,52.628,52.492,52.356,52.155,51.92,51.69,51.429,51.174,50.891,50.531,50.097,49.728,49.521,49.541,49.602,49.695,49.659,49.542,49.37,49.149,48.862,48.541,48.213,47.746,47.395
95.516,93.175,91.007,89.074,87.311,85.75,84.377,83.188,82.179,81.338,80.732,80.371,80.118,80.005,79.842,79.544,79.16,78.702,78.204,77.739,77.398,77.25,77.145,77.125,77.289,77.521,77.854,78.255,78.745,79.286,79.842,80.403,80.968,81.564,82.229,82.992,83.84,84.733,85.732,86.849,87.934,89.037,90.169,91.303,92.335
88.385,83.674,79.519,75.941,72.849,70.315,68.212,66.586,65.47,64.897,64.928,65.334,65.895,66.405,66.583,66.596,66.407,66.132,65.884,65.875,66.068,66.537,67.192,67.832,68.399,69.08,69.847,70.546,71.093,71.516,71.754,71.794,71.666,71.377,71.086,70.921,71.03,71.314,71.645,71.955,72.338,72.823,73.195,73.433,73.644
73.885,73.802,73.696,73.611,73.611,73.735,73.988,74.337,74.739,75.182,75.747,75.978,75.938,75.747,75.486,74.948,74.119,73.095,71.76,69.874,67.491,64.431,61.157,58.154,55.826,54.286,53.207,52.462,52.017,51.972,52.268,53.067,53.948,54.815,55.63,56.501,57.435,58.227,58.908,59.464,59.882,60.216,60.493,60.818,61.244
76.832,72.67,68.916,65.582,62.688,60.186,58.143,56.449,55.248,54.465,54.092,53.974,54.134,54.542,55.301,56.531,57.966,59.407,60.748,61.801,62.427,62.367,61.891,61.401,61.138,60.908,60.739,60.797,61.111,61.616,62.134,62.617,62.972,63.119,63.055,62.871,62.707,62.65,62.749,62.959,63.328,63.982,64.966,66.105,67.372
102.28,98.321,94.587,91.114,87.866,84.895,82.157,79.661,77.436,75.464,73.712,72.202,71.004,70.206,69.643,69.468,69.506,69.573,69.532,69.392,69.161,68.866,68.605,68.374,68.236,68.246,68.434,68.815,69.396,70.158,71.074,72.118,73.295,74.682,76.207,77.622,78.771,79.785,80.717,81.642,82.556,83.496,84.581,85.893,87.358
65.567,63.784,62.178,60.728,59.441,58.307,57.337,56.517,55.826,55.302,54.951,54.742,54.646,54.654,54.687,54.713,54.709,54.693,54.678,54.676,54.695,54.734,54.797,54.856,54.912,54.971,55.055,55.174,55.257,55.277,55.27,55.215,55.111,54.939,54.657,54.318,53.965,53.665,53.477,53.382,53.385,53.459,53.587,53.809,54.077
56.498,55.46,54.634,54.179,53.749,53.642,53.764,54.05,54.566,55.523,56.888,58.036,58.863,59.469,59.469,59.105,58.532,57.949,57.478,57.274,57.312,57.475,57.703,58.002,58.323,58.756,59.393,60.196,60.948,61.447,61.667,61.475,60.389,58.383,55.591,52.794,50.805,49.628,49.764,50.381,51.831,54.011,55.62,56.855,58.052
68.306,68.289,68.232,68.106,67.952,67.798,67.622,67.324,66.865,66.29,65.597,64.785,63.867,62.763,61.421,60.023,58.737,57.569,56.518,55.58,54.722,53.997,53.481,53.024,52.731,52.532,52.43,52.541,52.727,52.954,53.127,53.284,53.456,53.52,53.509,53.465,53.421,53.393,53.408,53.471,53.555,53.666,53.802,53.976,54.31
78.917,72.637,66.979,62.166,58.173,54.798,52.174,50.276,49.066,48.682,48.937,49.668,50.642,51.695,52.735,53.659,54.349,54.868,54.981,54.852,54.609,54.284,54.033,53.977,54.122,54.511,55.086,55.838,56.935,58.362,59.662,60.644,61.282,61.19,60.384,59.37,58.558,58.191,58.321,58.875,59.698,60.57,61.306,61.857,62.14
66.079,63.175,60.637,58.5,56.753,55.379,54.331,53.682,53.394,53.587,54.358,55.198,55.958,56.683,56.892,56.951,56.959,56.942,56.896,56.863,56.809,56.68,56.56,56.356,56.169,55.991,55.765,55.437,54.964,54.404,53.802,53.152,52.351,51.227,49.785,48.187,46.934,46.31,46.132,46.247,46.739,47.537,48.522,49.443,50.374
62.125,59.276,56.841,54.837,53.186,51.971,51.108,50.671,50.705,51.228,51.638,51.861,51.747,51.231,50.785,50.654,50.847,51.389,52.344,53.41,54.461,55.343,55.865,56.1,56.102,55.807,55.309,55.015,54.972,55.038,55.228,55.513,55.808,56.065,56.184,56.045,55.709,55.409,55.184,55.127,55.488,56.077,56.743,57.355,57.783
79.058,76.784,74.889,73.326,72.072,71.152,70.618,70.287,70.346,70.874,71.608,72.257,73.002,73.148,73.09,72.97,72.848,72.793,72.784,72.758,72.654,72.61,72.466,72.224,72.04,71.998,72.229,72.788,73.687,74.566,75.292,75.78,75.92,75.383,74.315,72.622,70.794,69.302,68.375,68.052,68.171,68.93,69.804,70.843,71.952
89.774,89.59,89.203,88.026,86.759,85.326,84.068,83.362,83.134,83.421,84.141,85.095,86.204,87.437,88.854,90.255,91.487,92.251,92.471,92.176,91.425,89.966,87.906,85.902,84.246,83.257,82.801,82.974,83.916,85.271,86.735,87.897,88.866,89.611,89.687,89.19,88.314,87.308,86.413,85.748,85.632,86.013,86.587,87.226,87.864
74.676,71.31,68.158,65.32,62.697,60.359,58.249,56.417,54.801,53.444,52.324,51.449,50.893,50.672,50.751,50.797,50.933,51.151,51.449,51.818,52.368,53.213,54.32,55.488,56.692,58.243,59.648,60.705,61.586,62.248,62.624,62.764,62.504,61.818,60.78,59.669,58.76,58.212,57.971,57.905,58.004,58.254,58.675,59.193,59.817
71.488,68.896,66.514,64.442,62.676,61.107,59.781,58.729,57.958,57.502,57.348,57.39,57.577,57.777,57.998,58.289,58.701,59.258,59.942,60.618,61.182,61.426,61.633,61.844,62.05,62.208,62.337,62.358,62.29,62.197,62.13,61.999,61.231,60.491,59.658,58.741,58.042,57.667,57.528,57.432,57.461,57.634,57.94,58.243,58.676
109.05,108.64,107.67,106.41,104.33,100.85,95.625,89.18,83.021,78.103,74.088,70.697,67.699,64.992,62.512,60.749,59.415,58.438,57.943,57.951,58.341,58.886,59.436,59.845,60.104,60.069,59.98,59.852,59.845,59.957,60.294,60.891,61.793,63.021,64.739,66.672,68.739,70.859,73.043,75.036,76.832,78.352,79.762,81.238,82.75
107.43,99.87,93.107,86.927,81.564,76.782,72.788,69.486,66.729,64.722,63.387,62.882,63.102,64.548,66.565,68.52,70.343,72.364,74.081,75.289,76.01,76.194,75.703,74.82,73.928,73.076,72.245,71.637,71.255,71.175,71.25,71.427,71.518,71.458,71.248,71.065,71.233,71.718,72.662,73.906,75.4,77.057,78.803,80.305,81.364
79.511,76.204,73.194,70.514,68.176,66.164,64.431,63.001,61.923,61.343,61.094,60.845,60.757,60.659,60.577,60.554,60.592,60.68,60.802,60.974,61.069,61.126,61.165,61.202,61.232,61.25,61.304,61.401,61.625,62.077,62.485,62.964,63.447,63.857,64.004,63.887,63.728,63.667,63.796,64.172,65.088,66.81,68.781,70.639,72.28
69.637,69.583,69.137,68.481,67.633,66.415,64.768,62.282,58.623,54.579,50.912,47.854,45.437,43.668,42.2,40.989,39.972,39.218,38.579,38.021,37.622,37.398,37.363,37.31,37.181,37.075,37.06,37.11,37.26,37.592,38.038,38.452,38.786,38.94,38.947,39.07,39.37,39.859,40.939,42.362,44.213,46.128,48.117,50.124,52.012
61.865,58.116,54.733,51.682,48.893,46.491,44.376,42.611,41.123,39.993,39.191,38.671,38.312,38.181,38.18,38.257,38.416,38.613,38.836,39.06,39.222,39.404,39.627,39.851,40.092,40.471,40.849,41.6,42.628,43.943,45.284,46.577,47.85,48.971,49.782,50.411,50.833,50.912,50.578,49.918,49.012,48.018,47.147,46.492,46.352
1.985,1.8487,1.7389,1.6608,1.6174,1.6076,1.6307,1.6859,1.7649,1.8969,2.0851,2.2777,2.4376,2.5594,2.6332,2.6062,2.4878,2.3282,2.1301,1.9273,1.7342,1.6011,1.5508,1.5479,1.5932,1.6506,1.7234,1.8271,1.9291,2.012,2.0794,2.1448,2.2125,2.3214,2.5449,2.8897,3.2432,3.5719,3.872,4.1353,4.3295,4.4577,4.4865,4.3931,4.2267
60.427,58.787,57.458,56.431,55.788,55.408,55.326,55.587,56.16,57.166,58.562,60.14,61.659,62.928,63.872,64.503,64.916,65.092,65.07,64.816,64.406,64.027,63.778,63.805,64.025,64.214,64.385,64.477,64.357,63.953,63.14,61.918,60.125,57.777,55.157,52.58,50.198,48.123,46.361,44.961,44.18,43.827,43.987,44.451,45.288
65.645,64.923,64.236,63.59,62.98,62.407,61.874,61.379,60.921,60.499,60.118,59.77,59.459,59.19,58.96,58.771,58.623,58.528,58.486,58.5,58.552,58.634,58.703,58.929,59.418,60.096,60.97,62.143,63.689,65.454,67.382,69.359,71.355,73.279,75.168,77.07,79.013,80.981,82.981,84.919,86.746,88.42,90.094,91.675,93.095
74.713,72.362,70.331,68.601,67.221,66.165,65.413,64.964,64.871,65.162,65.691,66.375,67.291,68.363,69.583,70.847,72.075,73.165,73.982,74.668,74.863,74.974,74.955,74.726,74.319,73.793,73.213,72.532,71.847,70.95,69.78,68.38,66.768,65.13,63.695,62.517,61.586,60.849,60.272,59.905,59.782,59.794,59.914,60.186,60.459
65.008,63.384,61.894,60.522,59.284,58.174,57.18,56.332,55.587,54.983,54.486,54.144,53.984,53.956,53.991,54.121,54.282,54.409,54.516,54.609,54.69,54.748,54.861,55.114,55.348,55.557,55.795,56.102,56.407,56.644,56.793,56.862,56.846,56.696,56.375,55.908,55.326,54.754,54.315,53.92,53.578,53.267,52.959,52.679,52.505
62.524,62.387,62.366,62.447,62.61,62.859,63.164,63.557,64.059,64.604,65.049,65.271,65.282,65.105,64.853,64.56,64.503,64.966,65.753,66.762,67.876,68.91,69.781,70.511,71.015,71.235,70.995,70.302,69.136,67.617,65.834,64.115,62.465,61.012,59.94,59.164,58.711,58.579,58.703,58.815,58.921,58.947,58.892,58.734,58.553
69.179,65.549,62.396,59.631,57.378,55.541,54.147,53.225,52.637,52.594,53.21,54.353,55.593,56.622,57.173,57.254,56.753,56.004,55.239,54.713,54.778,55.362,56.181,56.992,57.497,57.695,57.821,57.582,56.982,56.281,55.709,55.205,54.958,54.959,55.071,54.971,54.64,53.992,53.243,52.52,51.839,51.136,50.459,50.081,49.944
64.37,60.789,57.663,54.928,52.69,50.877,49.51,48.486,48.014,48.126,48.608,49.158,49.587,49.758,49.92,50.131,50.558,51.233,52.072,53.241,54.428,55.435,55.594,55.403,55.164,54.331,53.358,52.4,51.467,50.578,49.805,49.437,49.175,48.962,48.781,48.636,48.533,48.476,48.493,48.617,48.873,49.221,49.571,49.931,50.282
73.891,73.623,73.141,72.267,70.99,69.209,66.937,64.399,62.011,60.096,58.581,57.42,56.68,56.289,56.221,56.523,57.031,57.557,58.015,58.372,58.656,58.861,58.921,58.88,58.748,58.659,58.743,59.072,59.604,60.197,60.85,61.556,62.266,62.855,63.289,63.527,63.587,63.432,63.085,62.762,62.66,62.78,63.092,63.566,64.149
76.677,73.173,69.942,67.086,64.578,62.432,60.649,59.245,58.176,57.45,57.053,57.262,58.096,59.145,60.373,61.407,62.238,62.838,63.113,63.036,62.691,62.216,61.628,61.199,61.051,61.25,61.602,62.179,63.14,64.177,65.055,65.738,66.145,66.214,65.635,64.391,62.865,61.336,60.057,58.961,57.986,57.136,56.483,56.015,55.716
41.018,41,40.942,40.82,40.614,40.381,40.176,39.997,39.845,39.767,39.678,39.532,39.343,39.117,38.807,38.396,37.746,36.925,36.064,35.312,34.672,34.137,33.657,33.208,32.858,32.673,32.575,32.603,32.746,33.039,33.381,33.743,34.058,34.223,34.225,34.074,33.794,33.496,33.276,33.181,33.078,33.037,33.16,33.355,33.589
82.923,82.853,82.64,82.323,81.883,81.335,80.594,79.658,78.536,77.187,75.64,73.891,71.88,69.599,66.998,64.134,61.24,58.617,56.423,54.512,52.875,51.423,50.249,49.541,49.078,48.979,49.22,49.747,50.475,51.181,52.145,53.069,53.76,54.164,54.376,54.557,54.804,55.161,55.841,56.784,58.093,59.743,61.585,63.471,65.264
63.34,62.279,61.482,60.927,60.666,60.617,60.839,61.275,62.046,63.168,64.492,65.804,67.075,68.26,69.357,70.347,71.241,72.016,72.649,73.035,73.124,73.046,72.973,72.862,72.734,72.513,72.166,71.719,71.218,70.626,69.853,68.947,67.739,66.41,65.164,64.225,63.382,62.502,61.64,60.73,59.752,58.835,58.033,57.409,56.758
78.086,77.404,76.81,76.293,75.858,75.471,75.142,74.849,74.6,74.391,74.229,73.995,73.51,73.009,72.674,72.4,72.439,73.072,74.13,75.484,76.869,78.21,79.364,80.662,81.858,82.999,83.759,83.979,83.889,83.214,80.736,77.549,73.292,69.319,66.49,64.905,64.38,64.641,65.948,67.902,69.534,71.062,72.472,73.118,72.907
74.696,70.134,66.063,62.468,59.367,56.737,54.522,52.817,51.526,50.696,50.487,50.611,51.012,51.464,51.761,52.037,52.184,52.283,52.346,52.38,52.388,52.389,52.376,52.358,52.358,52.403,52.496,52.666,52.935,53.232,53.557,53.908,54.178,54.352,54.411,54.468,54.703,55.163,55.867,56.761,58.019,59.609,61.164,62.62,64.048
72.182,72.147,72.099,72.094,72.114,72.143,72.177,72.004,71.751,71.449,71.13,70.761,70.344,69.814,69.169,68.349,67.276,65.928,64.238,62.421,60.6,58.863,57.265,56.046,55.149,54.427,53.8,53.29,52.781,52.391,52.375,52.45,52.544,52.64,52.725,52.796,52.892,53.046,53.208,53.397,53.764,54.354,55.099,56.346,57.905
100.08,96.721,93.759,91.127,88.76,86.801,85.181,83.878,82.905,82.412,82.173,81.936,82.04,82.207,82.681,83.436,84.993,86.786,88.756,90.549,91.889,92.837,93.366,93.49,93.464,93.316,93.095,92.852,92.895,92.549,92.016,91.106,89.761,87.619,85.029,82.482,80.418,78.752,77.895,77.331,77.326,77.739,78.608,79.582,80.63
83.86,81.056,78.604,76.482,74.686,73.241,72.052,71.195,70.692,70.601,70.779,71.087,71.475,71.886,72.346,72.839,73.32,73.713,73.985,74.125,74.304,74.534,74.751,74.926,75.132,75.377,75.775,76.318,76.871,77.282,77.421,77.295,76.831,76.105,75.156,74.037,73.02,72.342,71.847,71.475,71.343,71.536,71.778,71.969,72.052
63.725,61.402,59.331,57.498,55.879,54.498,53.359,52.45,51.729,51.213,50.923,51.016,51.728,52.798,53.868,54.807,55.682,56.512,57.482,58.404,59.194,59.643,59.925,60.091,60.017,59.705,59.192,58.389,57.328,56.041,54.396,52.428,50.064,46.822,42.547,37.782,33.741,30.562,28.364,26.601,25.136,24.018,23.355,23.229,23.516
65.796,62.809,60.135,57.741,55.661,53.908,52.422,51.231,50.382,49.793,49.732,49.879,50.078,50.244,50.387,50.444,50.423,50.352,50.276,50.238,50.295,50.422,50.615,50.871,51.212,51.607,52.085,52.69,53.065,52.849,52.316,51.177,49.106,46.309,42.686,39.212,36.53,34.707,33.958,33.55,33.829,34.705,36.119,37.409,38.584
66.595,62.304,58.459,55.119,52.081,49.597,47.494,45.794,44.602,43.833,43.69,43.859,44.301,44.894,45.555,46.24,46.893,47.463,47.925,48.261,48.524,48.795,49.145,49.623,50.146,50.596,51.089,51.72,52.297,52.726,52.872,52.773,52.398,51.665,50.629,49.693,48.925,48.302,47.912,47.719,47.674,47.899,48.398,49.09,49.87
86.555,83.691,81.053,78.591,76.35,74.414,72.648,71.081,69.765,68.646,67.772,67.117,66.735,66.719,66.908,67.159,67.488,67.967,68.565,69.15,69.691,70.172,70.468,70.689,70.896,71.036,71.154,71.211,71.031,70.779,70.428,69.686,68.66,67.379,66.048,64.869,63.903,63.167,62.644,62.301,62.125,62.227,62.618,63.11,63.64
63.417,61.133,59.141,57.454,56.016,54.837,53.93,53.261,52.933,52.959,53.068,53.22,52.969,52.5,51.915,51.378,51.048,50.924,50.934,51.064,51.155,51.203,51.308,51.574,52.213,53.09,54.195,55.726,57.428,58.784,59.849,60.352,59.904,58.935,57.413,56.132,55.472,55.141,55.109,55.344,55.712,56.025,56.393,56.782,56.915
76.285,70.492,65.604,61.408,57.982,55.431,53.538,52.524,52.533,53.467,54.6,55.632,56.284,56.571,56.512,56.277,56.045,55.925,55.959,56.06,56.139,56.087,55.796,55.442,55.235,55.323,55.708,56.308,57.274,58.282,59.176,59.951,60.545,60.619,59.573,58.421,57.025,55.852,54.737,53.845,53.109,52.664,52.43,52.415,52.537
73.041,72.876,72.791,72.884,73.12,73.455,73.791,74.294,75.019,75.524,75.565,75.28,74.282,72.474,69.935,66.689,63.863,61.835,60.652,60.18,60.22,60.731,61.742,62.826,64.011,65.413,66.961,68.481,69.814,70.929,71.769,72.29,72.591,72.621,72.312,71.681,70.933,70.276,69.913,69.862,70.158,70.819,71.644,72.348,73
81.822,78.186,74.945,72.151,69.739,67.787,66.244,65.118,64.414,64.323,64.705,65.404,66.248,67.066,67.812,68.391,68.664,68.73,68.551,68.157,67.707,67.398,67.333,67.821,68.314,68.782,69.287,69.613,69.727,69.534,69.023,68.282,67.359,66.243,64.856,63.062,60.958,58.683,56.517,54.921,53.652,52.915,52.591,52.652,52.818
69.333,68.397,67.681,67.231,67.073,67.101,67.397,67.971,68.766,69.873,71.053,72.319,73.611,74.85,75.9,76.704,77.323,77.545,77.411,77.056,76.595,76.064,75.22,74.148,72.791,71.057,69.645,68.183,66.492,64.787,63.177,61.885,60.969,60.627,60.602,60.721,61.037,61.496,61.99,62.553,63.171,63.702,64.154,64.571,65.049
83.224,77.402,72.334,68.145,64.613,61.723,59.649,58.254,57.589,57.698,58.766,60.367,62.148,64.037,65.619,66.876,67.761,68.382,68.77,68.999,69.056,68.867,68.535,67.908,67.299,66.681,66.069,65.471,64.841,64.133,63.374,62.564,61.638,60.576,59.087,57.519,56.39,55.653,55.109,54.814,54.749,54.943,55.501,56.262,57.12
69.653,67.001,64.65,62.706,61.113,59.813,58.898,58.291,57.959,58.066,58.72,59.675,60.711,61.716,62.281,62.495,62.288,61.754,60.88,59.888,59.008,58.33,58.183,58.637,59.6,61.375,63.423,65.963,68.842,71.418,73.457,74.698,74.903,73.853,71.15,67.437,63.152,58.97,55.332,52.252,49.735,48.101,47.469,47.477,47.884
73.549,69.338,65.588,62.456,59.913,57.89,56.276,55.23,54.626,54.678,55.416,56.392,57.42,58.427,59.36,60.108,60.593,60.774,60.66,60.148,59.39,58.35,57.236,56.382,55.783,55.395,55.277,55.551,56.006,56.301,56.43,56.353,56.015,55.388,54.54,53.851,53.454,53.361,53.647,53.936,54.246,54.723,55.108,55.246,55.216
68.284,65.37,62.809,60.634,58.8,57.397,56.208,55.452,55.06,55.124,55.616,56.118,56.569,56.947,57.283,57.587,57.82,57.927,57.933,57.908,57.951,58.102,58.42,58.819,59.241,59.841,60.546,61.251,61.797,62.154,62.246,62.028,61.495,60.647,59.632,58.777,58.179,58.011,57.957,58.001,58.066,58.06,57.934,57.792,57.677
80.152,76.161,72.64,69.563,67.086,65.007,63.464,62.34,61.73,61.656,62.471,63.499,64.573,65.338,65.829,65.874,65.706,65.453,65.3,65.546,66.072,67.165,68.749,70.502,72.147,73.911,75.824,77.525,78.713,79.233,79.145,78.454,76.746,73.597,69.634,65.901,63.044,61.375,60.586,60.239,60.54,61.267,62.348,63.768,65.544
67.163,67.151,67.121,67.074,67.006,66.919,66.816,66.696,66.56,66.395,66.161,65.897,65.522,65.138,64.716,64.248,63.85,63.554,63.227,62.786,62.21,61.717,61.253,60.817,60.392,59.98,59.599,59.218,58.865,58.498,58.012,57.307,56.664,56.143,55.77,55.533,55.421,55.557,55.92,56.539,57.189,58.02,58.973,59.861,60.604
65.252,61.625,58.529,55.809,53.608,51.877,50.648,49.881,49.578,49.908,50.634,51.755,53.067,54.417,55.644,56.643,57.322,57.753,58.019,58.275,58.742,59.636,60.997,62.522,63.996,65.238,66.082,66.427,66.139,65.544,64.424,63.089,61.806,60.679,59.777,59.37,59.255,59.422,59.498,59.923,60.332,60.717,60.882,61.08,61.339
74.791,73.1,71.434,69.96,68.596,67.365,66.265,65.304,64.433,63.682,63.105,62.642,62.305,62.02,61.716,61.481,61.421,61.526,61.793,62.267,62.797,63.307,63.638,63.723,63.798,63.851,63.795,63.626,63.468,63.28,63.075,62.947,62.926,62.803,62.56,62.03,61.384,60.73,60.2,59.857,59.626,59.437,59.432,59.633,59.867
89.086,84.815,80.883,77.379,74.307,71.616,69.251,67.296,65.71,64.492,63.752,63.258,62.93,62.782,62.884,63.325,64.161,65.086,66.115,67.093,67.863,68.289,68.522,68.547,68.658,68.857,69.028,69.541,70.419,71.075,71.543,71.813,71.785,71.135,69.673,67.979,66.427,65.12,64.029,63.146,62.508,62.127,62.047,62.367,62.956
84.986,81.624,78.631,76.189,74.287,72.819,71.782,71.268,71.232,71.672,72.277,72.88,73.362,73.719,73.97,74.132,74.279,74.564,75.087,76.088,77.42,79.166,81.236,83.342,85.356,87.356,89.155,90.451,90.796,90.491,89.282,87.185,84.56,80.86,77.258,74.201,72.075,70.6,69.746,69.552,69.997,70.731,71.732,72.78,73.772
75.483,72.813,70.596,68.777,67.338,66.325,65.714,65.453,65.628,66.316,67.362,68.63,69.956,71.254,72.423,73.391,74.229,74.812,75.107,75.235,75.329,75.477,75.59,75.772,76.169,76.615,76.924,76.944,76.749,76.179,75.112,73.744,71.536,69.324,67.459,65.957,64.658,63.48,62.607,62.053,62.076,62.353,62.894,63.773,64.682
55.847,52.853,50.304,48.059,46.253,44.802,43.729,42.998,42.722,42.85,43.248,43.818,44.427,44.984,45.453,45.859,46.227,46.559,46.855,47.058,47.11,47.006,46.758,46.382,46.027,45.704,45.359,45.12,45.004,44.929,44.996,45.194,45.461,45.755,46.114,46.57,47.105,47.696,48.189,48.494,48.591,48.528,48.33,48.072,47.719
