75.056,71.907,68.615,66.11,64.16,62.781,61.625,60.705,60.073,59.696,59.641,60.241,61.225,62.149,63.222,64.049,64.882,65.685,66.696,67.61,68.896,70.12,70.989,71.593,71.941,72.145,72.258,72.386,72.637,72.931,73.344,74.09,74.489,74.517,74.408,74.104,73.544,72.702,70.906,67.363,63.776,61.501,59.877,58.659,57.875,57.364,57.026,57.118,57.791,58.873,59.717,60.651,61.583,62.663,63.547,64.497,65.212,65.994,66.382,66.404,66.238,65.964,65.653,65.306,65.111,65.019,65.079,65.131,65.693,66.117,66.295,66.462,66.63,66.849,67.086,67.256,67.295,,,,
80.255,77.16,74.675,72.476,70.736,69.081,67.912,66.728,65.774,65.045,64.654,64.515,64.666,65.142,66.19,67.136,67.894,68.55,68.881,68.923,68.778,68.544,68.277,68.185,68.186,68.444,68.774,68.888,68.983,69.089,69.229,69.325,69.384,69.221,68.794,68.186,67.298,66.448,65.593,65.092,64.873,64.842,64.883,65.008,65.156,65.453,65.791,66.573,67.242,67.713,68.193,68.66,69.095,69.578,69.991,70.559,71.08,71.285,71.407,,,,,,,,,,,,,,,,,,,,,,
71.746,70.761,69.803,68.964,68.196,67.392,66.637,65.907,65.401,64.96,64.656,64.407,64.21,64.06,63.983,64.051,64.263,64.668,64.874,65.106,65.268,65.388,65.638,66.027,66.516,67.198,67.892,68.514,68.833,69.047,69.223,69.406,69.486,69.478,69.25,68.738,68.187,67.442,66.558,65.352,64.028,62.389,60.171,58.476,57.151,56.598,56.466,56.442,56.492,56.862,57.453,58.128,58.672,59.313,60.004,60.561,61.025,61.42,61.904,62.401,63.034,63.642,64.401,65.091,65.552,65.845,66.05,66.177,66.197,,,,,,,,,,,,
88.619,83.186,79.09,75.144,72.327,69.924,67.677,65.714,63.654,61.878,60.679,60.115,60.132,60.355,60.876,61.649,62.832,64.21,66.239,68.08,70.16,71.471,72.516,73.389,74.042,74.435,74.465,74.609,74.625,74.656,75.141,75.467,75.643,75.657,75.592,75.594,75.326,74.408,72.496,69.669,67.266,64.912,63.183,61.927,60.866,60.032,59.581,59.769,60.297,61.24,62.103,63.303,64.797,66.765,68.608,70.842,72.779,74.538,75.947,77.193,78.185,78.687,78.72,78.29,77.344,76.216,75.435,75.182,75.08,75.279,76.004,77.381,78.622,79.86,81.085,81.418,,,,,
73.507,69.07,65.558,62.82,60.629,58.694,57.258,55.729,54.684,54.093,54.165,54.693,55.299,56.189,57.106,58.07,58.826,59.252,59.248,59.024,58.919,58.991,59.341,60.003,61.289,62.684,64.138,65.879,66.942,67.604,68.336,68.754,68.701,68.01,67.005,65.748,64.657,63.717,62.769,62.062,61.701,61.814,62.268,62.829,63.501,64.088,64.736,65.633,66.744,67.642,68.41,69.224,69.805,70.439,71.036,71.916,72.8,74.224,75.42,76.3,77.078,77.689,78.043,78.281,78.344,,,,,,,,,,,,,,,,
79.524,76.858,73.976,71.635,69.269,67.447,65.441,63.562,62.03,61.144,60.362,59.874,59.572,59.495,59.752,60.442,61.399,62.419,63.103,63.614,64.112,64.417,64.609,64.686,64.659,64.635,64.722,64.932,65.118,65.219,65.344,65.569,65.884,66.213,66.376,66.312,65.976,65.401,64.362,63.052,61.544,59.431,57.591,55.804,54.157,53.128,52.47,52.079,51.839,51.729,51.875,52.201,52.672,53.333,54.284,55.162,55.817,56.385,56.887,57.375,57.962,58.588,59.081,59.611,60.204,60.648,61.03,61.339,61.564,61.743,61.923,62.007,,,,,,,,,
69.614,68.046,66.619,65.094,63.812,62.48,61.47,60.835,60.407,60.078,59.944,59.953,60.304,60.959,61.686,62.429,62.976,63.269,63.388,63.422,63.407,63.37,63.224,63.006,62.828,62.757,62.787,62.902,63.1,63.374,63.644,63.951,64.524,65.266,65.726,65.916,65.993,65.95,65.69,65.061,63.705,62.226,60.535,59.48,58.898,58.417,58.05,57.827,57.752,57.939,58.352,58.776,59.242,59.637,59.939,60.078,60.158,60.236,60.369,60.743,61.155,61.509,61.75,61.87,61.941,61.941,61.9,61.927,62.034,62.189,62.321,62.361,,,,,,,,,
76.096,74.057,72.589,71.264,70.153,69.157,67.986,67.173,66.498,66.107,66.035,66.23,66.494,66.892,67.304,67.826,68.351,68.792,69.08,69.342,69.566,69.85,70.162,70.629,70.95,71.074,71.041,71.021,71.056,71.142,71.284,71.549,71.671,71.672,71.496,71.225,70.938,70.506,69.911,68.748,67.449,65.566,64.132,63.393,62.918,62.601,62.457,62.475,62.479,62.455,62.442,62.525,62.74,62.62,62.559,62.63,62.871,63.303,63.871,64.564,65.309,65.715,66.001,66.044,65.879,65.587,65.345,64.987,64.604,64.362,64.315,64.291,64.309,,,,,,,,
75.414,72.936,70.678,68.26,66.401,64.293,62.612,61.51,60.758,60.238,59.927,59.849,60.067,60.741,61.998,63.249,64.498,65.459,66.063,66.444,66.609,66.548,66.239,65.638,64.775,63.935,63.381,63.017,62.944,62.989,63.144,63.451,64.071,65.04,65.729,65.983,66.098,66.15,65.921,65.244,63.93,62.043,59.474,57.32,55.958,55.159,54.503,53.978,53.536,53.215,53.132,53.389,53.964,54.541,55.278,56.194,56.908,57.543,58.036,58.433,58.598,58.562,58.351,58.004,57.587,57.088,56.548,56.205,55.951,55.587,55.487,55.735,55.88,55.972,56.059,56.157,56.263,56.473,56.527,,
83.443,80.031,76.888,74.013,71.406,68.734,65.921,63.651,61.845,60.687,60.017,59.662,59.624,59.813,60.351,61.072,62.154,63.134,63.988,64.87,65.698,66.322,66.818,67.32,67.811,68.193,68.454,68.603,68.702,68.775,68.876,69.053,69.293,69.493,69.503,69.352,69.038,68.587,68.09,67.232,66.324,64.917,63.164,61.907,61.094,60.697,60.534,60.434,60.467,60.643,60.823,61.04,61.467,61.831,62.147,62.44,62.8,63.126,63.551,63.972,64.352,64.726,64.913,65.06,65.223,65.659,65.834,66.097,66.591,67.612,68.476,69.024,69.252,69.318,,,,,,,
66.694,63.639,60.936,58.658,57.284,56.113,55.107,54.337,53.764,53.36,53.306,53.761,54.171,54.681,55.229,55.75,56.376,57.14,58.085,58.817,59.772,60.456,60.845,61.092,61.305,61.549,61.834,62.262,62.895,63.263,63.564,63.863,64.066,64.01,63.856,63.499,62.68,61.518,59.642,57.769,56.082,54.742,53.551,52.58,51.846,51.223,50.892,50.838,51.104,51.644,52.057,52.405,52.816,53.362,53.621,53.819,53.887,53.846,53.85,54.007,54.24,54.608,55.051,55.493,55.964,56.352,56.776,57.213,57.615,58.175,58.736,59.084,59.324,59.439,59.548,,,,,,
64.046,62.371,61.056,60.065,59.349,58.934,58.693,58.622,58.75,59.203,60.05,61.427,62.902,64.321,65.564,66.579,67.279,67.816,68.1,68.285,68.293,68.03,67.628,67.074,66.466,65.853,65.334,64.974,64.692,64.369,64.177,64.087,63.951,63.717,63.477,63.242,62.927,62.475,61.737,60.86,59.717,58.677,57.722,56.933,56.31,55.77,55.496,55.417,55.619,56.194,57.089,58.043,58.915,60.081,61.744,63.323,64.721,65.805,66.571,67.183,67.678,68.099,68.43,68.552,,,,,,,,,,,,,,,,,
62.116,59.879,58.18,56.591,55.031,53.867,53,52.654,52.604,52.892,53.632,54.667,55.942,57.004,57.641,58.012,58.309,58.545,58.764,58.861,58.878,58.854,58.758,58.647,58.409,58.22,58.127,58.117,58.289,58.865,59.523,59.884,60.088,60.281,59.889,58.785,57.136,55.409,53.408,52.176,51.359,50.866,50.609,50.561,50.714,51.007,51.671,52.364,52.83,53.358,54.125,55.001,56.137,57.168,58.361,59.069,59.427,59.53,59.522,59.476,59.31,58.998,59.155,59.285,,,,,,,,,,,,,,,,,
66.681,63.065,60.423,58.175,56.429,55.222,54.271,53.589,53.117,53.136,53.668,54.681,55.674,56.973,58.151,59.337,60.134,60.962,61.962,62.57,62.982,63.009,62.77,62.504,62.099,61.55,61.127,60.804,60.604,60.485,60.552,60.917,61.45,61.829,61.836,61.876,61.905,61.837,61.223,59.299,56.629,54.539,52.56,51.024,49.993,49.267,48.862,48.614,48.834,49.333,49.845,50.449,51.337,52.4,53.661,54.829,55.945,57.002,57.824,58.431,59.15,59.861,60.588,61.416,62.083,62.505,62.645,,,,,,,,,,,,,,
69.751,66.515,64.065,61.733,59.458,57.072,55.271,53.65,52.617,51.918,51.288,51.141,51.337,51.638,52.232,53.175,54.079,55.239,56.166,57.233,58.134,59.186,60.001,60.981,62.007,62.742,63.194,63.6,63.878,64.191,64.55,64.866,65.084,65.148,64.988,64.508,63.477,62.514,60.929,59.183,57.287,55.506,53.587,51.95,50.586,49.589,48.981,48.372,48.187,48.213,48.536,48.941,49.725,50.401,51.019,51.536,51.833,51.843,51.721,51.352,50.811,50.339,49.994,49.857,49.984,50.148,50.377,50.735,51.435,52.139,52.762,53.086,53.255,53.293,,,,,,,
59.092,56.466,54.044,51.856,49.864,48.19,46.902,46.111,45.651,45.439,45.647,46.241,47.063,47.744,48.109,48.362,48.608,48.885,49.29,49.923,50.823,51.828,52.869,53.667,54.04,54.252,54.507,54.545,54.302,53.873,53.225,52.52,51.687,50.785,49.911,48.56,46.765,45.499,44.603,44.294,44.119,44.13,44.308,44.47,44.508,44.741,45.052,44.984,45.014,45.153,45.509,46.152,47.194,49.205,51.046,52.728,53.936,54.639,54.807,54.876,,,,,,,,,,,,,,,,,,,,,
85.929,82.505,79.554,76.907,74.561,72.16,70.202,68.514,67.16,66.343,65.984,66.115,66.59,67.165,67.899,68.955,70.053,71.58,72.958,74.279,75.52,76.395,77.001,77.302,77.211,76.901,76.524,76.265,76.384,76.591,76.644,76.844,77.286,77.778,77.911,77.87,77.252,76.156,74.709,72.396,69.964,67.746,65.52,63.824,61.829,60.42,59.179,58.484,58.086,58.16,58.683,59.564,60.803,62.461,64.112,65.319,66.556,67.628,68.314,68.846,69.156,69.417,69.765,70.338,71.054,71.944,72.918,73.947,75.151,76.3,76.952,77.06,,,,,,,,,
85.043,80.997,77.808,74.39,71.885,69.192,67.137,65.364,63.919,63.043,62.624,62.644,63.143,64.149,65.204,66.466,68.055,69.164,69.477,69.445,69.069,68.413,67.759,67.036,66.869,66.986,67.463,67.9,68.442,68.92,69.499,70.043,70.574,71.198,71.739,72.407,72.76,73.03,73.277,73.389,73.261,72.6,71.755,70.693,69.756,69.014,68.307,67.749,67.263,66.964,66.821,66.967,67.387,67.941,68.551,69.227,69.895,70.654,71.181,71.741,72.025,72.453,73.052,73.587,74.055,74.871,75.621,76.027,76.509,76.987,77.279,77.391,,,,,,,,,
83.784,80.905,78.482,76.179,74.348,72.461,70.849,69.134,67.838,66.658,65.958,65.492,65.322,65.169,64.962,64.638,63.864,62.903,61.789,60.893,60.044,59.313,58.723,58.362,58.403,58.922,59.969,60.951,61.555,61.829,62.287,62.622,62.841,62.904,62.785,62.56,62.281,61.901,61.677,61.509,61.294,60.804,60.177,59.42,58.664,58.141,57.872,57.852,57.98,58.366,58.869,59.585,60.526,61.635,62.943,63.946,64.51,64.861,64.859,64.713,64.483,64.335,64.229,64.382,64.653,65.045,65.289,65.445,65.713,65.963,66.128,66.189,,,,,,,,,
73.003,69.553,67.204,64.931,63.415,61.698,60.436,59.25,58.243,57.652,57.436,57.456,57.674,58.211,59.104,59.998,60.795,61.535,62.146,62.645,62.949,63.101,63.098,62.921,62.714,62.423,62.159,61.864,61.545,61.146,60.72,60.212,59.706,58.979,58.26,57.256,56.117,55.057,54.144,53.541,53.352,53.322,53.391,53.652,54.072,54.794,55.574,56.701,57.885,59.086,60.033,60.942,61.69,62.336,62.87,63.298,63.619,63.884,64.104,64.248,64.349,64.455,64.655,64.718,,,,,,,,,,,,,,,,,
86.318,83.286,79.621,76.159,73.443,71.591,70.402,69.557,69.218,69.155,69.546,71.049,72.897,75.339,77.212,78.872,80.225,81.122,81.619,81.613,81.505,81.537,81.693,81.933,82.218,82.485,82.908,83.607,84.95,86.394,87.149,87.28,87.049,86.471,85.267,82.92,78.665,74.574,71.155,68.527,66.547,65.153,63.858,64.154,65.718,67.465,69.192,71.141,72.625,74.038,75.467,76.548,77.496,78.016,78.282,78.491,78.761,79.191,79.763,80.407,80.758,80.84,81.026,81.533,82.175,82.701,82.98,,,,,,,,,,,,,,
85.562,81.078,77.074,73.683,71.258,69.512,67.925,66.636,65.632,65.416,66.136,66.83,67.456,68.177,68.736,69.06,69.439,70.222,71.139,72.284,73.375,74.299,75.253,75.748,75.964,75.695,75.373,75.084,75.232,75.545,75.787,76.022,76.476,77.101,76.924,75.796,74.117,72.198,70.069,67.298,65.009,62.244,60.442,59.379,58.743,58.361,58.313,58.615,58.656,58.708,58.873,59.111,59.513,60.207,61.113,62.407,64.184,65.79,67.235,68.081,68.482,69.011,69.141,,,,,,,,,,,,,,,,,,
79.502,78.06,77.131,76.303,75.572,74.915,74.234,73.682,73.141,72.764,72.543,72.502,72.608,72.85,73.194,73.522,73.699,73.755,73.844,73.925,74.048,74.287,74.624,74.945,75.367,75.985,76.663,77.374,78.288,79.422,80.35,80.916,81.227,81.362,81.127,80.361,79.041,77.368,75.425,73.828,72.265,70.854,69.612,68.629,67.756,67.055,66.491,66.033,65.727,65.633,65.604,65.648,65.894,66.301,66.796,67.377,68.048,68.602,69.075,69.416,69.595,69.602,69.723,69.817,69.985,70.332,70.876,71.48,72.047,72.555,72.827,,,,,,,,,,
75.689,74.428,73.225,72.079,71.135,70.384,69.905,69.539,69.373,69.274,69.285,69.585,69.945,70.37,70.766,71.382,71.892,72.429,72.977,73.487,73.878,74.157,74.363,74.382,74.294,74.234,74.24,74.376,74.618,74.994,75.357,75.91,76.451,77.052,77.329,77.34,77.177,76.804,76.125,75.007,73.091,70.896,69.308,68.283,67.524,66.957,66.529,66.211,65.99,66.033,65.984,65.836,65.767,65.71,65.484,65.238,65.068,65.038,65.299,65.893,66.632,67.172,67.652,68.022,68.251,68.332,68.268,68.094,68.031,67.955,67.972,68.13,68.261,68.466,68.762,69.017,69.354,69.545,,,
73.385,72.092,71.187,70.101,69.073,68.097,67.33,66.737,66.271,65.862,65.601,65.38,65.281,65.234,65.203,65.142,65.143,65.185,65.281,65.435,65.719,66.064,66.345,66.747,67.106,67.472,68.143,69.013,69.516,69.557,69.284,68.667,67.662,66.215,64.701,62.961,61.532,60.703,60.043,59.679,59.508,59.593,60.127,61.147,62.09,63.265,64.421,65.309,66.095,66.879,67.505,67.822,67.879,67.626,67.319,67.101,66.86,66.707,66.511,66.384,66.418,,,,,,,,,,,,,,,,,,,,
70.104,67.258,64.638,62.25,60.724,59.155,58.444,57.765,57.243,57.085,57.411,58.489,59.805,60.943,61.935,62.715,63.178,63.354,63.239,62.871,62.033,61.135,60.208,59.382,58.743,58.196,57.698,57.218,56.942,56.807,57.103,57.77,58.443,58.849,59.076,59.284,59.359,59.139,58.438,57.362,56.334,55.383,54.792,54.625,54.554,54.617,54.943,55.699,56.626,57.245,57.742,58.254,58.605,58.692,58.623,58.462,58.293,58.321,58.601,59.155,59.756,60.466,61.247,62.039,62.968,63.64,64.303,64.943,65.434,65.766,65.881,,,,,,,,,,
69.876,67.973,65.683,63.673,61.982,60.285,59.006,58.225,57.68,57.242,56.937,56.997,57.403,58.131,58.55,59.017,59.366,59.881,60.662,61.619,62.582,63.425,63.938,64.301,64.633,64.913,65.297,65.69,66.579,67.295,67.689,67.723,67.371,66.553,64.787,62.052,59.308,56.555,54.716,54.092,54.071,54.317,55.013,56.041,57.332,58.984,60.39,61.513,62.367,62.832,63.028,62.867,62.374,61.862,61.398,61.187,61.241,61.567,62.045,62.9,64.163,65.564,66.296,66.472,,,,,,,,,,,,,,,,,
63.434,61.422,59.283,57.695,56.441,54.884,53.515,52.322,51.474,50.934,50.589,50.393,50.394,50.623,51.047,51.569,52.043,52.47,52.904,53.296,53.679,54.023,54.279,54.534,54.762,54.98,55.196,55.363,55.505,55.641,55.774,55.815,55.819,55.733,55.464,55.039,54.382,53.417,52.513,51.77,51.218,50.793,50.383,49.954,49.591,49.371,49.334,49.467,49.734,50.102,50.574,51.176,51.874,52.566,53.39,54.15,54.607,54.856,54.931,54.867,54.786,54.581,54.162,53.902,53.79,53.711,53.668,53.692,53.736,53.779,,,,,,,,,,,
63.486,61.22,59.562,57.825,55.959,54.366,53.216,52.371,51.703,51.097,50.648,50.414,50.385,50.819,51.41,51.846,52.269,52.621,52.886,53.045,53.199,53.264,53.256,53.235,53.234,53.309,53.474,53.754,54.069,54.328,54.588,54.778,54.873,54.902,54.877,54.807,54.702,54.516,54.228,53.773,53.306,52.742,52.314,51.914,51.539,51.192,50.852,50.603,50.362,50.228,50.229,50.342,50.49,50.718,51.007,51.419,51.8,52.265,52.817,53.212,53.47,53.621,53.689,53.67,53.587,53.453,53.25,52.961,52.742,52.541,52.409,52.36,52.503,52.747,53.053,53.39,53.73,54.333,54.92,55.415,55.596
79.144,75.305,71.701,68.89,66.734,65.041,63.564,62.377,61.35,60.648,60.543,60.895,61.483,62.115,63.018,63.913,64.677,65.7,66.631,67.334,68.001,68.414,68.795,69.16,69.571,70.104,70.628,71.426,72.028,72.429,72.684,72.779,72.613,71.708,70.164,68.16,65.934,64.174,62.707,61.631,60.926,60.687,60.892,61.167,61.521,61.992,62.707,63.249,63.72,64.148,64.57,65.092,65.734,66.357,67.181,68.239,69.046,69.458,,,,,,,,,,,,,,,,,,,,,,,
70.896,68.202,65.792,63.813,62.565,61.231,60.066,58.787,57.893,57.37,57.285,57.619,58.028,58.566,59.2,59.989,60.747,61.647,62.579,63.649,64.422,65.225,65.783,66.185,66.514,66.845,67.022,67.196,67.358,67.606,68.221,68.773,69.511,70.367,71.342,72.274,72.971,72.979,72.412,71.028,69.253,67.148,64.979,62.733,60.374,58.597,57.186,56.187,55.55,54.999,54.658,54.478,54.268,54.182,54.169,54.345,54.771,55.259,56,56.587,57.087,57.47,57.907,58.355,58.738,59.087,59.528,59.957,60.23,60.489,60.889,61.385,61.746,62.001,62.075,,,,,,
72.867,70.168,67.57,65.485,63.329,61.528,60.192,59.244,58.763,58.59,58.804,59.459,60.151,61.277,62.088,62.567,62.77,62.856,62.933,63.117,63.494,64.319,65.388,66.619,67.679,68.469,69.327,70.285,71.221,71.772,72.009,71.656,70.923,69.713,68.187,65.966,63.815,62.022,60.385,59.479,58.868,58.615,58.393,58.52,58.717,58.694,58.712,58.762,58.484,58.394,58.454,58.783,59.386,60.294,61.543,62.573,63.259,63.659,63.565,63.491,63.329,63.015,62.821,62.582,62.522,62.455,62.402,62.403,62.536,62.769,63.139,63.204,,,,,,,,,
67.691,67.304,66.985,66.568,66.112,65.546,64.889,64.114,63.45,62.733,62.074,61.276,60.49,59.823,59.314,59.054,58.962,59.037,59.246,59.519,59.816,60.16,60.492,60.912,61.4,61.911,62.667,63.495,64.277,64.923,65.493,66.035,66.583,67.069,67.424,67.695,67.813,67.706,67.425,66.945,66.033,64.81,63.508,62.418,61.289,60.342,59.657,59.038,58.59,58.183,57.826,57.387,57.07,56.786,56.693,56.752,56.933,57.278,57.624,57.998,58.384,58.769,59.233,59.702,60.029,60.362,60.73,61.099,61.602,62.11,62.656,63.374,64.098,65.069,66.07,66.851,67.356,67.662,67.798,,
84.602,82.284,80.241,78.359,76.637,75.075,73.409,72.024,70.749,69.638,68.957,68.417,68.111,67.982,68.033,68.285,68.676,69.286,69.939,70.519,71.079,71.758,72.308,72.905,73.493,74.187,74.823,75.605,76.31,77.066,77.535,77.971,78.36,78.753,79.175,79.39,79.421,79.201,78.644,77.9,76.983,75.418,73.875,71.967,70.416,68.938,67.965,67.221,66.665,66.2,65.833,65.574,65.42,65.37,65.412,65.582,65.74,65.905,66.087,66.286,66.474,66.707,66.895,67.048,67.097,67.147,67.201,67.26,67.317,67.372,67.426,67.473,67.485,,,,,,,,
82.76,78.323,74.37,71.349,68.961,66.877,65.394,64.198,63.22,62.368,62.018,62.477,63.25,64.034,64.911,65.562,66.364,67.406,68.379,69.667,70.713,71.359,71.707,71.83,71.66,71.293,70.787,70.101,68.879,67.653,66.495,65.71,65.251,65.021,64.825,64.564,64.227,63.708,62.841,61.778,60.843,59.882,59.384,59.467,59.784,60.357,61.391,62.877,64.563,65.762,66.544,67.139,67.797,68.126,68.228,68.207,68.163,68.283,68.714,69.22,69.695,69.91,69.871,69.546,69.059,68.533,67.917,67.36,66.806,66.293,65.962,65.861,65.878,,,,,,,,
62.832,61.846,61.095,60.457,60.096,59.889,59.895,60.146,60.652,61.274,62.077,63.239,64.596,65.509,66.243,66.883,67.116,67.117,67.163,67.267,67.509,67.913,68.225,68.553,68.781,68.824,68.596,68.194,67.68,67.232,66.968,66.678,66.515,66.754,67.269,67.902,68.262,68.392,68.216,67.796,67.121,66.141,64.771,63.311,61.65,60.446,60.181,60.196,60.29,60.352,60.339,60.238,60.021,59.903,59.166,58.181,57.233,56.436,55.522,54.909,54.338,53.875,53.433,53.151,53.185,53.462,53.89,54.656,55.389,56.212,57.695,59.317,60.674,61.78,62.33,62.63,,,,,
64.391,61.152,58.051,55.545,53.543,51.945,50.668,49.573,48.675,47.895,47.424,47.581,47.971,48.328,48.623,48.79,48.935,49.094,49.321,49.627,50.176,50.888,51.875,53.076,54.368,55.938,57.679,59.155,60.264,61.431,62.341,62.908,63.189,63.287,63.174,62.854,62.123,61.121,59.55,57.825,56.263,54.746,53.755,52.979,52.452,52.188,52.367,53.284,54.876,56.242,57.348,58.536,59.942,61.121,62.409,63.582,64.702,65.605,66.099,66.327,66.428,66.44,66.396,66.286,66.072,65.762,65.503,65.367,65.366,65.675,66.079,66.57,67.015,67.182,,,,,,,
86.303,82.466,79.561,76.922,74.211,71.652,69.252,67.393,66.251,65.415,64.844,64.596,64.731,65.157,65.747,66.654,67.16,67.535,67.789,67.949,68.069,68.167,68.2,68.152,68.077,67.967,67.773,67.456,67.229,67.036,66.838,66.625,66.425,66.223,66.055,65.904,65.779,65.637,65.19,64.621,63.711,62.659,61.736,61.284,61.041,60.961,60.953,61.121,61.499,62.197,62.857,63.604,64.392,65.11,65.551,65.9,66.131,66.32,66.547,66.788,67.139,67.549,67.992,68.452,68.975,69.548,70.01,70.391,70.841,71.304,71.674,71.866,71.874,,,,,,,,
81.249,78.351,75.876,73.208,71.109,69.408,67.861,66.747,65.789,64.988,64.325,63.8,63.722,63.8,63.947,64.071,64.271,64.563,65.029,65.541,66.093,66.549,66.891,67.196,67.427,67.681,67.942,68.218,68.475,68.742,69.105,69.531,69.842,69.911,69.787,69.542,69.137,68.157,66.773,64.724,63.015,61.798,60.928,60.314,59.859,59.59,59.473,59.62,60.357,61.203,62.11,62.827,63.772,64.645,65.402,66.122,66.612,66.984,67.157,67.273,67.352,67.401,67.526,67.631,67.743,67.843,67.857,67.905,67.926,,,,,,,,,,,,
84.6,82.095,79.307,77.163,75.085,72.607,70.411,68.816,67.34,66.17,65.309,64.561,63.938,63.622,63.59,63.911,64.084,64.217,64.385,64.596,64.804,64.963,65.096,65.218,65.467,65.82,66.236,66.654,67.058,67.594,68.249,69.262,70.148,70.683,70.839,70.814,70.552,70,68.938,67.136,65.696,64.433,63.165,62.624,62.309,62.07,62,62.095,62.437,62.957,63.676,64.512,65.483,66.256,67.114,67.942,68.831,69.763,70.696,71.901,72.838,73.526,73.988,74.353,74.696,75.005,75.233,75.439,75.716,75.865,,,,,,,,,,,
112.61,107.05,102.37,97.266,93.253,90.016,87.554,84.935,83.202,81.542,80.382,79.623,79.53,80.162,81.203,82.457,83.885,85.464,87.128,89.136,91.353,93.675,95.206,96.386,96.562,96.286,95.715,95.007,94.222,93.532,92.732,92.729,93.28,93.764,94.163,94.763,95.331,96.03,96.685,95.895,94.048,91.519,89.91,88.342,87.089,85.993,84.796,84.059,84.093,84.983,85.919,86.85,88.164,89.292,90.298,91.361,91.947,92.523,92.843,93.136,93.501,93.925,94.263,94.511,94.702,94.918,95.212,95.771,96.411,97.203,98.207,99.376,100.53,101.81,102.69,103.15,,,,,
101.12,94.624,89.528,85.382,81.692,79.067,76.867,74.924,73.322,72.019,71.52,71.859,73.047,74.166,75.343,76.551,77.736,78.652,79.411,79.786,79.824,79.656,79.421,79.17,79.036,79.075,79.4,80.342,81.304,82.129,83.146,84.279,85.391,86.184,86.691,86.915,86.658,85.757,84.095,82.014,80.151,78.316,76.683,75.603,74.791,74.299,74.097,74.45,75.021,75.69,76.401,77.199,78.315,79.16,79.773,80.229,80.598,81.079,81.617,82.309,83.094,83.957,84.995,86.009,86.792,86.801,86.672,86.679,,,,,,,,,,,,,
94.576,90.018,86.25,82.886,79.898,76.744,73.807,71.43,69.048,67.367,66.227,65.618,65.198,64.933,64.851,64.945,65.224,65.934,67.102,68.35,69.54,70.669,71.749,72.655,73.456,73.892,73.865,73.772,73.902,74.227,74.645,75.066,75.84,77.23,78.694,80.316,81.636,82.746,83.559,83.826,83.091,81.538,79.378,77.527,76.012,74.888,74.208,73.761,73.718,73.983,74.544,75.367,76.32,77.476,78.741,79.641,80.285,80.587,80.678,80.546,80.11,79.259,78.42,77.57,76.913,76.51,76.225,75.941,75.679,75.479,75.357,75.398,75.529,75.628,75.674,,,,,,
74.619,71.814,68.574,65.641,63.307,62.141,61.045,60.495,60.185,60.466,61.886,63.656,65.097,66.047,66.539,66.622,66.506,66.187,65.665,64.919,64.283,63.744,63.391,63.265,63.388,63.662,64.351,65.347,66.121,66.514,66.663,66.623,66.218,65.338,63.777,60.633,57.465,55.559,54.041,53.171,52.491,52.052,51.952,52.469,53.83,55.259,56.797,58.281,59.884,61.266,62.943,64.203,65.647,66.505,67.018,67.433,67.848,68.037,,,,,,,,,,,,,,,,,,,,,,,
62.707,62.698,62.563,62.5,62.567,62.563,62.767,63.566,64.872,66.392,67.77,69.131,69.855,70.251,70.702,70.909,70.541,69.682,68.424,67.006,65.625,63.628,61.337,59.258,57.489,55.702,54.401,53.334,52.525,51.887,51.443,51.182,51.119,51.255,51.69,52.122,52.327,52.548,52.754,52.709,52.552,52.311,51.95,51.625,51.402,51.299,51.391,51.688,52.379,53.183,54.133,54.829,55.516,56.146,56.877,57.452,58.273,58.778,59.112,59.287,59.309,,,,,,,,,,,,,,,,,,,,
78.951,75.788,72.262,68.787,65.944,64.072,62.337,61.137,60.162,59.321,58.93,59.05,59.92,60.767,61.784,62.753,63.496,64.062,64.499,64.841,65.169,65.459,65.815,66.175,66.412,66.599,66.81,67.117,67.582,68.229,68.82,69.424,70.139,70.798,71.255,71.622,71.834,71.832,71.635,70.782,69.191,67.38,65.37,63.946,62.784,61.863,61.219,60.74,60.584,60.968,62.508,64.065,65.57,67.473,69.191,70.799,72.541,74.124,75.519,76.412,76.875,77.013,76.882,76.556,76.117,75.622,75.373,75.54,75.682,76.367,77.756,78.848,79.465,79.914,80.291,80.436,,,,,
79.001,77.165,75.148,73.048,70.872,68.813,67.221,65.909,64.648,63.411,62.098,60.862,59.764,58.652,57.581,56.83,56.225,55.693,55.145,54.628,54.027,53.428,52.85,52.272,51.976,51.836,51.817,51.873,51.991,52.15,52.421,52.696,53.101,53.489,53.852,54.147,54.405,54.653,54.878,54.989,54.931,54.398,53.448,52.776,52.431,52.451,52.883,53.507,54.629,56.285,58.686,60.69,62.593,63.795,65.377,66.796,67.89,69.042,69.576,69.684,69.494,69.156,68.736,68.294,67.802,67.306,66.847,66.383,66.046,65.752,65.708,65.803,65.89,,,,,,,,
67.578,64.84,62.18,59.386,57.25,55.597,54.34,53.359,52.584,51.944,51.637,51.668,52.369,53.02,53.784,54.614,55.108,55.508,55.788,55.956,55.974,55.806,55.49,55.19,55.014,54.934,54.944,55.025,55.145,55.353,55.601,56.081,56.562,56.95,57.423,57.885,58.352,58.821,59.247,59.65,60.007,60.46,60.97,61.48,61.982,62.389,62.626,62.732,62.672,62.524,62.529,62.69,62.958,63.305,63.849,64.187,64.879,65.739,66.62,67.605,68.833,69.711,70.493,71.271,71.721,71.973,72.042,72.123,72.061,72.048,72.181,72.217,,,,,,,,,
69.847,65.71,62.282,58.909,55.813,53.56,51.535,49.283,47.616,46.665,46.152,45.956,46.199,46.813,47.624,48.613,50.375,52.091,53.359,54.516,55.335,55.862,56.392,56.923,57.298,57.653,58.067,58.438,58.902,59.122,59.299,59.481,59.628,59.761,59.802,59.648,59.302,58.727,58.055,57.317,56.281,54.681,53.09,51.681,50.234,49.591,49.446,49.545,49.801,50.175,50.907,51.721,52.763,53.7,54.827,56.166,56.923,57.603,58.155,58.704,59.344,60.1,61.009,61.869,62.909,63.792,64.524,64.936,64.972,,,,,,,,,,,,
62.492,60.066,58.312,56.423,55.025,53.765,52.531,51.383,50.351,49.711,49.289,49.23,49.197,49.192,49.26,49.206,49.091,48.943,48.899,49.077,49.533,50.235,51.036,51.908,52.934,53.728,54.472,54.907,55.094,55.353,55.635,55.934,56.238,56.586,57.085,57.492,57.798,58.004,57.921,57.35,56.356,55.147,53.67,52.086,50.498,49.391,48.779,48.41,48.267,48.422,48.757,49.219,49.836,50.818,51.865,52.545,53.182,53.739,54.2,54.593,55.063,55.522,55.848,55.965,55.879,55.812,55.8,55.796,55.859,55.94,,,,,,,,,,,
60.874,58.465,55.552,53.553,51.243,49.332,48.052,46.952,46.288,45.838,45.564,45.52,45.853,46.435,47.344,48.231,49.008,49.752,50.47,51.097,51.672,52.179,52.711,53.174,53.469,53.595,53.63,53.627,53.618,53.641,53.67,53.701,53.768,54.068,54.204,54.142,54.001,53.78,53.378,52.82,51.897,50.593,48.548,47.066,46.108,45.626,45.398,45.379,45.542,45.899,46.614,47.737,48.778,49.735,50.699,51.668,52.541,53.387,54.202,55.088,56.051,56.855,57.354,57.597,57.677,57.678,,,,,,,,,,,,,,,
58.086,56.242,54.516,52.845,51.15,50.019,48.847,47.751,46.749,45.825,45.042,44.423,44.053,43.878,43.888,44.053,44.394,44.841,45.305,45.9,46.714,47.28,48.062,48.695,49.355,50.076,50.635,51.209,51.712,52.2,52.398,52.546,52.581,52.596,52.629,52.773,52.904,53.041,53.304,53.81,53.956,53.892,53.668,53.338,52.779,51.501,49.811,47.575,46.149,44.958,44.188,43.892,43.832,44.113,44.879,45.772,46.61,47.728,48.873,49.966,50.856,52.049,53.034,54.101,55.007,55.87,56.498,57.02,57.356,57.496,,,,,,,,,,,
68.64,66.839,65.004,63.615,61.924,60.55,59.271,58.03,56.999,56.11,55.602,55.224,55.088,55.255,56.086,57.6,59.235,60.622,61.926,63.094,63.961,64.491,64.657,64.635,64.697,65.015,65.582,66.177,66.807,67.33,67.542,67.428,67.029,66.731,66.36,66.093,65.852,65.529,65.305,65.139,64.878,64.318,63.277,61.646,60.247,59.142,58.403,58.127,58.19,58.463,58.944,59.599,60.276,61.139,62.07,62.664,63.08,63.477,63.751,63.953,64.046,,,,,,,,,,,,,,,,,,,,
73.298,69.253,65.685,62.823,60.647,58.696,57.188,55.875,54.954,54.289,53.968,54.268,54.967,55.9,56.803,57.674,58.554,59.388,60.262,61.28,62.423,63.454,64.536,65.474,66.561,67.537,67.972,68.34,68.337,67.935,67.473,66.982,66.38,65.786,65.154,64.361,63.502,62.632,61.795,61.108,60.81,60.866,61.184,61.64,62.063,62.439,62.705,62.998,63.319,63.284,63.109,62.915,62.785,62.793,62.94,63.101,63.171,63.162,63.088,63,63.008,63.15,63.392,63.822,64.684,66.121,67.87,69.43,70.52,71.022,71.093,,,,,,,,,,
82.361,76.88,72.161,68.866,65.979,64.084,62.433,61.26,60.638,60.596,61.398,63.049,65.909,68.884,71.371,73.425,74.714,75.001,74.684,74.306,73.655,73.261,73.186,73.625,74.652,76.176,77.378,78.271,78.753,78.72,78.065,77.239,76.167,74.623,72.775,71.19,69.58,68.185,66.898,66.264,65.868,65.762,65.855,66.153,66.709,67.316,67.744,67.989,68.413,68.25,67.725,67.142,66.773,66.731,66.904,67.281,67.741,68.518,69.678,70.956,71.957,72.374,72.397,,,,,,,,,,,,,,,,,,
63.789,61.107,58.783,56.855,55.544,54.432,53.697,53.23,52.782,52.521,52.462,52.832,53.532,54.241,54.925,55.528,55.914,56.215,56.536,57.073,57.711,58.657,59.742,60.819,61.931,62.986,63.861,64.778,65.499,66.188,66.684,67.038,67.393,67.583,67.671,67.548,67.289,66.649,65.633,63.76,61.597,59.799,57.702,56.288,55.471,54.8,54.619,55.182,56.06,56.936,57.885,58.529,59.451,60.436,61.238,61.666,61.737,61.565,61.346,61.075,60.943,60.964,61.101,61.478,62.048,62.687,62.969,63.209,63.367,,,,,,,,,,,,
83.844,79.685,76.117,73.53,72.045,70.618,69.391,68.319,67.533,66.961,66.956,67.858,68.856,70.006,70.81,71.53,72.226,72.754,73.127,73.522,74.175,75,75.891,77.253,78.523,79.823,81.783,83.549,84.987,86.289,87.1,87.543,87.668,87.514,86.857,85.579,83.459,80.582,77.551,74.664,72.056,69.661,67.642,65.895,64.148,62.359,60.931,59.997,59.376,58.969,58.781,58.784,58.92,59.317,59.903,60.569,61.195,61.693,62.135,62.544,62.863,63.021,63.163,63.339,63.654,64.032,64.579,65.3,66.437,67.25,68.148,69.092,69.796,69.933,,,,,,,
72.317,71.163,70.247,69.494,68.631,68.081,67.577,67.291,67.179,67.239,67.434,67.792,68.45,69.052,69.937,70.478,70.96,71.278,71.579,71.783,71.981,72.178,72.557,73.089,73.521,73.811,73.639,73.387,72.96,72.48,71.927,71.224,70.415,69.478,68.157,66.751,65.314,63.997,62.451,61.426,59.973,58.487,57.363,56.579,56.134,55.859,55.892,56.052,56.397,56.788,57.342,58.104,58.734,59.34,59.858,60.188,60.511,60.874,61.318,62.01,62.927,63.876,64.715,65.366,66.022,66.644,67.512,68.052,68.422,68.489,,,,,,,,,,,
61.041,59.04,57.146,55.695,54.257,53.26,52.313,51.666,51.211,50.978,51.007,51.264,51.528,52.003,52.287,52.494,52.668,52.841,52.978,53.1,53.205,53.301,53.435,53.691,53.977,54.336,54.699,55.152,55.59,56.318,56.89,57.283,57.487,57.529,57.364,57.005,56.387,55.538,54.824,54.297,54.009,53.812,53.721,53.775,53.964,54.289,54.694,55.065,55.376,55.683,55.919,56.131,56.345,56.636,56.864,56.941,,,,,,,,,,,,,,,,,,,,,,,,,
68.004,66.566,65.219,63.352,62.102,60.819,59.47,58.042,57.089,55.311,54.091,53.792,53.945,54.538,55.967,57.153,57.665,58.044,57.83,57.097,56.203,55.007,54.325,54.109,54.239,54.655,55.267,56.206,57.134,58.452,60.574,62.574,64.174,65.73,66.753,67.178,67.355,67.107,66.791,66.471,65.944,65.663,66.063,66.117,65.986,65.62,64.614,63.079,61.534,59.292,57.729,56.532,55.525,54.802,54.573,54.898,55.407,56.074,56.894,57.98,58.994,59.829,60.798,61.699,62.44,62.525,,,,,,,,,,,,,,,
83.054,80.919,73.864,72.372,71.271,70.144,69.477,69.262,69.808,70.693,71.605,72.246,72.848,74.025,74.96,75.835,76.382,76.65,76.682,76.461,75.824,75.38,75.049,74.729,74.441,73.729,73.18,72.493,70.487,68.921,66.327,64.061,64.01,64.635,65.637,67.503,68.699,69.406,70.092,70.834,71.05,70.621,70.197,69.892,69.954,70.292,70.801,71.244,71.74,72.333,72.675,72.822,72.874,72.938,73.126,73.383,,,,,,,,,,,,,,,,,,,,,,,,,
76.871,69.318,63.346,58.158,54.053,51.333,49.934,50.008,50.671,50.999,51.224,51.154,51.185,51.897,53.233,55.491,57.435,59.271,59.828,59.384,59.069,58.948,59.235,59.359,59.14,58.618,58.161,58.152,60.002,61.366,61.609,60.387,57.64,55.254,52.694,51.585,51.521,52.371,53.853,55.422,57.169,58.879,60.413,60.474,59.35,58.364,57.303,56.927,58.54,60.439,61.758,62.856,63.301,,,,,,,,,,,,,,,,,,,,,,,,,,,,
0.7236,0.7236,0.7236,0.7236,0.7236,0.7236,0.7236,0.7236,0.7236,0.7236,0.7236,0.7236,0.7236,0.7236,0.7236,0.7236,0.7236,0.7236,0.7236,0.7236,0.7236,0.7236,0.7236,0.7236,0.7236,0.7236,0.7236,0.7236,0.7236,0.7236,0.7236,0.7236,0.7236,0.7236,0.7236,0.7236,0.7236,0.7236,0.7236,0.7236,0.7236,0.7236,0.7236,0.7236,0.7236,0.7236,0.81386,0.95387,1.0471,1.1244,1.2446,1.3576,1.5833,1.8849,2.3803,2.737,3.0881,3.2728,3.3723,3.4555,3.5249,3.633,3.8188,3.8226,,,,,,,,,,,,,,,,,
48.881,46.331,44.257,42.615,41.492,40.234,39.163,38.381,37.937,37.401,37.137,37.111,37.383,38.234,38.762,39.162,39.628,39.859,39.892,39.697,39.4,39.302,39.395,39.387,39.377,39.378,39.281,39.143,38.768,38.164,37.072,35.416,34.314,33.545,33.135,32.939,32.868,32.949,33.119,33.482,33.753,34.016,34.365,34.618,34.883,35.272,35.487,35.611,35.74,35.763,35.709,35.632,35.625,35.726,36.064,36.422,37.26,38.259,39.402,40.583,41.472,42.122,42.52,42.752,42.819,,,,,,,,,,,,,,,,
74.497,67.933,63.116,58.437,55.37,51.792,49.907,49.639,50.314,51.477,52.048,52.3,52.447,52.774,53.414,54.531,55.355,56.386,57.279,58.164,58.828,59.316,59.966,60.575,61.511,62.399,63.093,63.122,62.798,62.029,60.912,58.348,53.05,47.292,42.208,41.339,42.27,45.577,50.653,54.493,57.143,58.949,60.215,61.179,61.668,,,,,,,,,,,,,,,,,,,,,,,,,,,,,,,,,,,,
67.762,66.018,64.393,63.152,61.969,61.214,60.624,60.179,59.979,60.038,60.293,60.66,61.102,61.576,61.843,62.049,62.257,62.605,63.39,63.793,64.055,64.092,64.117,64.082,63.928,63.742,63.416,63.074,62.724,62.418,62.026,61.357,60.4,59.158,58.449,58.045,57.775,57.67,57.794,58.186,58.578,58.943,59.469,60.015,60.4,60.906,61.379,61.973,62.387,62.611,62.674,,,,,,,,,,,,,,,,,,,,,,,,,,,,,,
62.406,57.696,55.092,53.288,51.142,49.075,47.979,47.11,46.852,47.195,48.214,49.075,50.59,51.858,52.842,54.044,54.846,55.575,56.371,56.925,57.187,57.242,57.189,57.162,57.222,57.338,57.32,56.917,56.038,55.345,54.129,52.607,50.39,47.573,45.185,44.044,43.535,43.892,44.948,45.966,46.842,48.032,49.019,49.58,50.099,50.277,50.374,50.584,50.826,51.322,51.715,52.094,52.421,52.798,53.206,53.639,54.036,54.132,,,,,,,,,,,,,,,,,,,,,,,
59.437,58.275,57.177,55.976,55.171,54.498,53.83,53.305,52.988,52.748,52.685,53.008,53.62,54.037,54.115,53.956,53.608,53.268,52.882,52.513,51.89,51.552,51.212,51.13,51.16,51.206,51.248,51.19,50.944,50.204,49.313,48.146,46.904,45.288,44.263,43.376,42.608,42.06,41.776,41.759,42.017,42.231,42.505,42.829,43.077,43.184,43.149,43.028,42.816,42.638,42.546,42.684,42.837,43.316,43.852,44.482,44.846,45.024,,,,,,,,,,,,,,,,,,,,,,,
56.952,55.817,54.983,54.258,53.83,53.651,53.567,53.707,54.011,54.55,54.939,55.292,55.338,55.274,55.218,55.109,55.101,55.075,55.161,55.105,54.814,54.518,54.243,53.945,53.433,53.06,52.479,51.93,51.237,50.557,49.601,48.365,46.911,45.203,44.394,44.26,44.652,45.042,46.345,48.116,50.045,51.329,53.184,54.828,56.558,58.013,59.072,59.879,59.971,,,,,,,,,,,,,,,,,,,,,,,,,,,,,,,,
62.918,59.706,56.542,54.453,52.774,51.684,51.199,50.811,51.129,51.643,52.399,53.105,53.759,54.243,54.904,55.502,56.112,56.491,56.766,57.16,57.579,57.895,58.146,58.217,58.166,57.892,57.656,56.993,55.924,54.832,54.025,53.463,53.08,52.993,53.34,53.874,54.602,55.669,56.402,56.898,57.512,57.834,57.866,57.659,57.039,56.214,54.893,53.389,52.25,51.222,50.435,49.762,49.633,49.9,50.026,50.13,50.255,,,,,,,,,,,,,,,,,,,,,,,,
57.51,55.851,53.356,51.02,49.807,48.802,48.241,47.788,48.073,48.725,49.134,49.876,50.3,50.532,50.812,51.128,51.456,51.646,51.9,52.183,52.492,52.583,52.588,52.567,52.591,53.018,53.249,53.678,54.038,54.427,54.738,55.129,55.372,55.696,55.896,55.833,55.674,55.361,55.142,55.094,55.459,55.981,56.532,57.389,58.241,58.854,59.459,60.239,60.843,61.034,,,,,,,,,,,,,,,,,,,,,,,,,,,,,,,
78.726,75.71,72.956,70.74,69.02,67.664,66.512,65.899,65.794,65.956,66.295,66.83,67.673,68.854,69.999,70.946,71.582,71.731,71.748,71.636,71.325,71.149,71.025,71.094,71.464,72.332,73.615,75.221,77.33,78.349,78.49,77.949,77.107,75.693,71.543,70.926,71.024,71.249,72.199,73.27,73.885,74.579,75.012,75.231,75.431,75.795,75.98,,,,,,,,,,,,,,,,,,,,,,,,,,,,,,,,,,
76.286,71.077,67.804,63.804,60.962,58.882,55.99,54.986,54.134,54.066,55.509,57.151,58.273,58.848,59.173,59.59,60.023,60.748,61.762,62.658,63.324,63.832,64.111,63.966,63.869,63.612,63.407,63.112,62.703,62.088,61.19,59.905,57.725,54.33,52.254,51.478,51.13,52.303,53.555,55.303,57.042,58.276,59.152,59.807,59.96,59.768,58.898,58.243,57.721,57.189,57.194,57.381,57.732,58.858,59.657,60.187,60.653,60.709,,,,,,,,,,,,,,,,,,,,,,,
67.142,65.953,64.999,64.242,63.288,62.814,62.391,62.161,62.076,62.104,62.219,62.489,63.085,64.088,64.826,65.23,65.516,65.551,65.39,64.881,64.087,63.364,62.922,62.497,62.388,62.497,62.583,63.035,63.646,64.078,64.6,64.786,64.971,64.667,63.453,62.317,60.946,59.187,58.046,56.749,55.794,54.947,54.308,53.385,52.778,52.148,51.706,51.29,51.346,51.778,52.436,53.839,55.44,56.83,57.737,58.323,58.627,,,,,,,,,,,,,,,,,,,,,,,,
96.519,90.535,81.831,76.036,70.85,67.34,63.831,61.054,59.175,57.628,56.636,56.319,57.177,58.868,61.34,63.28,64.656,65.447,65.437,65.228,64.741,64.266,64.102,63.935,63.975,64.58,64.997,65.932,66.364,66.175,65.293,63.579,61.906,60.981,60.222,59.989,60.089,60.333,60.303,60.377,60.436,59.784,59.045,58.346,58.016,58.3,59.333,60.393,61.538,62.716,64.508,65.993,66.581,66.726,,,,,,,,,,,,,,,,,,,,,,,,,,,
63.53,61.895,60.028,58.648,57.576,57.003,56.76,56.829,57.49,58.661,59.869,61.509,62.794,64.188,65.102,65.74,66.061,66.264,66.285,66.113,66.022,65.834,65.663,65.735,65.97,65.831,65.388,64.732,63.672,62.347,60.913,59.496,58.524,57.88,57.318,56.901,57.277,58.048,58.779,60.104,61.722,62.555,63.161,63.363,63.57,63.908,64.182,64.89,65.301,65.415,65.561,,,,,,,,,,,,,,,,,,,,,,,,,,,,,,
64.029,60.851,57.791,56.444,54.757,53.109,51.707,50.807,50.011,49.532,49.4,49.409,49.53,49.781,50.279,50.911,51.574,52.369,53.353,53.897,54.647,55.271,55.839,56.54,57.005,57.53,57.82,58.007,58.218,58.394,58.029,57.178,56.357,55.116,54.239,53.188,52.089,50.756,49.79,49.459,49.468,49.777,50.498,51.246,51.94,52.475,53.018,53.452,53.725,53.85,53.889,53.925,53.939,,,,,,,,,,,,,,,,,,,,,,,,,,,,
63.574,60.447,57.429,54.98,53.07,51.975,51.121,50.574,50.417,50.828,51.224,51.98,52.403,52.783,53.233,53.623,53.908,53.957,53.818,53.444,53.197,52.81,52.638,52.529,52.584,52.794,53.261,54.039,54.411,54.521,54.419,53.956,53.39,51.727,50.546,49.098,48.181,47.487,47.131,47.157,47.375,47.709,48.091,48.724,49.408,50.203,50.904,51.411,51.761,51.983,52.258,52.471,52.659,52.887,53.164,53.441,53.916,54.415,54.76,54.804,,,,,,,,,,,,,,,,,,,,,
78.857,74.405,70.082,65.982,62.869,60.987,59.37,58.583,58.158,58.467,59.544,61.563,63.214,64.935,65.88,67.115,67.924,68.383,68.625,68.715,68.725,68.542,68.139,67.807,67.52,67.105,66.732,66.684,66.517,66.13,64.963,62.986,61.188,58.921,58.088,57.701,57.645,57.792,58.293,59.24,60.115,61.011,61.442,61.656,61.728,61.906,62.245,62.713,62.989,63.352,63.52,63.869,64.236,64.673,65.065,65.218,65.345,65.454,,,,,,,,,,,,,,,,,,,,,,,
69.751,65.969,62.391,59.352,57.202,55.316,54.127,53.579,53.666,54.338,55.434,56.13,57.104,57.869,58.372,58.772,58.947,59.113,59.229,59.318,59.384,59.522,59.68,60.075,60.877,61.393,61.474,61.368,60.333,59.328,57.646,56.199,55.192,54.496,54.664,54.823,55.554,56.741,58.259,59.443,60.288,61.088,61.884,62.04,61.863,61.569,61.447,61.307,61.744,62.408,62.936,63.385,63.942,64.688,65.182,65.409,,,,,,,,,,,,,,,,,,,,,,,,,
60.748,58.731,56.012,54.626,53.567,52.871,52.381,52.185,52.5,53.146,53.778,54.692,55.417,56.358,56.85,57.468,58.109,58.814,59.825,60.474,60.83,60.992,60.929,60.795,60.598,60.295,59.851,59.578,59.275,58.961,58.664,58.37,58.182,57.709,57.199,56.655,56.069,55.693,55.279,54.786,54.566,54.472,54.368,54.197,54.035,53.92,53.826,53.689,53.418,53.307,53.512,53.901,54.034,54.286,54.652,55.185,56.069,56.42,56.54,,,,,,,,,,,,,,,,,,,,,,
55.019,53.376,50.516,48.688,47.412,46.098,45.468,45.071,45.129,45.676,46.588,47.642,48.459,49.17,49.716,50.101,50.342,50.508,50.631,50.77,50.949,51.193,51.6,52.16,52.595,53.439,53.994,54.24,54.341,54.148,53.893,53.092,50.964,48.929,47.049,45.36,44.889,44.481,44.211,44.239,44.625,45.116,45.483,45.892,46.298,46.802,47.052,47.369,47.708,48.21,48.929,49.506,50.05,50.269,50.44,50.531,50.619,,,,,,,,,,,,,,,,,,,,,,,,
46.74,45.087,43.761,42.493,41.901,41.091,40.636,40.306,40.269,40.542,41.164,41.753,42.189,42.473,42.662,42.842,43.204,43.474,43.899,44.309,44.729,45.158,45.657,46.12,46.541,46.954,47.184,47.119,46.785,46.159,45.678,44.858,43.864,42.543,41.467,40.894,40.481,39.942,39.391,39.212,39.045,38.953,38.947,38.835,38.78,39.59,41.107,42.598,43.273,43.555,43.629,43.653,43.634,43.65,,,,,,,,,,,,,,,,,,,,,,,,,,,
67.946,67.127,66.209,65.704,65.346,65.142,65.022,65.07,65.267,65.624,66.028,66.695,67.569,68.059,68.252,68.245,68.169,68.14,68.262,68.446,68.651,68.993,69.378,69.87,70.279,70.549,70.746,70.854,70.715,70.577,70.273,69.704,68.04,65.564,63.78,61.605,60.757,59.702,59.71,60.591,61.713,62.589,64.036,65.465,66.591,67.535,68.253,68.818,69.26,69.702,69.998,70.011,,,,,,,,,,,,,,,,,,,,,,,,,,,,,
63.503,63.305,63.206,63.177,63.211,63.299,63.427,63.651,63.95,64.34,64.765,65.136,65.629,66.205,66.776,67.207,67.828,68.506,69.406,70.434,70.994,71.324,71.469,71.462,71.395,71.272,71.108,71.042,70.907,70.703,70.424,70.073,69.33,67.807,65.993,64.261,62.857,62.033,60.951,60.171,59.393,59.034,58.928,59.09,59.54,60.141,60.744,61.578,62.065,62.642,62.771,,,,,,,,,,,,,,,,,,,,,,,,,,,,,,
80.021,75.369,71.261,67.148,63.138,61.041,59.151,57.932,57.036,57.093,58.202,59.421,60.89,62.362,63.616,65.395,67.105,68.342,69.172,69.429,69.347,68.612,67.413,66.393,65.221,64.677,64.941,65.162,65.336,65.532,65.746,65.229,64.107,62.417,59.915,57.721,56.588,55.95,56.102,56.769,58.026,59.565,61.952,63.83,65.441,66.404,67.143,67.467,67.6,67.575,67.518,67.511,67.71,68.025,68.587,69.385,70.273,71.631,73.515,74.855,76.254,76.62,,,,,,,,,,,,,,,,,,,
84.381,79.597,76.996,74.332,72.05,70.275,69.127,68.45,68.06,68.198,68.821,69.589,70.482,70.957,71.372,71.994,73.254,74.057,74.867,75.214,75.44,75.298,75.024,74.695,74.415,74.231,74.493,74.435,74.634,75.146,75.261,74.165,72.643,69.749,67.925,65.928,64.107,63.252,62.277,62.08,62.185,62.616,63.449,64.156,64.874,66.02,66.977,68.338,69.802,71.83,73.286,74.344,74.957,75.031,75.039,,,,,,,,,,,,,,,,,,,,,,,,,,
70.71,67.929,65.371,63.543,62.215,61.441,60.895,60.762,60.904,61.893,62.991,63.98,65.18,65.648,65.861,65.93,66.091,66.82,67.591,68.785,69.705,70.703,71.981,72.555,73.39,73.676,73.296,72.444,71.024,69.565,66.658,64.754,61.764,57.443,53.682,51.227,49.76,49.177,49.396,50.949,53.197,55.292,57.536,59.926,62.059,63.56,64.412,65.058,65.195,65.11,65.115,,,,,,,,,,,,,,,,,,,,,,,,,,,,,,
62.534,58.51,55.05,52.905,51.038,50.06,49.547,49.908,50.531,51.062,51.43,51.977,52.596,53.46,54.598,55.86,56.91,57.537,58.106,58.347,58.661,59.163,60.358,61.299,62.349,63.78,64.863,65.621,65.566,64.626,63.055,60.625,56.709,54.426,53.505,52.965,52.705,52.859,53.422,53.88,54.566,55.263,55.512,55.731,55.859,56.036,56.61,57.398,58.229,58.901,59.41,59.653,,,,,,,,,,,,,,,,,,,,,,,,,,,,,
77.331,74.328,72.283,70.551,69.066,68.53,68.254,68.292,68.99,70.481,72.284,73.509,73.843,73.484,72.71,71.926,71.666,71.891,72.544,73.316,74.875,75.983,77.745,78.832,79.705,79.919,80.188,80.716,80.741,80.531,79.446,78.146,75.823,72.765,69.219,65.435,60.576,57.796,56.168,55.973,57.284,59.278,61.978,64.17,65.92,67.685,69.471,70.414,71.247,71.504,71.921,72.771,73.855,74.556,74.901,75.258,75.737,76.528,77.669,78.518,78.856,,,,,,,,,,,,,,,,,,,,
79.363,78.13,76.582,74.928,74.105,73.52,72.921,72.48,72.211,72.24,72.704,73.099,73.707,74.435,75.08,75.697,76.159,76.747,77.422,78.064,78.328,78.167,77.796,77.304,76.709,76.016,75.657,75.23,74.869,74.34,73.812,73.385,72.902,72.313,71.17,69.992,68.742,68.032,67.243,66.631,66.383,66.594,66.951,67.437,67.903,68.555,69.24,70.224,70.895,71.474,71.835,72.472,73.43,74.378,75.343,76.21,77.401,78.005,78.3,,,,,,,,,,,,,,,,,,,,,,
94.349,91.011,89.029,87.06,84.463,83.053,81.719,80.917,80.26,79.884,79.977,80.377,80.481,80.554,80.553,80.563,80.84,81.127,81.32,81.47,81.572,81.491,81.248,81.011,80.81,81.316,81.822,82.503,83.127,83.336,83.359,83.076,81.28,79.237,75.683,73.093,72.854,72.994,73.579,74.72,75.893,76.776,77.947,79.127,79.724,80.54,81.308,82.072,82.99,83.889,84.453,84.812,85.245,85.691,85.855,85.959,86.319,86.502,,,,,,,,,,,,,,,,,,,,,,,
88.444,82.272,78.593,73.887,70.529,67.983,65.811,64.257,62.508,62.194,63.031,64.477,66.264,67.693,69.1,70.864,71.868,72.846,73.768,74.064,73.926,73.305,72.72,71.995,71.402,70.871,70.442,69.868,69.684,69.308,68.199,66.692,64.418,62.983,61.671,60.601,59.725,59.061,58.866,58.891,59.159,59.773,60.214,60.811,61.585,62.741,64.114,65.19,66.169,66.682,66.916,67.332,67.89,68.778,69.374,70.4,71.499,72.335,72.965,73.059,,,,,,,,,,,,,,,,,,,,,
73.209,68.89,65.417,60.881,57.764,54.331,52.456,50.489,49.262,49.456,50.148,51.166,52.348,53.275,54.158,54.558,54.774,55.182,55.931,56.942,57.881,59.374,60.497,61.594,62.1,62.475,62.514,62.478,62.483,62.495,62.455,62.327,61.907,61.227,60.416,59.739,59.263,58.956,58.897,59.274,59.598,60.31,60.955,61.463,61.541,61.365,61.389,61.795,62.442,63.287,64.076,64.712,65.188,65.358,65.245,64.981,64.688,64.306,64.317,,,,,,,,,,,,,,,,,,,,,,
54.34,51.912,49.869,48.114,46.444,45.288,44.392,43.784,43.462,43.618,43.95,44.728,45.127,45.337,45.84,46.231,46.569,47.157,47.717,48.39,48.681,48.925,49.172,49.247,49.109,48.816,48.565,48.238,47.887,47.204,46.591,45.674,45.007,44.318,43.91,43.4,42.953,42.642,42.514,42.503,42.611,42.947,43.371,43.884,44.504,45.293,46.474,47.724,48.62,49.283,49.671,50.298,50.833,51.146,51.215,,,,,,,,,,,,,,,,,,,,,,,,,,
52.141,51.037,50.221,49.653,49.155,48.829,48.749,48.862,49.172,49.321,49.58,49.664,49.885,50.227,50.989,51.558,52.395,53.201,53.986,54.627,55.117,55.481,55.785,55.953,56.04,56.14,56.228,56.362,56.446,56.614,56.763,56.988,57.127,57.13,57.062,56.949,56.837,56.714,56.683,56.652,56.598,56.605,56.611,56.627,56.652,,,,,,,,,,,,,,,,,,,,,,,,,,,,,,,,,,,,
52.024,50.777,49.762,48.794,48.086,47.734,47.585,47.588,47.856,48.38,49.074,49.758,50.51,51.239,52.225,52.711,52.961,53.029,52.961,52.795,52.646,52.509,52.336,52.142,51.899,51.573,51.365,51.116,50.843,50.58,50.215,49.801,49.517,49.553,49.699,49.647,49.428,49.184,48.946,48.642,48.423,48.138,47.555,47.28,47.227,47.314,47.432,47.619,47.81,47.943,48.211,48.693,49.187,49.695,50.505,51.112,51.558,52.476,53.008,53.3,,,,,,,,,,,,,,,,,,,,,
95.516,92.792,90.93,88.602,86.938,85.391,84.039,82.876,81.901,81.323,80.758,80.46,80.125,80.03,79.896,79.551,79.271,78.761,78.186,77.755,77.374,77.218,77.13,77.122,77.221,77.525,77.915,78.278,78.731,79.335,79.847,80.316,80.993,81.662,82.353,83.034,83.902,84.724,85.41,86.355,87.62,88.455,89.711,91.096,92.042,92.844,93.547,94.124,94.279,94.296,,,,,,,,,,,,,,,,,,,,,,,,,,,,,,,
88.385,83.374,79.182,76.664,73.312,70.949,68.434,66.596,65.47,64.906,64.827,65.062,65.536,66.136,66.467,66.598,66.618,66.407,66.085,65.888,65.847,65.929,66.436,67.105,67.827,68.331,69.017,69.802,70.521,71.158,71.514,71.752,71.8,71.635,71.279,70.982,70.914,71.057,71.392,71.681,71.91,72.338,72.832,73.262,73.505,73.7,73.803,73.656,73.518,73.498,73.423,73.473,73.567,73.675,73.664,73.709,73.785,73.907,74.136,74.522,74.619,,,,,,,,,,,,,,,,,,,,
73.885,73.787,73.627,73.584,73.67,73.878,74.134,74.396,74.817,75.252,75.789,75.978,75.978,75.799,75.51,74.97,74.006,73.213,71.886,70.453,67.6,64.971,62.091,58.967,56.32,54.807,53.72,52.909,52.396,52.032,51.955,52.314,53.471,54.711,55.741,56.725,57.643,58.614,59.339,59.844,60.133,60.363,60.659,60.993,61.452,61.952,62.558,63.175,63.597,63.699,63.842,64.197,64.855,65.762,66.344,67.122,67.857,68.297,68.787,69.129,69.616,70.071,70.463,70.858,71.852,72.671,73.23,73.608,73.96,74.152,74.313,74.434,74.569,74.694,74.749,,,,,,
76.832,73.154,69.282,65.714,62.477,60.205,58.63,56.812,55.787,54.653,54.189,53.93,54.063,54.247,54.86,55.582,57.098,58.685,59.699,60.796,61.766,62.403,62.504,61.975,61.388,61.173,60.957,60.739,60.738,61.098,61.512,62.041,62.508,62.908,63.133,63.072,62.947,62.741,62.634,62.718,62.868,63.167,63.754,64.591,65.281,66.406,67.477,68.49,69.948,71.288,72.263,72.885,73.412,73.606,73.633,73.512,73.393,73.383,73.514,73.679,73.799,74.001,74.289,74.584,,,,,,,,,,,,,,,,,
102.28,98.628,94.974,92.36,89.259,86.7,83.377,80.351,78.03,75.932,73.881,72.447,71.282,70.518,69.831,69.513,69.439,69.547,69.59,69.466,69.266,69.038,68.797,68.541,68.278,68.211,68.264,68.559,69.054,69.671,70.353,71.22,72.428,73.539,74.708,76.484,77.58,78.696,79.607,80.276,81.133,81.893,82.829,83.929,84.842,85.84,87.035,88.382,90.055,91.46,92.894,94.259,95.054,95.417,95.612,,,,,,,,,,,,,,,,,,,,,,,,,,
65.567,63.934,62.557,61.041,59.694,58.513,57.866,57.103,56.303,55.826,55.293,54.888,54.706,54.628,54.662,54.695,54.72,54.702,54.67,54.681,54.7,54.733,54.806,54.872,54.928,54.972,55.058,55.202,55.256,55.278,55.269,55.228,55.171,55.045,54.898,54.591,54.334,53.976,53.668,53.477,53.382,53.386,53.504,53.64,53.932,54.18,54.473,54.797,55.028,55.293,55.445,55.553,55.617,55.635,55.632,55.718,55.767,55.813,55.962,56.11,56.228,56.326,56.357,56.373,,,,,,,,,,,,,,,,,
56.498,55.692,54.663,53.757,53.638,53.683,53.971,54.487,55.141,56.568,57.845,58.58,59.428,59.549,59.371,58.984,58.532,57.828,57.313,57.25,57.353,57.567,57.743,58.042,58.281,58.626,58.972,59.981,60.651,61.337,61.677,61.644,61.115,59.905,57.719,54.135,51.801,50.449,49.476,49.85,50.503,51.831,54.051,55.678,56.922,57.961,58.463,57.979,56.859,55.868,54.935,54.518,54.368,54.746,55.576,56.309,57.3,57.992,58.469,58.716,58.891,58.898,59.163,59.295,,,,,,,,,,,,,,,,,
68.306,68.3,68.231,68.124,68.019,67.828,67.692,67.363,67.028,66.592,66.016,65.185,63.978,62.733,61.164,59.934,58.769,57.452,56.395,55.177,54.466,53.847,53.051,52.798,52.622,52.48,52.422,52.619,52.876,53.097,53.204,53.421,53.524,,,,,,,,,,,,,,,,,,,,,,,,,,,,,,,,,,,,,,,,,,,,,,,,
78.917,71.267,66.78,62.355,58.91,54.338,51.536,49.493,48.595,48.873,49.365,50.111,51.478,52.269,53.274,54.059,54.859,55.007,54.743,54.46,54.095,53.941,54.075,54.386,54.945,55.601,56.621,57.944,59.301,60.262,61.279,61.292,60.355,59.314,58.347,58.13,58.429,59.294,60.237,61.162,61.844,62.131,62.386,62.561,62.674,62.655,62.225,61.49,61.018,60.512,60.333,60.653,61.728,63.131,64.052,64.005,64.126,,,,,,,,,,,,,,,,,,,,,,,,
66.079,63.624,60.977,58.739,56.435,54.945,54.087,53.397,53.388,54.093,54.77,55.491,56.294,56.755,56.888,56.951,56.961,56.951,56.905,56.873,56.826,56.668,56.547,56.276,56.069,55.88,55.563,55.106,54.636,54.081,53.407,52.741,51.819,49.965,48.357,46.718,46.216,46.079,46.343,46.955,47.789,48.857,49.837,51.017,51.585,51.69,51.648,51.459,51.253,51.245,51.462,52.008,52.834,53.928,55.119,56.303,57.405,57.859,58.018,,,,,,,,,,,,,,,,,,,,,,
62.125,58.68,56.059,53.934,52.866,51.701,50.91,50.536,50.76,51.323,51.779,51.907,51.719,51.156,50.79,50.651,50.796,51.314,52.072,53.362,54.436,55.314,55.856,56.1,56.102,55.748,55.29,55.017,54.97,55.047,55.282,55.597,55.935,56.136,56.186,56.037,55.684,55.339,55.132,55.126,55.615,56.403,56.965,57.587,57.869,58.097,58.089,57.746,57.421,57.197,57.104,57.321,57.735,57.714,57.882,,,,,,,,,,,,,,,,,,,,,,,,,,
79.058,76.818,74.614,72.998,71.975,71.112,70.326,70.226,70.561,71.522,72.163,73.164,73.138,73.043,72.873,72.794,72.788,72.756,72.659,72.6,72.404,72.117,71.95,72.153,72.803,73.985,75.037,75.571,76.015,75.834,74.939,73.351,71.131,69.388,68.387,67.863,68.68,69.497,70.688,71.85,72.734,73.677,74.03,73.977,73.538,72.424,72.179,72.234,72.544,72.91,73.206,73.567,74.102,74.104,,,,,,,,,,,,,,,,,,,,,,,,,,,
89.774,89.558,89.183,87.068,85.566,84.057,83.165,83.113,83.777,84.837,85.846,87.015,88.46,89.852,91.383,92.272,92.48,92.349,91.464,89.82,87.345,85.349,83.939,82.985,82.661,83.334,84.842,86.69,87.644,88.748,89.574,89.788,89.553,88.813,88.042,86.775,85.989,85.492,85.789,86.446,87.009,87.432,88.204,88.926,90.76,91.581,91.632,,,,,,,,,,,,,,,,,,,,,,,,,,,,,,,,,,
74.676,72.03,68.344,66.246,63.224,61.006,58.594,56.85,54.939,53.526,52.283,51.402,50.946,50.667,50.745,50.776,50.905,51.082,51.38,51.701,52.207,52.887,53.993,55.291,56.692,58.271,59.419,60.535,61.53,62.116,62.598,62.782,62.411,61.56,60.247,59.131,58.348,58.002,57.892,57.972,58.172,58.47,59.164,59.868,60.584,61.278,62.312,63.167,64.109,65.189,66.412,66.958,67.362,67.582,67.68,67.71,,,,,,,,,,,,,,,,,,,,,,,,,
71.488,67.977,65.771,63.489,60.494,59.1,58.196,57.586,57.368,57.317,57.541,57.742,57.959,58.178,58.533,59.268,59.859,60.478,61.16,61.462,61.684,61.879,62.05,62.234,62.364,62.356,62.281,62.149,62.097,61.312,60.376,59.628,58.767,58.055,57.637,57.476,57.396,57.551,57.908,58.227,58.666,59.399,59.796,59.928,60.096,60.281,60.432,60.653,61.042,62.09,63.594,64.863,66.208,67.336,67.829,68.103,,,,,,,,,,,,,,,,,,,,,,,,,
109.05,108.72,107.77,106.34,104.17,100.39,95.525,90.244,84.569,79.682,75.408,72.207,68.732,66.287,63.601,61.925,60.017,58.763,58.093,57.803,58.146,58.765,59.352,59.803,60.104,,,,,,,,,,,,,,,,,,,,,,,,,,,,,,,,,,,,,,,,,,,,,,,,,,,,,,,,
107.43,99.733,94.697,87.429,82.61,76.855,72.352,68.609,66.729,64.686,63.437,62.876,62.894,63.586,65.581,67.699,69.341,70.877,72.402,74.143,75.081,75.848,76.319,75.863,75.065,74.051,73.156,72.423,71.788,71.293,71.161,71.187,71.251,71.408,71.524,71.485,71.294,71.059,71.116,71.479,72.161,73.515,74.713,76.158,77.404,78.694,80.387,81.59,81.939,81.75,81.5,81.38,81.199,80.977,80.7,80.385,80.207,80.334,80.904,81.715,83.004,84.584,86.153,87.051,87.814,87.934,,,,,,,,,,,,,,,
79.511,76.789,73.64,70.864,68.677,66.903,65.207,64.065,62.726,61.659,61.3,61.001,60.809,60.771,60.669,60.598,60.535,60.571,60.608,60.714,60.853,61,61.096,61.142,61.172,61.206,61.236,61.25,61.291,61.414,61.663,62.108,62.437,62.924,63.418,63.754,64.033,63.962,63.746,63.666,63.669,64.251,65.232,67.324,69.021,70.446,72.355,73.519,74.273,74.53,74.611,74.484,74.126,73.65,73.173,72.828,72.754,72.935,73.463,73.997,74.392,74.812,75.44,76.211,76.738,,,,,,,,,,,,,,,,
69.637,69.569,69.063,68.189,67.041,64.991,62.382,58.29,53.318,48.95,45.662,43.346,42.111,40.662,39.705,38.812,38.076,37.557,37.38,37.358,37.287,37.141,37.048,37.067,37.146,37.37,37.862,38.289,38.766,38.943,38.948,39.131,39.747,40.696,42.045,43.934,46.146,48.19,50.233,52.32,54.064,56.001,57.696,58.811,60.378,61.718,62.706,63.597,64.522,65.104,65.773,66.461,67.219,67.751,68.217,68.674,69.056,69.499,69.695,69.984,70.003,,,,,,,,,,,,,,,,,,,,
61.865,58.082,55.57,52.654,49.073,46.942,44.645,43.027,41.25,40.068,39.23,38.707,38.318,38.181,38.18,38.233,38.337,38.501,38.717,38.944,39.143,39.23,39.4,39.629,39.888,40.089,40.859,41.648,42.581,43.663,45.284,46.6,47.84,48.991,49.804,50.387,50.831,50.919,50.687,50.14,49.467,48.279,47.296,46.502,46.33,46.62,47.257,48.303,49.557,51.029,52.305,53.86,54.468,54.799,54.794,54.731,54.775,54.908,55.233,55.694,56.178,56.565,56.728,,,,,,,,,,,,,,,,,,
1.985,1.8078,1.704,1.648,1.6184,1.6061,1.633,1.7014,1.7639,1.8469,2.0121,2.2346,2.3672,2.4866,2.5758,2.6339,2.6195,2.5066,2.3253,2.0958,1.9396,1.6938,1.5851,1.5352,1.5536,1.6026,1.6512,1.7159,1.8318,1.9504,2.0102,2.0765,2.1436,2.2242,2.3449,2.5972,2.9603,3.3322,3.5637,3.9156,4.2054,4.4086,4.4977,4.4822,4.3879,4.2459,4.0212,3.8297,3.7157,3.5755,3.5077,3.4583,3.4284,3.4331,3.5105,3.5854,3.6333,,,,,,,,,,,,,,,,,,,,,,,,
60.427,59.175,57.727,56.498,55.927,55.423,55.319,55.465,55.915,56.681,57.744,59.134,60.939,62.38,63.355,63.964,64.608,64.984,65.12,65.068,64.837,64.55,64.226,63.849,63.74,63.817,64.025,64.165,64.331,64.487,64.459,64.153,63.647,62.349,60.684,58.368,55.836,53.897,51.603,49.694,47.556,45.695,44.628,44.001,43.778,43.997,44.414,45.221,46.168,46.676,47.051,47.311,47.246,47.006,46.75,46.663,46.919,47.347,47.765,48.17,48.803,49.509,50.304,50.923,51.384,51.638,51.707,,,,,,,,,,,,,,
65.645,65.113,64.472,63.922,63.281,62.679,62.195,61.667,61.178,60.728,60.355,59.944,59.641,59.424,59.153,58.986,58.747,58.622,58.526,58.489,58.48,58.526,58.611,58.676,58.718,59.009,59.689,60.603,61.46,62.649,64.558,66.168,67.907,69.915,71.956,73.863,75.632,77.192,78.96,80.999,83.199,85.182,86.762,90.428,92.001,93.41,94.53,95.606,96.447,97.476,98.193,99.036,99.759,100.37,101.04,101.88,102.56,,,,,,,,,,,,,,,,,,,,,,,,
74.713,71.999,69.9,68.525,67.135,66.023,65.303,64.967,64.869,65.119,65.526,66.317,67.666,69.007,70.563,71.813,72.986,73.757,74.651,74.838,74.966,75.001,74.847,74.386,73.783,73.197,71.803,71.187,70.032,68.819,66.873,65.223,63.781,62.535,61.614,60.976,60.417,60.004,59.815,59.772,59.81,60.14,60.453,60.628,60.698,60.718,,,,,,,,,,,,,,,,,,,,,,,,,,,,,,,,,,,
65.008,63.354,62.108,60.696,59.757,58.908,57.919,57.119,56.103,55.483,54.823,54.47,54.141,53.991,53.954,53.988,54.118,54.282,54.391,54.502,54.598,54.687,54.722,54.852,55.067,55.308,55.501,55.653,55.869,56.2,56.5,56.694,56.787,56.853,56.88,56.771,56.491,55.979,55.466,54.931,54.598,54.082,53.668,53.366,53.095,52.783,52.534,52.469,52.517,52.638,52.861,53.17,53.977,54.733,55.324,55.838,56.209,56.391,,,,,,,,,,,,,,,,,,,,,,,
62.524,62.384,62.366,62.434,62.604,62.795,63.167,63.507,63.815,64.39,64.913,65.206,65.319,65.277,65.116,64.906,64.47,64.517,65.309,66.265,67.348,68.176,69.344,70.204,70.824,71.187,71.263,70.871,70.09,68.787,67.471,66.165,64.558,62.663,60.985,59.688,59.026,58.622,58.579,58.705,58.797,58.912,58.956,58.931,58.802,58.619,58.377,58.218,58.081,58.05,58.29,58.825,59.723,60.78,62.062,63.938,65.592,67.012,68.786,70.142,71.052,71.65,71.729,,,,,,,,,,,,,,,,,,
69.179,65.516,62.823,59.606,57.598,55.631,54.194,53.436,52.692,52.49,52.718,54.044,54.961,56.214,56.894,57.259,57.254,56.794,56.136,55.211,54.615,54.821,55.394,56.039,56.713,57.394,57.58,57.807,57.83,57.479,56.827,56.116,55.598,55.07,54.912,54.986,55.09,54.95,54.577,54.067,53.311,52.759,52.141,51.436,50.843,50.37,50.029,49.927,50.044,50.085,50.203,50.344,50.889,51.646,52.767,54.181,55.652,57.297,58.938,60.272,61.029,61.792,61.921,,,,,,,,,,,,,,,,,,
64.37,62.212,59.706,56.654,54.763,52.509,50.7,49.161,48.453,48.005,48.072,48.495,49.039,49.549,49.708,49.846,49.99,50.239,50.826,51.482,52.103,53.649,54.764,55.655,55.573,55.374,55.149,54.446,53.747,53.039,52.167,51.391,50.497,49.816,49.512,49.222,49.061,48.886,48.7,48.588,48.488,48.468,48.496,48.622,48.827,49.038,49.401,49.783,50.068,50.451,50.642,50.76,50.753,50.662,50.543,50.331,50.199,50.175,50.557,51.245,51.786,52.486,53.565,54.752,55.375,55.926,56.365,56.674,,,,,,,,,,,,,
73.891,73.591,73.276,72.259,70.757,68.831,66.442,64.187,61.774,60.045,58.376,57.532,56.816,56.417,56.201,56.229,56.672,57.198,57.765,58.153,58.531,58.698,58.855,58.924,58.887,58.8,58.642,58.703,58.928,59.541,60.067,60.792,61.517,62.18,62.696,63.157,63.477,63.567,63.593,,,,,,,,,,,,,,,,,,,,,,,,,,,,,,,,,,,,,,,,,,
76.677,72.058,68.927,66.042,63.717,61.863,60.388,59.024,58.252,57.501,57.039,57.274,58.159,59.241,60.385,61.178,62.147,62.813,63.119,63.036,62.565,62.166,61.564,61.132,61.051,61.312,61.739,62.34,63.689,64.618,65.493,65.979,66.316,66.062,64.948,63.438,61.575,60.262,59.233,58.102,56.935,56.165,55.747,55.574,55.625,55.816,56.295,57.027,57.864,58.748,60.166,61.757,62.834,64.005,64.319,64.66,64.874,64.87,64.876,,,,,,,,,,,,,,,,,,,,,,
41.018,41.008,40.962,40.896,40.709,40.56,40.269,40.084,39.88,39.805,39.729,39.604,39.447,39.276,39.062,38.837,38.359,37.673,36.811,35.939,35.086,34.454,33.892,33.423,33.105,32.819,32.652,32.571,32.605,32.717,32.972,33.216,33.559,33.845,34.089,34.242,,,,,,,,,,,,,,,,,,,,,,,,,,,,,,,,,,,,,,,,,,,,,
82.923,82.887,82.686,82.32,81.806,81.2,80.312,79.234,78.416,77.026,75.34,73.614,71.525,69.493,67.101,65.047,62.065,59.365,57.312,54.99,53.511,52.069,50.729,49.896,49.396,48.972,48.983,49.469,50.031,50.64,51.212,52.403,53.143,53.827,54.156,54.384,54.566,54.765,55.18,55.815,56.861,57.573,58.994,60.834,62.406,64.282,65.644,67.02,68.321,69.617,70.976,72.169,73.075,73.677,74.679,75.923,76.908,79.261,80.147,80.928,81.481,82.248,82.664,83.234,83.69,84.388,85.239,86.234,87.055,88.143,89.507,91.076,91.525,92.03,92.198,,,,,,
63.34,62.561,61.765,61.08,60.746,60.575,60.675,61.071,61.501,62.399,63.332,64.866,66.255,67.542,68.707,69.579,70.717,71.58,72.32,72.809,73.178,73.087,73.015,72.942,72.851,72.72,72.486,72.143,71.711,71.333,70.863,70.166,69.124,68.176,66.632,65.309,64.44,63.867,62.696,61.795,60.873,59.891,59.093,58.129,57.467,56.876,56.44,56.499,56.383,56.842,57.709,59.085,60.098,60.855,61.239,61.15,61.142,61.01,60.84,60.903,61.094,61.427,62.008,62.5,62.919,63.068,63.168,,,,,,,,,,,,,,
78.086,77.579,76.949,76.356,76.022,75.556,75.254,74.887,74.677,74.467,74.283,74.144,73.853,73.34,72.845,72.548,72.321,72.477,73.306,74.504,75.706,76.708,78.105,79.437,80.596,81.692,82.639,83.462,83.974,83.98,83.882,83.077,78.473,74.739,70.984,68.242,66.126,64.969,64.46,64.281,64.904,66.12,68.155,69.98,71.679,72.899,73.226,72.824,71.708,70.094,68.44,66.629,65.382,64.802,64.812,66.17,68.08,70.222,72.318,73.843,75.552,77.161,78.971,79.769,,,,,,,,,,,,,,,,,
74.696,70.051,65.915,62.403,59.665,57.281,54.937,53.483,51.764,50.7,50.479,50.638,51.119,51.488,51.7,52.036,52.165,52.272,52.335,52.372,52.387,52.389,52.389,52.37,52.348,52.365,52.41,52.515,52.676,52.903,53.248,53.547,53.851,54.139,54.334,54.409,54.419,54.529,54.886,55.362,56.07,56.983,58.167,59.355,61.234,62.87,63.921,64.834,65.695,66.092,66.33,66.004,65.755,65.67,65.522,65.615,66.105,66.653,67.277,67.783,68.753,69.528,69.867,,,,,,,,,,,,,,,,,,
72.182,72.148,72.099,72.089,72.105,72.132,72.188,72.051,71.837,71.534,71.17,70.864,70.468,70.028,69.332,68.678,67.845,66.739,65.529,63.399,61.308,59.248,57.354,56.062,55.149,54.414,53.687,53.193,52.762,52.393,52.37,52.418,52.513,52.616,52.682,52.762,52.809,52.896,53.036,53.159,53.296,53.551,53.908,54.651,55.249,56.614,57.773,59.821,61.805,63.122,64.094,65.316,66.28,67.2,67.685,68.297,68.636,68.914,69.05,69.14,69.165,,,,,,,,,,,,,,,,,,,,
100.08,96.324,92.464,88.958,86.889,85.063,83.774,82.905,82.451,82.164,81.889,82.075,82.214,82.784,83.511,85.942,87.907,90.125,91.438,92.561,93.279,93.492,93.488,93.442,93.193,92.839,92.96,92.655,91.982,91.02,89.623,86.708,84.099,81.302,78.855,78.104,77.178,77.446,78.031,79.211,80.059,81.314,82.7,83.515,84.074,84.345,84.467,84.465,84.412,84.335,84.257,84.213,84.244,84.502,84.641,,,,,,,,,,,,,,,,,,,,,,,,,,
83.86,80.98,78.739,76.367,74.725,72.899,71.88,71.055,70.564,70.617,70.901,71.388,71.795,72.256,72.782,73.6,73.997,74.119,74.254,74.523,74.727,74.823,75.054,75.219,75.532,76.004,76.724,77.247,77.433,77.364,76.936,76.092,75.121,74.294,73.185,72.527,72.112,71.662,71.344,71.342,71.7,71.926,72.109,71.846,71.382,70.582,69.812,69.044,68.948,69.417,70.366,71.53,72.891,73.877,75.166,76.711,77.761,78.419,78.504,,,,,,,,,,,,,,,,,,,,,,
63.725,61.36,58.936,56.707,55.052,53.83,52.804,51.862,51.251,50.927,50.888,51.553,52.632,53.833,54.526,55.459,56.293,57.149,58.094,59.159,59.594,59.886,60.103,60.013,59.561,58.871,57.88,56.356,54.753,52.195,50.364,47.885,44.306,40.157,35.991,32.23,29.869,27.566,25.694,24.322,23.479,23.186,23.283,23.897,24.649,25.661,26.675,28.188,29.338,30.012,30.327,,,,,,,,,,,,,,,,,,,,,,,,,,,,,,
65.796,63.16,60.757,58.025,55.509,53.578,52.266,51.374,50.581,49.724,49.733,49.905,50.113,50.328,50.419,50.454,50.412,50.328,50.244,50.234,50.352,50.561,50.819,51.085,51.367,51.771,52.317,52.919,53.103,52.687,51.918,50.326,45.852,42.514,39.024,36.074,34.527,33.819,33.507,33.973,34.901,36.318,38.007,39.31,40.387,41.739,42.891,43.264,43.285,43.697,44.227,44.831,45.434,46.472,47.947,50.081,51.927,53.311,54.003,54.518,,,,,,,,,,,,,,,,,,,,,
66.595,61.601,57.366,52.757,50.442,47.867,45.817,44.755,43.896,43.616,43.911,44.651,45.23,46.006,46.596,47.236,47.744,48.106,48.345,48.647,48.975,49.519,50.203,50.608,51.179,52.021,52.611,52.829,52.907,52.531,51.645,50.765,49.539,48.578,48.122,47.83,47.662,47.683,48.102,48.991,49.934,51.903,53.114,54.095,55.527,56.488,57.418,58.21,58.48,58.498,,,,,,,,,,,,,,,,,,,,,,,,,,,,,,,
86.555,82.936,79.264,76.289,73.486,71.341,69.981,68.679,67.855,66.992,66.683,66.729,66.986,67.262,67.648,68.109,68.909,69.578,70.137,70.416,70.703,70.913,71.069,71.185,71.211,70.994,70.729,70.412,69.409,68.147,66.761,65.691,64.551,63.624,63.016,62.386,62.123,62.157,62.533,63.181,63.913,64.541,65.521,66.493,67.122,67.793,68.215,68.437,68.603,68.726,68.763,68.809,68.911,,,,,,,,,,,,,,,,,,,,,,,,,,,,
63.417,61.092,59.069,57.118,55.728,54.674,53.709,53.157,52.933,52.965,53.097,53.229,52.934,52.432,51.763,51.237,50.972,50.883,50.995,51.129,51.177,51.213,51.322,51.62,52.561,53.401,54.566,56.071,57.86,59.122,60.013,60.419,59.613,58.666,56.679,55.77,55.236,55.069,55.135,55.404,55.767,56.118,56.404,56.8,56.912,56.928,56.905,56.934,57.062,57.361,57.804,58.167,58.452,58.656,58.865,59.177,59.511,59.823,60.197,60.505,60.701,,,,,,,,,,,,,,,,,,,,
76.285,70.334,64.013,59.508,56.482,53.807,52.548,52.397,53.756,55.122,56.029,56.515,56.614,56.422,56.11,55.925,55.928,56.05,56.144,56.076,55.658,55.239,55.229,55.503,56.019,56.646,57.634,58.782,59.713,60.532,60.638,59.583,58.522,56.734,54.605,53.242,52.437,52.407,52.799,53.328,54.019,55.334,57,58.477,58.966,58.967,,,,,,,,,,,,,,,,,,,,,,,,,,,,,,,,,,,
73.041,72.84,72.777,72.957,73.345,73.686,74.056,74.883,75.519,75.573,75.261,74.403,72.867,69.658,66.741,63.734,61.708,60.704,60.177,60.223,60.781,61.857,62.965,64.065,65.23,67.467,69.016,70.623,71.694,72.235,72.579,72.66,72.287,71.75,70.98,70.216,69.924,69.838,70.006,70.496,71.474,72.074,72.813,73.501,,,,,,,,,,,,,,,,,,,,,,,,,,,,,,,,,,,,,
81.822,79.069,75.657,72.701,69.774,67.801,66.216,65.208,64.426,64.292,64.722,65.45,66.441,67.147,67.696,68.347,68.704,68.737,68.474,67.968,67.481,67.259,67.562,68.096,68.558,69.11,69.589,69.652,69.791,69.297,68.867,68.058,67.067,65.537,63.54,60.192,57.088,55.313,53.468,52.779,52.533,52.798,53.04,53.557,54.326,55.141,56.208,57.414,59.027,60.745,62.469,63.952,65.243,67.321,68.962,70.273,71.543,72.106,,,,,,,,,,,,,,,,,,,,,,,
69.333,68.049,67.399,67.106,67.035,67.263,67.725,68.766,70.427,72.02,73.214,74.802,75.87,76.626,77.303,77.591,77.336,76.97,76.556,76.06,75.22,73.963,72.585,71.16,69.725,68.103,64.385,62.918,61.357,60.772,60.564,60.63,60.82,61.276,61.738,62.39,63.26,63.862,64.293,64.718,65.329,66.022,66.742,67.363,68.106,69.04,69.663,69.755,,,,,,,,,,,,,,,,,,,,,,,,,,,,,,,,,
83.224,77.541,72.372,66.888,62.958,60.878,58.908,57.688,57.442,58.331,59.452,61.645,63.951,65.72,66.977,67.971,68.392,68.84,69.001,69.058,68.83,68.511,67.668,67.134,66.514,65.899,65.118,64.428,63.735,62.881,61.84,60.557,59.033,57.433,56.149,55.256,54.97,54.689,54.853,55.383,56.08,56.717,57.577,58.533,59.915,60.731,61.507,62.263,62.547,62.412,62.024,61.76,61.953,62.806,64.348,65.608,67.558,69.773,71.133,72.177,72.709,,,,,,,,,,,,,,,,,,,,
69.653,67.301,64.668,62.317,60.416,59.384,58.504,57.988,57.906,58.224,58.976,59.825,61.045,62.047,62.524,62.429,61.888,61.323,60.31,59.303,58.357,58.113,58.436,59.6,61.843,63.813,66.751,69.494,72.246,73.922,74.792,74.915,73.831,70.653,66.258,60.894,56.903,54.154,51.448,49.049,47.687,47.32,47.696,48.318,49.465,51.206,53.166,55.255,58.121,60.584,63.176,65.543,66.44,66.81,66.635,66.459,65.982,65.692,65.792,65.857,65.826,65.824,66.113,,,,,,,,,,,,,,,,,,
73.549,68.496,65.456,62.286,59.365,57.084,56.058,54.963,54.492,54.759,55.633,56.874,57.967,59.057,59.865,60.512,60.785,60.755,60.36,59.811,58.928,57.9,56.903,55.956,55.551,55.171,55.526,56.172,56.388,56.459,56.254,55.591,54.851,53.945,53.234,53.554,53.885,54.26,55.014,55.254,55.236,55.188,54.691,53.733,52.979,52.441,52.062,52.298,53.046,54.282,56.094,57.645,59.263,60.582,61.66,62.84,63.84,64.829,65.327,65.508,,,,,,,,,,,,,,,,,,,,,
68.284,65.812,62.366,60.024,58.439,56.522,55.741,55.068,55.039,55.683,56.118,56.663,57.032,57.412,57.777,57.925,57.938,57.905,57.922,58.085,58.441,58.852,59.28,59.913,60.748,61.461,61.949,62.255,62.241,61.906,61.238,60.25,59.033,58.049,58.009,57.944,58.056,58.093,57.956,57.808,57.653,56.768,56.371,56.167,56.123,56.257,56.75,57.705,58.651,59.616,59.894,60.145,,,,,,,,,,,,,,,,,,,,,,,,,,,,,
80.152,77.026,73.434,69.803,67.879,65.343,63.815,62.455,61.74,61.654,62.359,63.556,64.847,65.589,65.871,65.874,65.643,65.394,65.279,65.627,66.115,67.268,68.442,70.234,71.665,72.931,74.757,76.464,78.356,79.207,79.275,78.971,77.519,73.425,68.905,64.633,62.161,60.903,60.289,60.189,60.911,61.69,62.974,64.638,66.24,68.19,69.814,71.183,72.504,73.661,74.492,74.545,74.129,73.235,72.084,71.308,70.787,69.991,70.595,70.909,71.094,71.137,71.24,71.316,,,,,,,,,,,,,,,,,
67.163,67.148,67.108,67.063,66.989,66.897,66.799,66.662,66.458,66.177,65.932,65.478,65.142,64.779,64.328,64.019,63.694,63.427,62.976,62.247,61.811,61.329,60.93,60.496,60.084,59.125,58.836,58.444,58.003,57.114,56.366,55.867,55.563,55.414,55.498,55.813,56.652,57.314,58.044,58.753,59.834,60.59,61.189,61.433,61.435,61.312,61.173,61.211,61.317,61.343,61.665,61.65,61.605,61.713,61.798,,,,,,,,,,,,,,,,,,,,,,,,,,
65.252,61.163,57.102,54.717,52.882,51.503,50.251,49.559,49.604,50.634,51.776,53.174,54.29,55.456,56.509,57.113,57.662,57.93,58.211,58.776,59.821,61.518,63.102,64.411,65.556,66.398,66.445,65.765,64.522,63.16,61.985,60.958,59.777,59.412,59.237,59.437,59.463,59.857,60.154,60.696,60.905,61.151,61.53,61.883,62.285,62.633,62.655,62.59,62.375,62.326,62.567,62.968,63.993,64.953,66.585,68.419,69.44,69.929,,,,,,,,,,,,,,,,,,,,,,,
74.791,71.655,70.546,68.916,67.592,66.594,65.888,64.686,63.787,63.322,62.869,62.552,62.294,62.004,61.693,61.483,61.417,61.54,61.836,62.372,62.915,63.553,63.68,63.746,63.86,63.82,63.646,63.488,63.322,63.084,62.948,62.94,62.854,62.637,61.866,61.053,60.341,59.947,59.757,59.471,59.365,59.483,59.743,60.052,60.52,60.881,60.999,60.861,60.678,60.436,60.382,60.48,60.713,61.187,61.663,62.275,63.264,64.535,65.081,65.351,65.361,,,,,,,,,,,,,,,,,,,,
89.086,83.922,80.499,77.669,75.35,72.717,69.841,68.012,66.229,64.685,63.982,63.455,62.998,62.773,62.834,63.188,64.283,65.239,66.008,67.191,67.789,68.328,68.545,68.547,68.603,68.819,68.981,69.459,70.293,70.898,71.494,71.821,71.783,71.123,69.619,67.639,66.523,65.179,63.91,62.873,62.172,62.017,62.318,62.82,63.622,64.802,66.028,67.166,68.474,69.447,70.162,70.367,,,,,,,,,,,,,,,,,,,,,,,,,,,,,
84.986,80.431,78.124,76.258,73.872,72.305,71.443,71.091,71.459,71.932,72.761,73.275,73.624,73.915,74.075,74.238,74.652,75.202,76.521,78.019,79.983,82.231,84.582,86.509,88.388,90.22,90.807,90.781,90.047,88.547,84.961,81.851,78.057,74.375,71.612,70.283,69.662,69.53,70.162,70.979,72.099,73.143,74.126,74.824,75.961,77.002,77.246,77.305,77.45,77.609,77.851,77.889,77.997,78.466,78.966,79.238,,,,,,,,,,,,,,,,,,,,,,,,,
75.483,72.498,69.89,67.949,66.772,65.924,65.449,65.46,65.779,66.805,68.315,69.67,71.137,72.54,73.606,74.31,74.827,75.087,75.255,75.358,75.511,75.624,75.824,76.862,76.985,76.911,76.598,75.722,73.881,72.288,70.2,68.468,67.226,65.863,64.623,63.374,62.65,62.055,62.026,62.385,62.973,63.907,64.839,65.637,66.428,67.079,67.579,68.488,69.115,70.395,71.31,72.153,72.721,73.254,73.395,,,,,,,,,,,,,,,,,,,,,,,,,,
55.847,52.901,50.855,48.018,46.401,44.905,43.864,43.071,42.737,42.701,42.955,43.315,43.856,44.538,45.093,45.551,45.912,46.339,46.784,47.03,47.133,47.028,46.786,46.503,46.071,45.71,45.259,45.051,44.991,44.914,45.018,45.247,45.547,45.851,46.226,46.751,47.32,47.817,48.295,48.532,48.618,48.48,48.266,47.947,47.522,46.828,46.485,46.201,46.16,46.28,46.437,46.421,46.014,45.541,45.006,44.012,43.469,42.795,42.161,42.077,42.036,41.994,42.061,,,,,,,,,,,,,,,,,,
