7072,7152,7245,7344,7456,7568,7660,7757,7820,7916,7996,8077,8176,8268,8380,8476,8560,8640,8720,8800,8896,8988,9088,9196,9297,9388,9472,9552,9632,9712,9805,9904,10016,10108,10208,10289,10368,10445,10525,10624,10716,10828,10940,11036,11120,11200,11280,11360,11456,11548,11648,11757,11840,11932,12028,12112,12204,12304,12396,12508,12620,12720,12828,12893,12988,13068,13152,13245,13356,13456,13549,,,,,,,,,,,
7073,7204,7328,7428,7520,7620,7732,7824,7936,8052,8148,8256,8352,8448,8544,8660,8785,8912,9024,9120,9220,9313,9424,9540,9664,9796,9904,9988,10080,10176,10273,10404,10532,10657,10768,10864,10960,11060,11152,11264,11396,11508,11616,11728,11808,11904,12016,12112,12244,12368,12468,12560,12660,12772,12884,12992,13092,13188,13296,,,,,,,,,,,,,,,,,,,,,,,
7041,7117,7196,7276,7376,7488,7600,7693,7788,7868,7948,8028,8110,8208,8300,8416,8512,8604,8684,8764,8844,8924,9020,9120,9228,9328,9420,9504,9584,9664,9744,9836,9936,10047,10160,10253,10333,10412,10496,10576,10656,10749,10860,10972,11068,11152,11232,11312,11392,11488,11580,11680,11788,11888,11980,12060,12140,12220,12300,12384,12496,12608,12700,12800,12880,12960,13036,,,,,,,,,,,,,,,
7012,7124,7216,7316,7408,7492,7572,7651,7744,7844,7956,8048,8148,8228,8306,8384,8465,8564,8656,8772,8867,8976,9076,9172,9252,9332,9424,9524,9636,9728,9824,9908,10000,10080,10176,10272,10384,10496,10595,10676,10756,10832,10912,10992,11091,11184,11296,11396,11488,11568,11648,11732,11812,11904,12003,12115,12224,12308,12387,12468,12548,12628,12723,12816,12915,13024,13108,13200,13280,13360,13440,13536,13620,13731,13843,13936,14019,,,,,
7088,7187,7299,7395,7488,7571,7651,7731,7824,7923,8035,8147,8240,8336,8416,8496,8576,8656,8755,8848,8960,9056,9139,9219,9299,9379,9460,9555,9648,9763,9859,9955,10048,10127,10208,10288,10371,10464,10576,10687,10787,10867,10948,11024,11104,11184,11283,11395,11507,11600,11696,11776,11856,11936,12016,12115,12208,12324,12419,12512,12592,12672,12752,12832,12928,13027,13136,13235,13328,13411,13491,13571,13664,,,,,,,,,
7092,7203,7296,7379,7456,7520,7600,7680,7776,7875,7984,8067,8163,8256,8339,8419,8512,8624,8723,8835,8944,9027,9107,9200,9280,9360,9456,9539,9651,9744,9827,9907,10000,10080,10160,10256,10339,10451,10563,10644,10736,10800,10880,10960,11059,11171,11264,11376,11475,11568,11636,11715,11792,11891,12003,12116,12224,12323,12416,12496,12576,12661,12739,12832,12931,13043,13136,13235,13316,13396,13472,13552,,,,,,,,,,
7057,7137,7217,7313,7396,7508,7604,7713,7813,7893,7969,8049,8129,8228,8340,8452,8545,8657,8737,8817,8897,8993,9076,9188,9284,9393,9492,9573,9649,9729,9828,9921,10033,10145,10260,10353,10432,10513,10593,10676,10769,10881,10993,11092,11173,11252,11348,11428,11508,11601,11713,11824,11921,12017,12097,12177,12257,12353,12436,12548,12660,12753,12836,12916,12996,13089,13169,13269,13380,13492,13585,,,,,,,,,,,
7056,7149,7245,7325,7390,7485,7568,7677,7776,7885,7984,8077,8176,8253,8333,8413,8512,8605,8717,8816,8909,8989,9069,9152,9232,9312,9425,9536,9645,9729,9821,9901,9981,10061,10157,10241,10352,10464,10557,10656,10736,10813,10893,10973,11072,11184,11296,11377,11469,11549,11632,11712,11805,11904,11997,12113,12208,12301,12381,12461,12541,12621,12717,12816,12925,,,,,,,,,,,,,,,,,
7021,7101,7181,7261,7328,7408,7520,7613,7725,7821,7904,7997,8077,8173,8256,8368,8464,8573,8657,8736,8816,8896,8976,9069,9181,9293,9392,9485,9565,9649,9728,9808,9901,10000,10112,10205,10301,10381,10461,10541,10621,10701,10800,10912,11021,11104,11197,11277,11357,11437,11533,11616,11728,11840,11933,12016,12096,12176,12256,12349,12448,12560,12672,12765,12864,12957,13053,13136,13229,13328,13440,13552,13645,13724,13805,13888,13968,14048,,,,
7040,7120,7200,7280,7360,7440,7540,7652,7760,7844,7936,8032,8112,8196,8288,8388,8500,8612,8720,8800,8880,8960,9040,9120,9220,9312,9424,9520,9605,9684,9764,9844,9940,10032,10132,10240,10352,10452,10544,10628,10708,10787,10880,10979,11092,11184,11280,11360,11440,11520,11601,11700,11792,11908,12003,12112,12192,12276,12356,12448,12544,12627,12739,12832,12932,13012,13092,13168,13248,13347,13440,13553,13664,13760,13844,,,,,,,
7005,7105,7184,7261,7341,7421,7521,7613,7724,7837,7933,8013,8093,8173,8253,8333,8433,8544,8653,8737,8845,8925,9008,9088,9181,9276,9373,9484,9584,9664,9744,9820,9901,10000,10080,10173,10285,10384,10477,10572,10640,10716,10801,10893,10973,11085,11196,11296,11389,11485,11565,11645,11728,11825,11916,12013,12097,12205,12288,12381,12460,12557,12636,12733,12845,12944,13037,13133,13201,13281,13360,13440,13553,13645,13744,13856,,,,,,
7088,7171,7252,7332,7428,7520,7620,7728,7828,7920,8000,8080,8160,8240,8323,8436,8548,8640,8740,8820,8896,8976,9056,9156,9248,9360,9472,9568,9648,9728,9808,9888,9988,10080,10196,10292,10388,10480,10560,10640,10720,10804,10896,11008,11120,11220,11300,11380,11456,11536,11616,11716,11828,11939,12032,12128,12192,12272,12356,12436,12528,12628,12740,12848,12931,13012,13092,13172,13251,13348,13440,13555,,,,,,,,,,
7012,7104,7216,7344,7456,7568,7696,7776,7860,7968,8052,8176,8288,8388,8480,8576,8660,8752,8864,8996,9108,9216,9316,9412,9504,9604,9700,9824,9956,10068,10176,10260,10340,10432,10544,10676,10788,10896,10996,11092,11184,11284,11380,11504,11636,11744,11828,11920,12016,12100,12224,12356,12468,12576,12676,12772,12864,12964,13060,13184,13316,13424,13508,,,,,,,,,,,,,,,,,,,
7060,7154,7236,7328,7408,7488,7600,7712,7824,7920,8004,8084,8164,8244,8324,8420,8512,8612,8720,8804,8884,8964,9056,9136,9232,9316,9428,9540,9632,9728,9796,9876,9955,10036,10128,10240,10352,10452,10544,10624,10708,10788,10880,10980,11092,11189,11284,11376,11456,11536,11616,11696,11792,11891,11988,12080,12164,12256,12336,12416,12496,12596,12708,12820,12932,13024,13092,13173,13248,13328,13427,13520,13632,,,,,,,,,
7036,7148,7260,7388,7501,7600,7692,7788,7872,7980,8076,8208,8320,8428,8512,8604,8700,8796,8908,9040,9152,9260,9344,9436,9549,9648,9744,9868,9981,10092,10188,10272,10380,10477,10588,10720,10832,10940,11024,11117,11232,11340,11436,11568,11680,11788,11872,11964,12060,12156,12288,12416,12528,12640,12732,12816,12909,13008,13104,13228,13340,13452,13564,13660,13744,,,,,,,,,,,,,,,,,
7072,7168,7248,7328,7440,7571,7699,7824,7920,8016,8096,8196,8288,8419,8531,8644,8736,8836,8928,9008,9120,9251,9379,9504,9616,9715,9808,9920,10032,10144,10244,10356,10464,10548,10627,10707,10800,10900,11024,11124,11236,11344,11440,11520,11619,11712,11827,11952,12051,12163,12256,12352,12436,12528,12640,12752,12884,12976,13076,13184,,,,,,,,,,,,,,,,,,,,,,
7072,7184,7296,7392,7472,7552,7632,7712,7812,7904,8020,8132,8244,8336,8420,8512,8592,8692,8784,8896,8992,9076,9156,9236,9316,9412,9504,9604,9712,9812,9904,9988,10067,10160,10227,10320,10420,10532,10625,10723,10804,10884,10960,11040,11140,11232,11344,11456,11552,11635,11716,11808,11888,11984,12068,12179,12276,12372,12464,12548,12628,12708,12800,12900,13012,13123,13205,13296,13392,13472,13552,13632,13732,13824,,,,,,,,
7053,7136,7216,7312,7404,7504,7616,7712,7804,7888,7980,8060,8160,8252,8364,8476,8576,8684,8768,8848,8940,9020,9120,9232,9344,9456,9536,9628,9708,9792,9872,9964,10068,10176,10272,10368,10448,10524,10604,10688,10768,10880,10992,11103,11196,11292,11376,11472,11552,11644,11760,11872,11984,12076,12156,12240,12332,12432,12512,12623,12736,12844,12928,13008,13088,13168,13248,13344,13440,13552,13664,,,,,,,,,,,
7072,7155,7236,7315,7396,7492,7584,7684,7792,7892,7984,8064,8144,8227,8307,8400,8512,8624,8723,8816,8896,8976,9060,9140,9232,9332,9443,9555,9648,9728,9808,9888,9968,10064,10163,10272,10372,10483,10576,10656,10739,10819,10912,11011,11123,11232,11315,11408,11488,11568,11664,11747,11859,11971,12083,12192,12275,12355,12448,12544,12627,12739,12851,12963,13044,13123,13219,13312,13392,13492,13604,,,,,,,,,,,
7041,7165,7277,7389,7489,7597,7680,7793,7917,8034,8157,8269,8369,8461,8557,8641,8753,8877,9005,9105,9213,9296,9392,9485,9597,9713,9837,9949,10049,10141,10241,10352,10464,10577,10688,10797,10893,10976,11072,11165,11277,11392,11517,11629,11729,11821,11917,12000,12112,12224,12349,12448,12557,12641,12733,12833,12944,13056,13184,13296,13405,13488,13581,13677,13773,13884,,,,,,,,,,,,,,,,
7072,7167,7264,7360,7455,7548,7628,7712,7791,7884,7983,8095,8188,8268,8348,8431,8511,8604,8704,8815,8928,9036,9120,9212,9292,9372,9451,9564,9676,9775,9868,9967,10048,10140,10236,10319,10431,10544,10655,10735,10828,10908,10988,11052,11132,11231,11324,11436,11548,11628,11711,11804,11884,11983,12064,12156,12268,12380,12476,12560,12651,12748,12828,12924,13023,13135,13244,13329,13420,13499,13595,13676,13756,13856,13968,,,,,,,
7024,7117,7216,7329,7424,7549,7661,7773,7869,7952,8046,8144,8269,8400,8512,8621,8733,8845,8957,9088,9216,9313,9421,9533,9629,9725,9825,9937,10061,10189,10288,10384,10477,10576,10669,10797,10909,11021,11133,11233,11325,11424,11517,11648,11776,11872,11982,12080,12176,12269,12368,12464,12589,12701,12813,12909,12992,13085,13184,13296,,,,,,,,,,,,,,,,,,,,,,
7045,7125,7217,7317,7428,7540,7632,7729,7809,7889,7969,8049,8148,8241,8356,8453,8545,8625,8705,8804,8884,8977,9076,9189,9268,9361,9445,9524,9604,9685,9778,9876,9988,10100,10192,10288,10372,10480,10561,10644,10737,10849,10948,11041,11124,11204,11284,11364,11457,11568,11680,11793,11889,11969,12049,12129,12212,12308,12400,12500,12608,12693,12785,12865,12944,13025,13120,13204,13316,13429,13520,13604,13680,13760,13840,,,,,,,
7056,7148,7248,7340,7421,7516,7596,7696,7788,7900,7996,8080,8172,8268,8348,8412,8508,8588,8688,8796,8896,8993,9088,9185,9264,9356,9436,9536,9628,9741,9840,9932,10000,10080,10156,10256,10336,10428,10540,10652,10748,10832,10912,11004,11084,11180,11276,11388,11500,11600,11680,11760,11856,11948,12028,12128,12236,12332,12428,12512,12592,12672,12752,12848,12940,13036,13136,13232,13324,13420,13500,13580,13660,13744,13856,13968,14060,14161,14241,,,
7044,7140,7253,7365,7477,7585,7669,7761,7860,7985,8097,8225,8324,8420,8516,8625,8724,8821,8933,9057,9169,9268,9377,9460,9553,9665,9777,9905,10004,10116,10224,10320,10433,10545,10677,10788,10897,10996,11105,11200,11300,11412,11537,11648,11748,11840,11936,12020,12133,12244,12372,12484,12596,,,,,,,,,,,,,,,,,,,,,,,,,,,,,
7005,7105,7197,7277,7356,7437,7516,7600,7712,7824,7936,8048,8128,8221,8320,8413,8513,8624,8736,8848,8929,9021,9116,9197,9281,9392,9504,9597,9696,9789,9884,9965,10044,10125,10205,10304,10416,10508,10608,10700,10780,10860,10944,11024,11136,11248,11357,11440,11520,11600,11692,11793,11885,11996,12108,12220,12300,12396,12476,12540,12624,12704,12784,12896,12988,13100,13196,13280,13360,13453,13549,,,,,,,,,,,
7008,7124,7248,7361,7460,7552,7652,7765,7876,7988,8116,8228,8321,8421,8512,8613,8724,8848,8960,9060,9168,9248,9332,9445,9556,9669,9796,9904,10000,10100,10208,10292,10404,10516,10640,10740,10848,10948,11044,11136,11249,11364,11488,11588,11680,11776,11861,11952,12052,12164,12288,12400,12500,12592,12692,12804,12916,13029,13156,13268,13376,13461,13552,13652,13764,13876,14000,,,,,,,,,,,,,,,
7040,7124,7232,7316,7428,7539,7664,7780,7892,7984,8096,8196,8308,8432,8564,8672,8772,8868,8964,9072,9168,9299,9412,9524,9616,9716,9796,9888,10000,10112,10240,10340,10436,10544,10627,10720,10820,10931,11040,11152,11252,11344,11440,11524,11620,11731,11840,11971,12096,12196,12276,12384,12480,12579,12691,12800,12896,12996,13104,13187,13280,13379,,,,,,,,,,,,,,,,,,,,
7021,7105,7197,7297,7409,7521,7613,7709,7789,7869,7953,8065,8157,8269,8369,8461,8558,8641,8737,8817,8909,9022,9137,9233,9325,9405,9485,9581,9661,9745,9837,9949,10048,10141,10225,10305,10381,10461,10545,10657,10769,10881,10973,11053,11149,11229,11309,11389,11489,11601,11709,11793,11885,11965,12045,12125,12221,12306,12417,12529,12621,12705,12801,12877,12957,13037,13137,13229,13341,13440,13533,13613,13693,13776,13856,13949,14049,14161,14269,14349,14432,14513
7069,7197,7297,7409,7501,7597,7696,7793,7917,8049,8157,8253,8353,8464,8557,8669,8785,8897,9008,9089,9181,9280,9389,9485,9617,9741,9857,9969,10064,10173,10272,10365,10477,10589,10701,10813,10912,11021,11104,11197,11328,11440,11549,11649,11741,11821,11901,11985,12096,12221,12336,12448,12557,12653,12733,12829,12944,13056,,,,,,,,,,,,,,,,,,,,,,,,
7039,7120,7219,7311,7411,7519,7619,7712,7796,7875,7955,8036,8128,8228,8339,8432,8531,8611,8691,8768,8848,8947,9039,9152,9263,9343,9439,9519,9600,9680,9759,9860,9952,10063,10159,10244,10323,10403,10483,10579,10672,10771,10879,10979,11072,11155,11236,11315,11395,11488,11587,11699,11791,11891,11971,12051,12127,12207,12308,12419,12532,12639,12723,12815,12896,12975,13055,13152,13236,13347,13444,13539,13631,,,,,,,,,
7108,7233,7332,7441,7524,7616,7716,7828,7956,8068,8180,8272,8368,8452,8560,8656,8788,8912,9012,9104,9200,9284,9377,9488,9620,9732,9841,9940,10032,10128,10240,10336,10468,10592,10692,10785,10880,10964,11056,11168,11300,11412,11521,11620,11712,11808,11908,12004,12128,12260,12368,12464,12576,12688,12788,12884,13008,13120,13232,13328,13412,13520,13636,13761,13876,13988,14084,14176,14257,14356,,,,,,,,,,,,
7024,7104,7196,7308,7408,7500,7612,7692,7776,7856,7932,8016,8108,8220,8332,8444,8524,8604,8684,8764,8860,8960,9068,9168,9260,9344,9436,9516,9596,9696,9788,9900,10012,10124,10220,10304,10384,10460,10543,10640,10732,10831,10928,11020,11104,11196,11277,11356,11456,11548,11648,11760,11852,11952,12031,12112,12188,12288,12380,12480,12588,12684,12764,12844,12924,13007,13100,13180,13280,13372,13469,13548,13632,13712,13792,13888,13968,14080,,,,
7036,7148,7261,7372,7468,7552,7644,7725,7821,7904,7997,8108,8220,8320,8401,8480,8557,8636,8716,8816,8908,9020,9120,9213,9292,9372,9456,9548,9648,9760,9868,9968,10060,10140,10220,10300,10380,10464,10556,10668,10768,10881,10960,11040,11116,11196,11296,11389,11500,11612,11724,11804,11884,11964,12044,12140,12224,12336,12448,12540,12640,12732,12816,12896,12988,13088,13200,13312,13404,13500,13584,,,,,,,,,,,
7072,7171,7251,7347,7427,7507,7600,7680,7792,7903,8003,8096,8178,8243,8335,8420,8500,8591,8691,8784,8880,8963,9056,9152,9236,9327,9428,9540,9632,9715,9795,9887,9955,10035,10115,10228,10320,10432,10543,10640,10720,10800,10880,10979,11072,11188,11283,11376,11456,11552,11632,11712,11795,11903,11987,12100,12211,12291,12371,12448,12528,12627,12720,12819,,,,,,,,,,,,,,,,,,
7044,7124,7216,7296,7396,7507,7619,7712,7808,7888,7968,8048,8128,8240,8340,8448,8548,8644,8724,8803,8883,8964,9056,9168,9280,9379,9472,9552,9648,9728,9808,9908,10000,10100,10208,10292,10372,10452,10531,10624,10720,10820,10928,11027,11120,11203,11284,11364,11444,11536,11636,11747,11860,11953,12032,12112,12195,12276,12368,12467,12579,12688,12772,12864,12944,13024,13104,13200,13284,13396,13508,13587,13666,13760,13824,,,,,,,
7040,7152,7248,7332,7412,7492,7572,7668,7760,7860,7968,8052,8144,8225,8304,8384,8464,8560,8660,8768,8868,8960,9060,9136,9216,9316,9408,9508,9620,9712,9812,9892,9972,10064,10164,10257,10368,10480,10560,10660,10740,10816,10896,10996,11108,11200,11312,11408,11492,11572,11648,11732,11812,11920,12020,12128,12212,12308,12400,12484,12564,12656,12757,12868,12980,13088,13168,13248,13328,13408,13488,13568,13668,13780,13888,,,,,,,
7076,7168,7284,7380,7472,7552,7633,7728,7812,7904,8016,8128,8228,8320,8400,8484,8576,8656,8756,8868,8976,9076,9152,9232,9312,9392,9472,9568,9668,9776,9876,9968,10048,10128,10209,10288,10384,10484,10596,10708,10800,10880,10948,11047,11124,11204,11296,11408,11520,11616,11696,11776,11856,11936,12016,12116,12208,12308,12416,12500,12580,12672,12752,12848,12932,13044,13156,13248,13348,13428,13508,13584,,,,,,,,,,
7024,7120,7200,7281,7361,7444,7540,7632,7748,7844,7940,8032,8112,8192,8272,8356,8450,8560,8672,8772,8864,8960,9040,9120,9200,9300,9410,9504,9600,9684,9764,9844,9924,10020,10112,10212,10320,10433,10532,10612,10708,10788,10867,10960,11072,11184,11301,11396,11492,11568,11668,11760,11860,11972,12080,12163,12244,12324,12400,12480,12560,12659,12752,12864,12960,13044,,,,,,,,,,,,,,,,
7043,7155,7267,7376,7459,7552,7631,7727,7808,7891,7984,8096,8195,8288,8387,8467,8544,8624,8723,8816,8928,9027,9120,9215,9280,9347,9444,9523,9636,9744,9827,9920,10015,10096,10179,10272,10367,10463,10563,10656,10739,10836,10911,11011,11091,11171,11283,11395,11488,11587,11667,11748,11827,11924,12016,12115,12223,12307,12400,12480,12560,12640,12719,12816,12915,13023,13123,13235,13315,13411,13491,13568,13652,,,,,,,,,
7076,7169,7249,7330,7409,7489,7588,7701,7813,7905,8004,8085,8160,8241,8320,8420,8513,8625,8736,8833,8913,8993,9073,9153,9232,9332,9444,9553,9636,9729,9808,9889,9969,10064,10148,10260,10372,10484,10565,10644,10720,10801,10881,10980,11092,11204,11316,11408,11488,11568,11648,11744,11828,11940,12052,12144,12244,12336,12420,12500,12580,12672,12784,12896,12992,13089,13168,13265,13344,13428,13520,13632,13744,13844,13924,,,,,,,
7005,7101,7181,7261,7344,7457,7568,7661,7761,7841,7933,8016,8097,8189,8289,8400,8509,8592,8685,8781,8861,8942,9025,9137,9249,9341,9440,9521,9601,9677,9776,9869,9969,10080,10188,10285,10381,10461,10544,10625,10717,10829,10941,11040,11133,11213,11293,11376,11456,11549,11648,11760,11869,11965,12064,12157,12224,12304,12396,12496,12609,12701,12800,12880,12973,13056,13149,13249,,,,,,,,,,,,,,
7089,7197,7309,7421,7521,7601,7681,7757,7857,7938,8050,8161,8269,8353,8445,8541,8625,8717,8817,8909,9021,9133,9229,9293,9373,9457,9537,9629,9729,9837,9933,10029,10113,10205,10285,10365,10465,10557,10669,10781,10880,10961,11041,11117,11217,11309,11408,11521,11629,11713,11805,11885,11965,12065,12157,12269,12369,,,,,,,,,,,,,,,,,,,,,,,,,
7028,7108,7200,7300,7393,7476,7555,7635,7748,7840,7952,8048,8132,8224,8304,8384,8484,8576,8688,8788,8880,8964,9044,9124,9204,9284,9376,9488,9600,9700,9792,9872,9956,10036,10128,10240,10340,10448,10548,10640,10720,10800,10885,10976,11076,11168,11280,11380,11472,11552,11635,11716,11808,11910,12000,12116,12209,12288,12368,12448,12528,12608,12708,12800,12916,13012,,,,,,,,,,,,,,,,
7057,7136,7228,7340,7452,7552,7645,7724,7808,7888,7968,8060,8160,8272,8352,8432,8525,8620,8704,8784,8880,8972,9088,9180,9264,9356,9437,9533,9613,9696,9808,9920,10012,10112,10192,10272,10348,10448,10541,10640,10752,10860,10944,11036,11116,11196,11276,11372,11468,11581,11692,11792,11885,11964,12048,12129,12208,12300,12412,12525,12620,12704,12784,12864,12944,13041,13132,13232,13341,13440,13532,13616,13696,13788,13869,13968,,,,,,
7028,7120,7220,7312,7392,7472,7552,7632,7716,7828,7940,8032,8132,8211,8304,8387,8468,8560,8660,8768,8852,8932,9012,9092,9168,9248,9328,9427,9520,9632,9732,9824,9904,9984,10067,10160,10260,10352,10468,10564,10656,10736,10816,10912,10992,11075,11168,11280,11381,11472,11555,11636,11718,11796,11888,11988,12100,12212,12304,12384,12464,12547,12627,12708,12800,12900,13011,13104,13200,13280,13360,13440,13520,13620,13712,13828,13923,,,,,
7027,7120,7231,7328,7411,7492,7583,7664,7744,7827,7907,8019,8127,8211,8304,8384,8463,8532,8607,8687,8787,8899,8991,9087,9171,9251,9331,9411,9487,9568,9679,9791,9907,9999,10084,10159,10243,10335,10416,10527,10640,10739,10819,10911,10995,11071,11155,11247,11360,11471,11568,11663,11743,11823,11903,11988,12079,12160,12275,12371,12479,12559,12643,12720,12799,12879,12979,13075,13172,13279,13363,13455,,,,,,,,,,
7053,7133,7200,7277,7357,7457,7549,7661,7758,7837,7920,7997,8077,8157,8237,8337,8429,8541,8641,8733,8813,8893,8989,9069,9181,9277,9361,9469,9549,9633,9709,9789,9868,9949,10066,10176,10269,10352,10445,10540,10621,10705,10796,10896,11009,11120,11213,11293,11372,11457,11536,11629,11728,11820,11933,12029,12112,12192,12272,12352,12432,12528,12620,12736,12832,12928,13020,13085,13181,13260,13344,13457,,,,,,,,,,
7009,7105,7201,7297,7405,7489,7569,7649,7729,7821,7933,8045,8145,8237,8317,8401,8481,8561,8641,8733,8845,8957,9057,9137,9217,9297,9377,9473,9565,9681,9793,9885,9970,10049,10129,10208,10301,10401,10512,10625,10717,10816,10896,10976,11057,11153,11245,11345,11437,11534,11617,11709,11789,11885,11969,12061,12173,12285,12397,12477,12557,12640,12720,12800,12893,12992,13105,13216,13309,,,,,,,,,,,,,
7085,7184,7296,7408,7500,7597,7680,7760,7840,7936,8028,8128,8237,8320,8413,8493,8573,8669,8752,8845,8944,9056,9149,9248,9328,9404,9485,9564,9664,9756,9869,9968,10060,10140,10220,10304,10384,10464,10556,10668,10781,10881,10972,11053,11148,11228,11312,11405,11516,11616,11725,11792,11872,11952,12032,12112,12204,12317,12428,12528,12636,12717,12796,12877,12956,13056,13148,13261,13356,13440,13520,13600,13680,13760,13856,,,,,,,
7056,7156,7248,7360,7460,7552,7632,7713,7796,7877,7956,8048,8160,8272,8368,8452,8532,8612,8692,8788,8880,8980,9088,9188,9284,9364,9444,9524,9604,9699,9808,9920,10020,10112,10192,10277,10356,10436,10528,10628,10720,10832,10929,11008,11088,11168,11248,11328,11428,11540,11648,11732,11824,11904,11984,12065,12160,12244,12356,12468,12560,12644,12724,12804,12884,12964,13056,13168,13280,13380,13472,,,,,,,,,,,
7072,7156,7252,7329,7408,7488,7569,7664,7760,7872,7984,8084,8176,8272,8356,8435,8550,8659,8772,8884,8976,9072,9168,9248,9348,9442,9552,9664,9761,9844,9939,10021,10100,10192,10291,10387,10500,10611,10709,10804,10884,10979,11059,11152,11251,11344,11443,11538,11617,11715,11808,11907,12003,12112,12224,12323,12404,12496,12592,12672,12772,12864,12979,13076,13172,13248,13316,13397,13488,13587,13702,13811,,,,,,,,,,
7023,7136,7248,7351,7456,7536,7620,7727,7824,7936,8048,8160,8255,8352,8448,8544,8656,8771,8896,9008,9120,9200,9299,9411,9523,9636,9763,9875,9967,10067,10163,10260,10367,10483,10595,10675,10787,10879,10975,11059,11184,11315,11443,11555,11667,11776,11872,11971,12095,12227,12339,12448,12551,12639,12735,12852,12963,13088,13216,13315,13411,13523,13619,13735,13856,13984,14080,14175,14272,,,,,,,,,,,,,
7042,7136,7216,7296,7376,7477,7570,7684,7777,7856,7944,8020,8101,8180,8276,8388,8497,8581,8677,8769,8834,8929,9015,9106,9205,9317,9426,9510,9586,9653,9733,9826,9907,10018,10130,10229,10338,10423,10501,10594,10694,10786,10898,10998,11106,11186,11266,11346,11426,11526,11621,11722,11802,11910,11990,12066,12153,12243,12331,12435,12536,12630,12727,12823,12902,12997,13076,13187,13299,13399,13482,13571,13651,13748,13828,13908,14008,14100,,,,
7041,7121,7217,7296,7389,7494,7582,7681,7758,7841,7921,8017,8125,8227,8336,8448,8533,8609,8685,8765,8864,8957,9057,9149,9261,9357,9440,9533,9613,9709,9789,9869,9974,10077,10173,10273,10386,10480,10556,10639,10736,10829,10909,11008,11101,11200,11292,11389,11469,11549,11648,11759,11854,11952,12045,12144,12224,12317,12398,12496,12608,12701,12782,12880,12961,13037,13119,13216,13309,,,,,,,,,,,,,
7037,7117,7217,7297,7391,7501,7613,7709,7793,7885,7965,8061,8141,8221,8321,8433,8545,8653,8749,8817,8892,8973,9057,9149,9261,9375,9485,9585,9661,9745,9825,9920,10016,10129,10240,10333,10417,10520,10610,10701,10801,10884,10993,11085,11181,11264,11344,11425,11505,11600,11693,11792,11901,11985,12077,12173,12253,12333,12417,12511,12621,12733,12833,12941,13021,13101,13181,13261,13360,13453,13555,,,,,,,,,,,
7056,7136,7236,7316,7428,7540,7632,7728,7792,7888,7968,8052,8160,8260,8368,8468,8561,8640,8720,8804,8884,8976,9088,9200,9300,9384,9460,9552,9636,9728,9828,9920,10035,10131,10224,10307,10384,10465,10533,10627,10710,10800,10899,10992,11092,11171,11280,11364,11444,11536,11648,11760,11859,11940,12020,12116,12211,12308,12400,12480,12579,12672,12772,12864,12944,13024,13120,13207,13317,13427,13521,13620,13699,13796,13904,14000,,,,,,
7069,7168,7276,7388,7503,7600,7680,7760,7856,7948,8048,8156,8240,8332,8412,8509,8588,8668,8752,8848,8956,9069,9168,9260,9344,9424,9504,9596,9696,9788,9888,9996,10078,10156,10236,10304,10380,10464,10576,10669,10768,10880,10960,11041,11132,11228,11308,11407,11504,11616,11712,11792,11872,11964,12032,12113,12220,12316,12428,12540,12636,12704,12783,12860,12944,13036,13148,13247,13356,13436,13520,13612,13708,,,,,,,,,
7028,7140,7232,7328,7412,7504,7604,7716,7828,7940,8020,8113,8208,8293,8384,8496,8608,8721,8832,8928,9013,9098,9184,9284,9396,9508,9616,9700,9792,9872,9968,10052,10165,10276,10388,10480,10560,10645,10736,10804,10896,10976,11088,11200,11300,11392,11488,11568,11648,11728,11808,11921,12020,12116,12208,12292,12368,12448,12528,12608,12708,,,,,,,,,,,,,,,,,,,,,
7051,7195,7307,7423,7515,7643,7727,7835,7920,8017,8144,8283,8415,8511,8619,8719,8842,8955,9066,9167,9280,9386,9483,9631,9755,9887,9995,10122,10251,10362,10490,10602,10703,10795,10938,11050,11163,11291,11435,11514,11615,11723,11834,11978,12091,12223,12363,12495,12603,12719,12863,12959,13083,13215,13344,13455,13632,13743,,,,,,,,,,,,,,,,,,,,,,,,
7066,7147,7515,7627,7738,7873,7995,8107,8219,8331,8480,8586,8683,8816,8906,9018,9115,9200,9312,9423,9563,9696,9787,9978,10106,10240,10336,10442,10555,10656,10779,10939,11067,11151,11276,11418,11531,11616,11707,11803,11898,11995,12111,12234,12347,12480,12592,12720,12832,12954,13067,13179,13307,13408,13504,13600,,,,,,,,,,,,,,,,,,,,,,,,,,
7046,7173,7317,7440,7584,7712,7841,7984,8097,8192,8289,8422,8512,8624,8740,8838,8950,9057,9189,9329,9446,9553,9686,9792,9921,10032,10113,10292,10405,10533,10673,10769,10917,11013,11153,11254,11396,11510,11617,11718,11830,11921,12053,12193,12320,12432,12595,12812,13007,13219,13389,13566,13765,,,,,,,,,,,,,,,,,,,,,,,,,,,,,
7098,7182,7310,7418,7546,7647,7738,7866,8010,8110,8254,8378,8479,8590,8698,8810,8942,9050,9178,9306,9390,9530,9658,9770,9898,10015,10138,10270,10398,10538,10666,10746,10894,11018,11130,11262,11370,11502,11646,11728,11838,11951,12046,12170,12266,12382,12495,12618,12730,12846,12970,13103,13210,13306,13386,13498,13610,13727,13870,,,,,,,,,,,,,,,,,,,,,,,
7065,7193,7305,7438,7529,7641,7774,7865,7966,8105,8217,8329,8430,8553,8670,8782,8905,9017,9145,9262,9417,9546,9646,9758,9854,9977,10105,10201,10313,10459,10575,10718,10846,10969,11070,11177,11273,11385,11486,11609,11726,11817,11913,12030,12153,12297,12399,12489,12585,12713,12793,12926,13033,13118,13226,13326,13449,13549,13694,13833,13945,14057,14169,14318,14441,,,,,,,,,,,,,,,,,
7024,7136,7249,7345,7440,7574,7701,7846,7957,8102,8208,8310,8401,8513,8614,8736,8839,8929,9025,9142,9265,9382,9525,9638,9749,9878,10001,10133,10247,10337,10449,10641,10817,11029,11235,11425,11606,11788,12007,12227,12400,12607,12778,12970,13203,13408,,,,,,,,,,,,,,,,,,,,,,,,,,,,,,,,,,,,
7003,7120,7244,7355,7488,7601,7691,7819,7964,8063,8156,8251,8348,8491,8609,8731,8844,8977,9178,9297,9408,9499,9631,9743,9868,9968,10095,10218,10331,10431,10523,10623,10735,10859,10988,11089,11211,11323,11436,11583,11691,11787,11888,12032,12143,12251,12363,12527,12640,12730,12858,,,,,,,,,,,,,,,,,,,,,,,,,,,,,,,
7056,7180,7275,7371,7487,7627,7723,7835,7995,8139,8252,8364,8524,8635,8747,8896,9009,9132,9265,9356,9457,9564,9664,9787,9915,10031,10155,10267,10395,10475,10576,10689,10795,10924,11067,11153,11307,11441,11563,11660,11760,11872,11996,12091,12235,12363,12475,12571,12672,12795,12876,13004,13115,13248,13387,13483,13612,13723,13835,,,,,,,,,,,,,,,,,,,,,,,
7036,7148,7260,7383,7516,7628,7767,7895,8023,8140,8252,8364,8476,8615,8743,8871,9015,9143,9255,9356,9479,9596,9735,9852,9944,10055,10156,10268,10396,10508,10663,10775,10855,11004,11095,11223,11367,11500,11607,11735,11847,11964,12071,12215,12343,12460,12583,12695,12808,12908,13015,13127,13223,13356,13436,13575,13708,13831,,,,,,,,,,,,,,,,,,,,,,,,
7054,7166,7282,7406,7518,7632,7790,7891,8014,8174,8287,8387,8466,8606,8738,8850,8942,9026,9138,9266,9374,9493,9651,9774,9907,10018,10146,10255,10350,10446,10558,10654,10755,10878,11010,11138,11250,11362,11506,11587,11726,11826,11950,12050,12174,12274,12366,12498,12606,12739,,,,,,,,,,,,,,,,,,,,,,,,,,,,,,,,
7044,7167,7327,7440,7583,7701,7796,7919,8047,8150,8271,8388,8501,8623,8735,8868,8996,9119,9200,9300,9413,9556,9679,9807,9941,10100,10192,10356,10495,10678,10800,10896,11040,11175,11296,11430,11567,11711,11840,11973,12111,12228,12340,12436,12559,12661,,,,,,,,,,,,,,,,,,,,,,,,,,,,,,,,,,,,
8490,8603,8715,8843,8976,9066,9168,9290,9435,9514,9658,9744,9917,10048,10138,10267,10362,10464,10555,10688,10768,10907,11002,11119,11216,11322,11423,11546,11680,11809,11931,12075,12154,12256,12367,12496,12667,12782,12874,12987,13114,13243,13338,13471,,,,,,,,,,,,,,,,,,,,,,,,,,,,,,,,,,,,,,
7089,7216,7360,7489,7617,7775,7907,8016,8133,8240,8389,8503,8613,8773,8896,9025,9157,9249,9350,9461,9573,9681,9797,9905,10016,10145,10273,10450,10568,10689,10792,10918,11032,11144,11457,11560,11672,11800,11975,12114,12257,12406,12553,12677,12768,12901,13013,13136,13252,13377,13537,13648,13780,,,,,,,,,,,,,,,,,,,,,,,,,,,,,
7103,7184,7311,7396,7504,7589,7711,7827,7924,8063,8176,8368,8479,8612,8707,8832,8961,9078,9206,9316,9412,9540,9631,9766,9892,9989,10112,10239,10340,10464,10597,10691,10816,10980,11107,11263,11408,11552,11680,11795,11952,12052,12143,12255,12356,12447,12592,12703,12787,12899,12991,13124,13236,13363,13471,13583,13700,13812,,,,,,,,,,,,,,,,,,,,,,,,
7087,7232,7345,7440,7600,7731,7859,7983,8127,8223,8340,8468,8579,8703,8851,8944,9075,9188,9296,9423,9539,9663,9763,9856,9967,10100,10211,10323,10432,10575,10687,10783,10879,11027,11139,11251,11363,11507,11603,11727,11871,11972,12063,12207,12291,12387,12527,12640,12784,12899,13023,13187,13295,13407,13507,13615,13711,13879,14016,,,,,,,,,,,,,,,,,,,,,,,
7043,7194,7354,7486,7594,7721,7837,7962,8089,8234,8366,8489,8672,8794,8928,9033,9133,9258,9370,9465,9551,9673,9801,9886,9977,10153,10270,10398,10494,10633,10737,10859,10970,11120,11274,11402,11547,11690,11809,11920,12043,12178,12314,12458,12571,12720,12833,12970,13099,13274,13402,13521,13642,,,,,,,,,,,,,,,,,,,,,,,,,,,,,
7073,7185,7328,7458,7618,7746,7865,7987,8136,8280,8402,8562,8689,8816,8960,9089,9191,9281,9392,9520,9681,9778,9890,10025,10178,10308,10420,10533,10645,10752,10849,10982,11072,11173,11265,11409,11557,11649,11728,11861,12001,12151,12289,12392,12512,12629,12754,12902,13009,13172,13296,13408,13568,,,,,,,,,,,,,,,,,,,,,,,,,,,,,
7034,7182,7290,7406,7518,7642,7758,7882,8014,8142,8266,8362,8490,8618,8750,8863,8970,9054,9178,9259,9402,9518,9630,9774,9866,9982,10095,10218,10330,10462,10602,10734,10826,10958,11050,11166,11290,11422,11546,11674,11774,11886,12042,12142,12270,12362,12474,12586,12686,12778,12890,12991,13082,13210,13326,13418,13550,13646,,,,,,,,,,,,,,,,,,,,,,,,
7023,7123,7268,7407,7535,7631,7731,7855,7955,8067,8164,8287,8388,8479,8591,8688,8803,8916,9007,9167,9251,9379,9491,9615,9727,9843,9940,10079,10207,10292,10415,10531,10627,10735,10847,10947,11087,11203,11328,11455,11555,11667,11759,11859,12003,12131,12255,12367,12479,12576,12687,12815,12927,13023,13155,13267,13395,13491,13588,,,,,,,,,,,,,,,,,,,,,,,
7106,7195,7308,7435,7547,7660,7759,7840,7952,8059,8178,8303,8427,8559,8672,8811,8913,9019,9115,9227,9308,9420,9547,9644,9743,9898,10028,10156,10252,10429,10544,10668,10816,10987,11100,11211,11311,11436,11535,11695,11819,11952,12059,12172,12298,12427,12560,12687,12780,12907,13024,13151,13263,13409,13530,13688,13827,,,,,,,,,,,,,,,,,,,,,,,,,
7040,7131,7264,7372,7499,7627,7755,7873,7984,8112,8235,8370,8480,8592,8731,8843,8987,9104,9211,9323,9451,9595,9691,9803,9915,10043,10192,10320,10432,10576,10667,10784,10896,11008,11099,11243,11376,11483,11595,11696,11819,11920,12032,12144,12257,12369,12465,12587,12688,12801,12923,13051,13163,13248,13355,13467,13563,13691,13825,,,,,,,,,,,,,,,,,,,,,,,
7017,7118,7273,7385,7513,7613,7705,7849,7998,8094,8201,8302,8393,8521,8617,8713,8809,8921,9054,9182,9273,9374,9449,9561,9678,9774,9902,9993,10105,10238,10350,10441,10553,10670,10825,10937,11065,11161,11289,11433,11550,11673,11801,11918,12009,12158,12249,12334,12462,12553,12665,12809,12921,13065,13161,13294,13422,13518,13641,,,,,,,,,,,,,,,,,,,,,,,
7109,7199,7312,7424,7541,7652,7760,7855,7988,8096,8229,8351,8464,8575,8720,8820,8917,9029,9151,9285,9414,9509,9616,9727,9829,9952,10084,10176,10277,10404,10500,10596,10720,10821,10959,11088,11188,11279,11429,11520,11652,11765,11892,11990,12095,12229,12320,12448,12533,12655,12783,12884,13008,13140,13269,13343,13472,13572,13680,13775,13920,14031,14181,14271,14480,14607,14710,14799,14911,15012,15141,15263,15348,,,,,,,,,
7076,7200,7300,7424,7520,7652,7728,7844,7968,8080,8208,8340,8480,8596,8688,8848,8960,9061,9172,9264,9360,9476,9600,9712,9808,9924,10032,10144,10287,10400,10516,10612,10719,10852,10975,11108,11188,11300,11392,11488,11584,11712,11840,11952,12080,12208,12292,12421,12528,12676,12768,12896,13008,13120,13232,,,,,,,,,,,,,,,,,,,,,,,,,,,
7114,7215,7338,7435,7520,7610,7722,7834,7967,8074,8186,8298,8410,8507,8623,8746,8826,8954,9087,9178,9306,9423,9535,9674,9786,9887,9967,10122,10239,10335,10426,10554,10655,10767,10874,11003,11115,11231,11375,11498,11616,11711,11840,11978,12074,12186,12298,12398,12527,12639,12762,12874,12975,,,,,,,,,,,,,,,,,,,,,,,,,,,,,
7023,7162,7278,7370,7482,7594,7695,7823,7946,8058,8218,8319,8431,8522,8655,8762,8874,8970,9082,9210,9354,9434,9547,9674,9771,9871,9962,10090,10175,10282,10415,10506,10602,10714,10842,10954,11051,11146,11274,11375,11514,11611,11723,11834,11962,12091,12207,12331,12490,12622,12762,,,,,,,,,,,,,,,,,,,,,,,,,,,,,,,
7072,7184,7285,7376,7519,7620,7732,7812,7904,8036,8160,8272,8400,8528,8640,8752,8880,8992,9124,9200,9312,9412,9541,9664,9792,9888,10032,10116,10208,10308,10432,10543,10671,10756,10868,10961,11072,11188,11312,11392,11504,11605,11760,11839,11952,12053,12164,12271,12356,12468,12580,12708,12832,12932,13024,13124,13231,13360,13488,13588,13732,13825,13924,14048,,,,,,,,,,,,,,,,,,
7007,7147,7260,7371,7503,7643,7755,7856,7963,8059,8191,8299,8443,8544,8668,8767,8895,9007,9131,9211,9323,9424,9535,9627,9739,9851,9979,10064,10171,10347,10464,10587,10671,10811,10923,11071,11195,11295,11419,11519,11611,11743,11855,11979,12063,12187,12299,12411,12511,12651,12783,12891,12987,13099,13211,13291,,,,,,,,,,,,,,,,,,,,,,,,,,
7127,7301,7413,7553,7650,7765,7858,7969,8129,8230,8343,8481,8566,8690,8817,8919,9061,9154,9264,9346,9447,9570,9713,9872,9973,10081,10176,10278,10369,10485,10562,10674,10822,10929,11047,11174,11286,11399,11522,11618,11704,11826,11959,12082,12199,12322,12449,12561,12647,12753,,,,,,,,,,,,,,,,,,,,,,,,,,,,,,,,
7471,7587,7711,7822,7967,8095,8195,8287,8371,8462,8563,8675,8782,8895,9023,9107,9230,9375,9503,9603,9763,9859,9966,10078,10175,10303,10415,10527,10623,10735,10863,11011,11102,11203,11316,11471,11587,11695,11806,11939,12035,12142,12255,12355,12467,12627,12735,12835,12963,13091,13248,13359,13470,13632,13763,13936,14083,14226,,,,,,,,,,,,,,,,,,,,,,,,
7023,7166,7268,7407,7551,7662,7764,7875,7988,8096,8208,8339,8471,8580,8704,8815,8894,9027,9151,9267,9391,9491,9604,9716,9829,9966,10110,10260,10383,10468,10595,10676,10815,10931,11044,11167,11295,11395,11518,11615,11747,11822,11952,12046,12126,12227,12318,12415,12547,12654,12751,12918,13028,13166,13268,13406,13503,13614,13726,13823,13955,,,,,,,,,,,,,,,,,,,,,
7056,7199,7280,7382,7489,7572,7711,7809,7936,8047,8198,8340,8464,8592,8720,8848,8960,9119,9248,9332,9446,9567,9670,9776,9887,10020,10112,10212,10320,10417,10518,10608,10740,10852,11014,11092,11216,11329,11457,11590,11696,11812,11920,12036,12127,12256,12399,12532,12629,12740,12864,12977,13120,13220,13350,13472,13584,,,,,,,,,,,,,,,,,,,,,,,,,
7113,7230,7321,7406,7566,7679,7807,7913,8030,8153,8254,8398,8494,8617,8750,8841,8975,9086,9182,9294,9406,9487,9609,9721,9833,9934,10025,10137,10271,10361,10441,10542,10665,10766,10905,11097,11209,11306,11422,11513,11662,11758,11855,11965,12042,12169,12281,12361,12495,12633,12745,12857,12969,13113,13214,13325,13465,13565,13673,,,,,,,,,,,,,,,,,,,,,,,
7039,7135,7236,7359,7460,7567,7663,7764,7935,8079,8207,8308,8420,8527,8644,8767,8868,8960,9108,9231,9364,9477,9615,9764,9887,10020,10132,10260,10356,10495,10628,10740,10852,10959,11071,11183,11295,11407,11519,11620,11700,11812,11919,12004,12095,12175,12351,12479,12591,12719,12803,12931,13055,13188,13300,13412,13540,13647,13727,13855,,,,,,,,,,,,,,,,,,,,,,
7034,7145,7226,7354,7466,7598,7710,7833,7982,8106,8218,8329,8442,8542,8670,8793,8906,9034,9146,9263,9354,9481,9582,9705,9834,9929,10058,10190,10303,10382,10495,10618,10746,10857,10958,11070,11162,11274,11406,11519,11630,11753,11897,12014,12106,12222,12345,12446,12570,12670,12782,12894,13022,13115,13246,13358,13450,13561,13694,13806,13913,14025,,,,,,,,,,,,,,,,,,,,
7097,7193,7322,7417,7551,7657,7769,7882,7993,8138,8286,8410,8542,8638,8762,8858,8942,9050,9161,9289,9401,9529,9753,9898,10010,10126,10217,10361,10462,10601,10703,10825,10953,11081,11161,11273,11374,11481,11609,11726,11839,11961,12111,12202,12314,12489,12617,12762,12910,13022,13114,13226,13359,13481,13577,,,,,,,,,,,,,,,,,,,,,,,,,,,
7122,7270,7379,7519,7635,7792,7903,8035,8158,8259,8371,8559,8687,8806,8948,9038,9155,9267,9379,9459,9583,9695,9790,9906,10030,10126,10243,10384,10563,10675,10821,10975,11102,11280,11395,11486,11587,11710,11839,11951,12046,12163,12254,12398,12526,12627,12734,12831,12977,13118,13219,13299,13438,13550,13651,13763,13875,13998,14078,14195,,,,,,,,,,,,,,,,,,,,,,
7024,7169,7269,7381,7508,7616,7712,7808,7892,7984,8116,8228,8340,8464,8597,8704,8817,8917,9008,9136,9232,9364,9492,9616,9716,9839,9956,10064,10160,10256,10340,10436,10576,10720,10904,11046,11217,11344,11428,11536,11620,11700,11828,11952,12048,12164,12256,12336,12464,12548,12660,12784,12864,12977,13105,13204,13297,13393,13536,13652,13776,,,,,,,,,,,,,,,,,,,,,
7035,7135,7264,7371,7487,7600,7713,7823,7915,7995,8091,8208,8331,8448,8561,8640,8763,8891,9003,9120,9248,9355,9425,9521,9643,9776,9888,9979,10091,10219,10304,10434,10555,10656,10779,10875,10971,11051,11152,11275,11355,11487,11618,11723,11819,11919,12044,12123,12235,12336,12427,12539,12635,12731,12811,12944,13035,13227,13323,13439,13552,13643,13775,13856,,,,,,,,,,,,,,,,,,
7056,7169,7248,7360,7461,7584,7711,7824,7919,8000,8101,8192,8310,8400,8496,8575,8719,8817,8916,8992,9120,9232,9361,9471,9567,9680,9796,9919,10047,10127,10244,10368,10479,10607,10719,10799,10927,11039,11135,11231,11327,11460,11589,11712,11808,11935,12048,12177,12261,12367,12496,12623,12758,12848,12929,13039,13141,13252,13382,13489,13572,13696,,,,,,,,,,,,,,,,,,,,
8547,8656,8751,8875,9024,9152,9280,9375,9456,9555,9663,9760,9859,9951,10052,10163,10287,10399,10531,10623,10724,10819,10943,11055,11155,11247,11359,11460,11551,11651,11743,11823,11951,12067,12191,12339,12483,12624,12755,12835,12998,13139,13231,13311,13411,13523,13647,13759,13859,14001,14134,14272,,,,,,,,,,,,,,,,,,,,,,,,,,,,,,
7084,7217,7339,7435,7521,7627,7714,7840,7931,8064,8171,8268,8368,8459,8572,8699,8784,8865,8971,9068,9169,9298,9419,9520,9611,9724,9835,9968,10059,10171,10272,10379,10491,10604,10705,10812,10939,11041,11148,11259,11376,11473,11548,11650,11739,11819,11931,12044,12139,12225,12336,12427,12507,12640,12752,12880,12971,13068,13163,13264,13344,,,,,,,,,,,,,,,,,,,,,
7056,7147,7227,7339,7451,7582,7713,7824,7946,8027,8138,8240,8351,8427,8555,8649,8779,8896,9008,9098,9195,9306,9435,9537,9625,9753,9888,9978,10064,10159,10298,10393,10490,10619,10699,10811,10905,10992,11082,11179,11289,11418,11497,11579,11678,11770,11873,11984,12074,12208,12330,12411,12527,12624,12778,12875,,,,,,,,,,,,,,,,,,,,,,,,,,
7020,7116,7249,7340,7419,7516,7612,7708,7804,7937,8048,8177,8289,8396,8511,8636,8849,8939,9042,9132,9247,9386,9484,9564,9697,9819,9899,9996,10123,10204,10300,10394,10476,10588,10668,10767,10881,11002,11116,11274,11387,11487,11601,11692,11859,11987,12075,12177,12289,12367,12474,12561,12713,12834,12947,13058,13148,13228,13313,13435,13553,13674,13755,13857,13948,14084,,,,,,,,,,,,,,,,
7082,7183,7422,7513,7626,7711,7839,7950,8057,8176,8266,8378,8479,8586,8671,8762,8858,8985,9102,9226,9338,9438,9519,9626,9710,9818,9898,10025,10126,10239,10362,10478,10570,10655,10768,10874,10974,11066,11178,11306,11402,11498,11594,11726,11818,11898,12045,12122,12234,12330,12415,12506,12607,12698,12826,12906,12990,13082,13177,13274,13386,13486,,,,,,,,,,,,,,,,,,,,
9217,9312,9445,9525,9607,9728,9841,9968,10070,10145,10244,10409,10517,10640,10769,10870,10980,11121,11204,11348,11445,11647,11728,11813,11904,12000,12114,12246,12369,12480,12581,12689,12839,12967,13105,13249,,,,,,,,,,,,,,,,,,,,,,,,,,,,,,,,,,,,,,,,,,,,,,
7046,7136,7238,7328,7440,7589,7702,7841,7984,8097,8197,8288,8433,8513,8624,8736,8881,9040,9168,9280,9393,9504,9650,9765,9873,9969,10081,10161,10293,10385,10513,10646,10759,10880,11014,11126,11285,11366,11488,11601,11751,11861,11952,12032,12135,12256,12368,12449,12549,12663,12752,12882,13013,13136,13248,13393,13509,13590,13681,13766,13857,13969,14081,,,,,,,,,,,,,,,,,,,
7027,7123,7230,7343,7477,7614,7712,7811,7982,8083,8174,8275,8366,8468,8558,8670,8771,8883,8975,9086,9214,9343,9459,9582,9731,9854,9955,10078,10179,10270,10398,10511,10611,10734,10867,10995,11118,11262,11343,11472,11571,11683,11795,11934,12051,12164,12291,12382,12468,12595,12702,12787,12899,13022,13124,13251,13364,13476,13587,13694,13790,13902,,,,,,,,,,,,,,,,,,,,
7109,7263,7365,7477,7568,7679,7792,7910,7999,8112,8223,8335,8438,8544,8630,8741,8831,8965,9055,9183,9295,9397,9519,9631,9743,9856,9973,10069,10175,10310,10432,10543,10671,10757,10854,10976,11061,11200,11312,11423,11524,11663,11760,11872,11968,12064,12211,12341,12463,12576,12704,12831,12959,13104,13235,13343,13455,13552,13679,13814,13942,,,,,,,,,,,,,,,,,,,,,
7050,7155,7293,7403,7487,7640,7772,7883,7983,8131,8257,8378,8528,8641,8762,8874,9023,9136,9227,9370,9503,9660,9756,9890,10029,10171,10299,10400,10523,10623,10746,10858,10970,11098,11248,11404,11532,11626,11770,11871,12010,12138,12255,12369,12458,12689,12778,12891,13018,13172,13297,13419,13567,13690,,,,,,,,,,,,,,,,,,,,,,,,,,,,
7135,7263,7395,7503,7587,7679,7839,7939,8051,8144,8275,8387,8511,8691,8799,8911,9075,9215,9343,9471,9551,9651,9791,9876,10015,10144,10259,10351,10463,10591,10703,10835,10927,11059,11155,11311,11443,11555,11653,11775,11887,11983,12067,12179,12271,12403,12511,12607,12739,12863,12959,13055,13171,13263,13455,13587,13731,,,,,,,,,,,,,,,,,,,,,,,,,
7003,7116,7211,7329,7436,7569,7659,7787,7900,8027,8130,8220,8331,8449,8544,8652,8763,8876,8978,9099,9200,9312,9441,9564,9676,9756,9888,9979,10076,10204,10331,10475,10587,10699,10816,10939,11052,11196,11307,11408,11499,11627,11761,11874,11963,12097,12224,12316,12428,12572,12667,12763,12844,12956,,,,,,,,,,,,,,,,,,,,,,,,,,,,
7144,7253,7376,7489,7714,7829,7952,8052,8177,8297,8422,8517,8628,8726,8852,8977,9089,9169,9336,9457,9569,9654,9745,9888,10007,10101,10207,10394,10500,10657,10768,10869,10949,11063,11199,11332,11494,11608,11718,11841,11969,12097,12225,12337,12438,12529,12609,12737,12871,13026,13168,13320,13457,13569,13668,13781,,,,,,,,,,,,,,,,,,,,,,,,,,
9857,9958,10071,10193,10305,10417,10513,10609,10712,10801,10913,11015,11142,11233,11335,11441,11553,11681,11783,11905,12023,12145,12257,12369,12481,,,,,,,,,,,,,,,,,,,,,,,,,,,,,,,,,,,,,,,,,,,,,,,,,,,,,,,,,
7098,7178,7279,7386,7519,7642,7755,7867,7967,8078,8155,8266,8347,8462,8586,8672,8746,8848,8955,9035,9130,9242,9359,9470,9595,9706,9808,9898,10033,10111,10190,10272,10351,10497,10587,10698,10810,10890,11018,11103,11231,11328,11418,11498,11599,11711,11834,11962,12074,12186,12267,12367,12458,12539,12638,12731,12859,12955,13066,13195,13306,13419,13546,13674,,,,,,,,,,,,,,,,,,
7056,7156,7264,7364,7472,7556,7668,7760,7844,7973,8064,8196,8288,8368,8480,8580,8660,8756,8884,8960,9087,9168,9300,9424,9503,9604,9712,9808,9908,10047,10159,10260,10352,10463,10576,10671,10751,10868,10991,11103,11199,11311,11472,11567,11679,11791,11908,11999,12084,12176,12276,12368,12448,12548,12639,12751,12832,12943,13071,13188,13280,13407,13492,13599,13711,,,,,,,,,,,,,,,,,
9786,9885,10016,10170,10299,10411,10544,10667,10799,10960,11088,11200,11323,11435,11585,11707,11867,11962,12091,12219,12315,12426,12559,12671,12779,12913,13018,13147,,,,,,,,,,,,,,,,,,,,,,,,,,,,,,,,,,,,,,,,,,,,,,,,,,,,,,
7056,7184,7317,7430,7536,7623,7744,7857,7973,8069,8197,8309,8416,8512,8593,8694,8805,8918,9008,9088,9189,9296,9425,9537,9749,9856,9969,10049,10176,10293,10404,10528,10608,10736,10849,10949,11029,11136,11222,11360,11477,11600,11717,11831,11920,12016,12117,12225,12310,12437,12528,12640,12773,12886,12976,13056,13168,13296,13398,13488,13617,,,,,,,,,,,,,,,,,,,,,
7061,7200,7328,7408,7508,7620,7732,7872,7952,8036,8128,8256,8340,8421,8502,8607,8703,8815,8943,9071,9156,9280,9392,9524,9620,9727,9823,9924,10048,10180,10260,10367,10479,10607,10720,10836,10927,11060,11140,11264,11397,11524,11616,11712,11797,11892,12020,12128,12224,12335,12436,12516,12608,12693,12820,12912,13023,13156,13284,13380,13488,13568,13679,,,,,,,,,,,,,,,,,,,
7074,7169,7259,7388,7484,7611,7723,7819,7932,8028,8129,8208,8332,8444,8544,8625,8735,8864,8960,9067,9151,9231,9323,9451,9516,9615,9708,9788,9900,9999,10124,10225,10331,10463,10571,10683,10780,10860,10961,11051,11163,11296,11387,11500,11612,11692,11803,11905,12016,12112,12220,12331,12447,12561,12673,12753,12875,13003,13083,13164,13259,13360,13484,13584,13691,13792,13916,14027,14139,,,,,,,,,,,,,
7062,7152,7281,7378,7457,7568,7696,7814,7904,8032,8134,8214,8326,8418,8550,8641,8742,8834,8928,9057,9169,9249,9351,9456,9585,9702,9799,9894,10017,10097,10211,10322,10434,10535,10647,10737,10848,10949,11079,11190,11392,11526,11617,11728,11840,11969,12049,12160,12245,12336,12416,12496,12630,12743,12849,12949,,,,,,,,,,,,,,,,,,,,,,,,,,
7006,7091,7182,7282,7390,7522,7603,7726,7854,7950,8062,8174,8270,8355,8482,8611,8752,8880,9008,9103,9216,9351,9461,9566,9662,9758,9893,10034,10146,10366,10462,10558,10642,10782,10894,11006,11119,11234,11330,11427,11523,11602,11694,11826,11989,12114,12226,12339,12430,12542,12642,12754,12866,12974,13054,13150,13263,13395,13507,13614,13726,13826,13950,14067,14211,14322,14446,14542,,,,,,,,,,,,,,
7024,7119,7215,7295,7381,7487,7587,7711,7823,7935,8015,8127,8207,8319,8451,8559,8671,8768,8879,8991,9109,9199,9311,9423,9534,9631,9711,9808,9919,10020,10111,10191,10287,10399,10516,10607,10741,10836,10933,11024,11151,11279,11375,11487,11589,11699,11813,11919,11999,12096,12192,12368,12479,12612,12719,12832,12911,13011,13107,13199,13300,13427,13519,13631,13760,13871,13956,14047,,,,,,,,,,,,,,
7054,7150,7266,7362,7469,7581,7693,7805,7917,8019,8146,8243,8302,8413,8525,8626,8733,8814,8898,9010,9134,9262,9406,9508,9634,9710,9837,9965,10062,10173,10274,10382,10477,10590,10670,10770,10861,10994,11106,11246,11347,11458,11549,11662,11763,11853,11954,12067,12174,12290,12418,12510,12611,12701,12814,12942,13026,13117,13230,13362,13453,13534,13645,13774,13874,13949,14082,,,,,,,,,,,,,,,
7067,7179,7291,7409,7516,7616,7724,7808,7938,8027,8140,8251,8352,8464,8544,8635,8736,8827,8940,9051,9184,9296,9392,9488,9579,9659,9756,9889,9963,10080,10192,10299,10396,10528,10640,10752,10843,10944,11056,11147,11248,11328,11419,11552,11632,11723,11835,11947,12064,12187,12300,12379,12512,12635,12752,12828,12939,13040,13147,13248,13340,13468,13595,,,,,,,,,,,,,,,,,,,
7011,7125,7247,7315,7407,7508,7599,7695,7812,7940,8036,8115,8224,8319,8447,8549,8639,8741,8847,8943,9056,9167,9248,9381,9472,9583,9695,9812,9903,9984,10069,10147,10255,10351,10452,10543,10623,10736,10836,10928,11040,11151,11263,11363,11456,11555,11636,11717,11827,11939,12020,12145,12255,12367,12483,12575,12659,12772,12864,12975,13092,13216,13312,13407,13536,13647,13731,13812,13923,14048,14165,,,,,,,,,,,
7008,7110,7232,7359,7456,7536,7638,7717,7840,7936,8021,8112,8212,8336,8448,8527,8630,8719,8801,8913,9007,9120,9200,9296,9408,9520,9599,9680,9808,9924,10038,10160,10240,10357,10479,10592,10704,10815,10928,11007,11141,11233,11311,11408,11504,11604,11733,11828,11958,12048,12160,12256,12336,12448,12544,12645,12756,12879,12980,13103,13205,13334,13445,13536,13636,13728,,,,,,,,,,,,,,,,
7025,7152,7253,7391,7487,7589,7681,7791,7872,7973,8095,8223,8336,8447,8548,8629,8740,8852,8976,9118,9236,9328,9439,9541,9668,9810,9893,10020,10150,10241,10373,10465,10592,10705,10817,10968,11061,11152,11280,11430,11537,11698,11827,11944,12081,12181,12293,12417,12495,12596,12720,12832,12960,13072,13200,13328,13443,13556,13637,,,,,,,,,,,,,,,,,,,,,,,
8815,8896,8976,9089,9185,9296,9360,9492,9616,9733,9828,9937,10069,10159,10256,10352,10449,10560,10688,10788,10896,11012,11136,11254,11365,11445,11557,11648,11760,11872,11968,12064,12143,12245,12336,12439,12560,12640,12768,12865,12944,13055,13189,13296,13408,13520,13621,13701,13776,13888,13968,14084,14180,14308,14433,14533,14645,14768,14864,14966,15056,15151,15280,15344,15473,15584,15664,15776,15888,15969,16052,16175,16287,16373,16465,,,,,,,
9674,9807,9930,10042,10122,10234,10346,10447,10559,10666,10767,10847,10942,11055,11162,11274,11386,11487,11594,11690,11786,11882,12026,12154,12239,12335,12426,12554,12639,12762,12842,12974,13086,,,,,,,,,,,,,,,,,,,,,,,,,,,,,,,,,,,,,,,,,,,,,,,,,
8587,8704,8800,8923,9035,9147,9248,9371,9472,9584,9675,9771,9867,9984,10096,10208,10288,10379,10491,10619,10715,10848,10939,11051,11131,11264,11392,11483,11611,11707,11819,11952,12059,12139,12235,12331,12459,12587,12699,12827,12944,13024,13136,,,,,,,,,,,,,,,,,,,,,,,,,,,,,,,,,,,,,,,
8303,8432,8516,8612,8735,8848,8960,9060,9167,9279,9364,9444,9567,9680,9796,9892,9999,10080,10175,10255,10356,10480,10660,10751,10832,10932,11012,11104,11199,11280,11391,11471,11572,11700,11812,11924,12047,12128,12239,12340,12448,12532,12656,12735,12847,12964,13087,13199,13311,13392,13487,13584,13716,13839,13951,,,,,,,,,,,,,,,,,,,,,,,,,,,
7049,7161,7258,7369,7449,7577,7680,7769,7897,8025,8138,8269,8377,8474,8569,8681,8784,8894,9001,9081,9178,9278,9386,9497,9615,9706,9817,9920,10009,10089,10221,10329,10425,10542,10649,10777,10857,10943,11037,11149,11242,11342,11465,11545,11657,11789,11870,11949,12057,12143,12249,12346,12479,12589,12681,12793,12910,13021,13145,13225,13359,13449,13545,13657,13786,,,,,,,,,,,,,,,,,
8795,8896,9003,9100,9211,9312,9404,9535,9643,9745,9856,9963,10091,10171,10283,10395,10527,10625,10716,10816,10916,11035,11163,11296,11409,11536,11643,11756,11883,11996,12076,12187,12288,12368,12480,12603,12685,12795,12875,12976,13067,13136,13248,13355,13441,13563,13643,13755,13836,13964,14080,14177,14252,14364,14479,14578,14667,14795,14892,15020,,,,,,,,,,,,,,,,,,,,,,
7149,7276,7438,7551,7690,7770,7872,7978,8106,8219,8330,8431,8560,8682,8827,8938,9056,9152,9259,9391,9471,9584,9690,9837,9978,10059,10171,10303,10415,10543,10667,10778,10949,11050,11147,11306,11451,11546,11680,11787,11919,12042,12210,12317,12445,12595,12716,12828,12939,13023,13170,13291,13446,13551,13674,13791,13899,,,,,,,,,,,,,,,,,,,,,,,,,
7071,7182,7274,7386,7498,7626,7737,7850,7978,8090,8222,8366,8480,8590,8702,8810,9049,9147,9246,9370,9470,9550,9662,9754,9854,9978,10105,10238,10350,10458,10574,10698,10810,10895,11002,11098,11178,11290,11402,11481,11614,11770,11882,11998,12089,12217,12314,12426,12570,12697,12830,12942,13070,13162,13274,13406,13498,13630,13710,13801,,,,,,,,,,,,,,,,,,,,,,
7040,7152,7281,7376,7536,7663,7760,7893,8020,8132,8244,8352,8448,8580,8671,8784,8885,8992,9076,9200,9328,9439,9551,9679,9823,9956,10069,10208,10320,10431,10544,10644,10752,10836,10928,11040,11140,11268,11392,11504,11615,11716,11840,11940,12064,12192,12324,12469,12597,12708,12799,12912,13039,13135,13261,13392,13487,13600,13711,13824,,,,,,,,,,,,,,,,,,,,,,
7050,7162,7262,7374,7519,7646,7738,7824,7918,8042,8170,8298,8398,8558,8638,8750,8842,8970,9098,9178,9326,9470,9582,9674,9770,9855,9966,10074,10170,10282,10410,10554,10682,10810,10926,11050,11151,11278,11370,11503,11594,11706,11818,11994,12090,12234,12362,12447,12570,12682,12766,12863,12970,13102,13226,13360,13482,13610,13743,13886,14016,14144,14298,,,,,,,,,,,,,,,,,,,
7072,7207,7296,7428,7556,7649,7760,7872,8033,8176,8288,8400,8516,8624,8736,8821,8917,9046,9168,9344,9472,9552,9684,9813,9936,10032,10160,10308,10432,10544,10656,10806,10916,10996,11136,11232,11376,11504,11648,11876,12000,12112,12246,12336,12448,12596,12677,,,,,,,,,,,,,,,,,,,,,,,,,,,,,,,,,,,
7049,7167,7311,7467,7627,7787,7902,8030,8121,8265,8377,8494,8617,8718,8841,8937,9055,9214,9337,9449,9582,9679,9817,9934,10025,10158,10249,10345,10489,10601,10729,10814,10905,11049,11145,11278,11401,11529,11657,11785,11897,12029,12158,12281,12393,12527,12654,12777,12910,13022,13113,13241,13370,13466,,,,,,,,,,,,,,,,,,,,,,,,,,,,
7071,7183,7295,7423,7540,7631,7760,7871,7956,8084,8196,8276,8399,8511,8644,8751,8864,8996,9119,9220,9311,9391,9503,9631,9764,9844,9956,10063,10191,10292,10404,10495,10623,10724,10863,10960,11092,11183,11284,11375,11487,11604,11711,11807,11892,12031,12111,12223,12367,12480,12623,12719,12799,12911,13013,13123,13236,13359,13487,13583,13700,,,,,,,,,,,,,,,,,,,,,
7035,7135,7275,7407,7519,7631,7775,7888,8026,8187,8271,8384,8507,8623,8716,8879,8975,9099,9226,9359,9471,9626,9738,9835,9952,10042,10138,10266,10394,10538,10639,10751,10858,10967,11175,11355,11541,11753,11941,12150,12319,12511,12722,12952,13147,13312,,,,,,,,,,,,,,,,,,,,,,,,,,,,,,,,,,,,
7179,7408,7536,7628,7739,7851,7984,8096,8235,8379,8491,8593,8704,8795,8908,9019,9115,9259,9360,9505,9627,9744,9856,9979,10096,10240,10331,10428,10523,10667,10768,10880,10992,11074,11195,11323,11424,11547,11659,11776,11868,12011,12123,12235,12395,12507,12619,12731,12864,,,,,,,,,,,,,,,,,,,,,,,,,,,,,,,,,
7044,7136,7236,7359,7503,7599,7711,7812,7924,8035,8159,8275,8399,8499,8591,8692,8832,8943,9071,9187,9312,9443,9551,9636,9760,9871,9983,10079,10179,10303,10384,10511,10623,10739,10880,11023,11203,11316,11439,11587,11711,11891,11983,12111,12243,12336,12463,12547,12693,12831,12964,13075,13167,13299,13423,13519,13631,13743,13876,,,,,,,,,,,,,,,,,,,,,,,
7024,7136,7236,7360,7520,7632,7732,7856,7984,8085,8240,8416,8544,8656,8784,8896,8997,9108,9252,9376,9472,9572,9664,9777,9908,10016,10100,10212,10304,10463,10688,10816,10900,11024,11152,11264,11376,11488,11620,11748,11903,12016,12132,12256,12367,12463,12560,12688,12815,12918,13088,13168,13269,13360,13456,,,,,,,,,,,,,,,,,,,,,,,,,,,
7119,7231,7375,7503,7583,7717,7828,7972,8070,8164,8293,8431,8565,8659,8788,8880,9013,9104,9216,9328,9446,9567,9695,9791,9940,10036,10164,10255,10367,10501,10640,10751,10864,10992,11152,11238,11359,11494,11620,11712,11812,11903,11999,12143,12240,12351,12485,12613,12735,12836,12949,13072,13203,13312,13412,13524,13631,13717,13839,13919,,,,,,,,,,,,,,,,,,,,,,
7042,7149,7275,7405,7548,7659,7762,7884,7995,8076,8188,8268,8413,8525,8669,8765,8897,8988,9088,9219,9340,9453,9563,9698,9824,9916,10049,10171,10272,10363,10481,10577,10685,10817,10939,11069,11165,11277,11355,11484,11596,11739,11852,11963,12075,12204,12315,12419,12529,12637,12749,12880,12972,13084,13186,13308,13404,13521,13644,13723,13803,13937,,,,,,,,,,,,,,,,,,,,
7004,7115,7227,7340,7467,7579,7691,7803,7905,8017,8107,8257,8379,8492,8603,8731,8828,8956,9056,9147,9259,9360,9471,9583,9697,9819,9999,10129,10220,10332,10475,10587,10689,10817,11019,11148,11264,11393,11568,11697,11792,11932,12065,12177,12267,12383,12507,12619,12753,12892,12993,13105,13227,13340,13440,13531,13632,13760,13871,,,,,,,,,,,,,,,,,,,,,,,
7078,7188,7327,7456,7605,7711,7811,7935,8064,8196,8309,8431,8543,8676,8833,8928,9056,9152,9263,9391,9523,9616,9748,9861,9987,10095,10192,10303,10447,10547,10663,10755,10935,11071,11157,11295,11461,11568,11679,11812,11956,12095,12227,12320,12435,12531,12659,12803,12895,13028,13140,13262,13392,13503,13647,,,,,,,,,,,,,,,,,,,,,,,,,,,
7045,7137,7237,7360,7457,7573,7681,7808,7909,8037,8160,8261,8406,8518,8608,8725,8848,8960,9041,9169,9264,9365,9456,9558,9648,9749,9861,9942,10085,10208,10288,10417,10549,10689,10817,10934,11056,11168,11300,11381,11520,11601,11733,11840,11936,12038,12128,12229,12340,12449,12581,12657,,,,,,,,,,,,,,,,,,,,,,,,,,,,,,
7083,7249,7377,7483,7611,7755,7840,7952,8065,8155,8298,8443,8572,8683,8812,8907,9009,9115,9202,9291,9403,9531,9675,9787,9883,9980,10091,10204,10474,10571,10705,10801,10928,11051,11183,11312,11435,11537,11643,11792,11899,12001,12075,12203,12315,12443,12571,12682,12811,12954,13052,13163,13279,13387,13520,13633,13755,13903,14043,,,,,,,,,,,,,,,,,,,,,,,
7131,7244,7377,7483,7596,7681,7804,7931,8044,8204,8336,8428,8524,8620,8732,8843,8946,9036,9185,9308,9420,9563,9681,9777,9884,10017,10108,10284,10380,10512,10603,10705,10843,10930,11056,11180,11276,11372,11473,11616,11740,11867,12027,12144,12251,12385,12497,12619,12748,12848,12955,13040,13153,13264,13388,13500,13612,13729,13841,,,,,,,,,,,,,,,,,,,,,,,
7093,7183,7311,7423,7519,7615,7743,7861,7951,8053,8133,8223,8335,8447,8549,8639,8783,8895,9011,9123,9252,9348,9471,9620,9743,9844,9973,10083,10175,10303,10399,10501,10623,10783,10917,11045,11152,11237,11381,11472,11572,11695,11823,11952,12079,12181,12303,12419,12543,12645,12755,12863,12959,13072,13183,13311,13455,13555,,,,,,,,,,,,,,,,,,,,,,,,
7087,7168,7263,7360,7471,7583,7695,7823,7924,8016,8127,8261,8388,8495,8623,8736,8838,8944,9028,9173,9285,9392,9472,9572,9695,9823,9908,10015,10133,10255,10384,10484,10596,10720,10820,10912,11087,11215,11344,11461,11568,11668,11781,11924,12015,12127,12256,12383,12500,12614,,,,,,,,,,,,,,,,,,,,,,,,,,,,,,,,
7004,7100,7248,7387,7472,7563,7712,7824,7936,8059,8188,8272,8400,8539,8624,8747,8827,8940,9131,9232,9371,9499,9611,9696,9852,9931,10048,10171,10252,10384,10491,10588,10720,10849,10944,11072,11216,11339,11424,11536,11659,11792,11899,11996,12108,12188,12300,12512,12652,12779,12912,13051,13179,13291,13408,13563,13664,13788,,,,,,,,,,,,,,,,,,,,,,,,
7040,7140,7264,7424,7552,7680,7792,7893,8031,8128,8223,8352,8448,8596,8719,8848,8964,9072,9168,9268,9396,9519,9631,9759,9844,10116,10207,10320,10431,10543,10676,10783,10880,10965,11060,11156,11252,11391,11471,11572,11680,11796,11940,12031,12159,12271,12404,12527,12607,12720,12821,12959,13071,13201,13318,13440,13556,,,,,,,,,,,,,,,,,,,,,,,,,
7115,7195,7327,7435,7536,7644,7760,7851,7936,8032,8123,8224,8336,8447,8571,8672,8795,8955,9056,9167,9311,9408,9504,9631,9744,9884,10015,10111,10219,10331,10443,10555,10667,10767,10896,11003,11115,11211,11311,11435,11547,11647,11771,11899,12031,12155,12267,12395,12495,12603,12731,12875,12956,13035,13183,13275,13387,13515,13643,13743,13871,13963,14107,14251,,,,,,,,,,,,,,,,,,
