75.28,-40.758,34.759,-10.143,1.7354,-0.37389,0.043813,67.983,-18.703,47.833,-44.475,18.696,-3.6406,0.2659,60.382,-16.928,34.56,-33.191,15.593,-3.3006,0.252
80.973,-34.444,27.112,-9.5126,1.8578,-0.23507,0.015507,70.367,18.496,-53.286,35.511,-9.2666,0.97992,-0.031005,63.21,-17.652,17.532,-5.962,1.4444,-0.34097,0.035415
71.213,-6.2713,-8.5966,10.705,-3.2831,0.26859,0.0074822,65.656,7.549,-22.261,10.187,-0.096754,-0.55114,0.065,66.99,-19.484,18.288,-11.781,4.9798,-1.0496,0.08106
88.876,-53.05,22.114,7.2577,-5.2619,0.83292,-0.033596,81.807,-8.2163,-26.684,30.435,-10.409,1.3038,-0.04274,77.018,-33.839,60.031,-49.657,20.303,-3.877,0.27464
74.405,-52.691,57.293,-33.529,11.867,-2.2282,0.16435,78.954,-6.7959,-10.642,8.2646,-1.2386,-0.17245,0.035905,75.338,-15.703,-28.912,41.328,-17.43,3.0322,-0.18964
80.317,-45.198,38.697,-17.394,5.414,-1.0654,0.086874,62.146,2.3147,-24.011,17.625,-4.484,0.39965,-0.004675,65.275,-16.8,-10.57,22.673,-10.545,1.9783,-0.13406
70.641,-35.919,50.772,-34.998,12.843,-2.3533,0.1668,62.388,0.74388,-5.7451,2.0084,0.7092,-0.37462,0.039306,66.598,-15.216,15.178,-8.3911,3.7971,-0.94651,0.085402
76.473,-27.879,28.401,-13.86,4.2138,-0.77019,0.059228,65.297,-12.399,13.21,-8.5583,4.3599,-1.1119,0.099164,65.149,0.18305,-14.005,10.419,-1.9657,-0.054977,0.028107
77.356,-59.616,83.276,-54.991,19.08,-3.3317,0.22787,56.405,-0.95881,-5.0391,9.2106,-4.1571,0.69537,-0.037765,66.522,-1.5756,-14.412,11.956,-3.2207,0.25919,0.00481
84.12,-52.432,36.714,-7.9356,-0.044244,0.14653,-0.0072952,70.463,-21.165,18.37,-4.6867,-0.0083171,0.11248,-0.0080309,69.043,-29.646,16.954,0.60866,-1.4985,0.16657,0.0035311
66.767,-31.977,23.266,-4.2018,-0.16197,0.0030953,0.012037,60.711,-14.843,4.2818,4.2516,-1.9018,0.17103,0.00595,69.952,-8.6219,-1.3964,1.2119,0.28192,-0.22838,0.028708
65.51,-40.249,71.89,-48.299,15.784,-2.5649,0.16585,67.01,17.412,-51.05,38.53,-12.973,2.0504,-0.12401,67.192,-21.746,7.0667,5.0473,-3.0319,0.51099,-0.026535
63.329,-44.041,68.113,-46.259,16.197,-2.8386,0.19472,60.646,-11.002,-4.4278,6.6364,-0.8459,-0.30233,0.051458,62.003,-25.418,7.9508,8.5196,-5.7184,1.2054,-0.085931
68.261,-59.29,86.133,-54.565,18.089,-3.0842,0.21056,62.935,-0.3252,-6.2507,2.8841,-0.31219,0.023431,-0.0064,56.197,-21.214,24.896,-8.3401,1.2595,-0.17324,0.017834
70.055,-38.612,22.811,-1.8348,-0.72574,0.0062922,0.017223,54.256,-17.282,15.118,5.1876,-5.6564,1.2764,-0.089455,60.688,-21.312,28.438,-25.044,11.493,-2.3515,0.17151
58.792,-27.214,11.759,5.8633,-4.4517,0.87176,-0.05398,54.651,3.981,-26.892,25.057,-9.4183,1.6295,-0.10906,55.037,4.9039,-38.237,34.05,-11.54,1.692,-0.090514
87.149,-59.302,62.609,-30.706,9.0888,-1.6041,0.1205,79.457,-35.1,39.855,-22.201,7.3148,-1.3247,0.096317,69.378,-30.377,25.564,2.5995,-6.3518,1.6471,-0.12795
87.268,-78.182,103,-65.393,21.757,-3.5989,0.23174,78.482,-10.153,-4.0518,7.1985,-1.991,0.1093,0.0092398,74.178,16.846,-54.157,44.076,-15.623,2.5753,-0.16239
84.051,-37.42,38.208,-27.998,11.568,-2.3077,0.17272,66.282,-1.9493,2.1262,-7.8255,5.7483,-1.4643,0.12257,70.844,-12.034,-17.964,28.447,-12.308,2.1557,-0.13463
73.341,-31.669,17.057,1.7842,-3.0944,0.6787,-0.044405,65.704,-10.473,6.4572,-4.7112,2.5025,-0.60054,0.050162,60.151,6.6152,-37.737,30.612,-9.7743,1.3663,-0.069566
88.855,-74.096,109.14,-74.55,27.413,-5.0944,0.36741,85.922,-42.173,63.738,-48.064,19.713,-3.9751,0.30124,74.111,-21.989,17.265,-1.3343,-0.070025,-0.29752,0.051612
86.87,-63.411,75.474,-44.993,15.314,-2.7336,0.19201,69.614,0.76603,-20.557,20.908,-7.5964,1.2546,-0.083326,71.164,-37.522,51.07,-28.769,8.9874,-1.5598,0.11188
79.563,-16.741,19.307,-15.069,7.304,-1.6875,0.13991,75.457,-38.588,65.747,-49.335,18.064,-3.1593,0.2103,63.382,-17.665,41.058,-30.643,10.354,-1.6547,0.10189
76.053,-20.281,23.816,-13.783,5.0772,-1.0423,0.083702,70.044,-14.078,35.044,-32.699,14.441,-2.9611,0.22495,72.286,-16.178,0.46785,12.582,-6.5128,1.182,-0.072725
73.146,-10.586,3.5259,-1.7585,1.9508,-0.68856,0.071441,66.865,-0.58496,-14.793,14.446,-5.1622,0.8075,-0.047644,66.227,-5.4975,-13.401,26.4,-13.911,2.8777,-0.20844
71.87,-60.143,93.832,-64.062,21.56,-3.5385,0.22648,66.148,4.4652,-43.474,37.549,-12.55,1.8774,-0.1069,61.728,-32.242,42.978,-29.523,11.997,-2.4954,0.19762
69.922,-25.006,16.26,-5.8944,2.8645,-0.87532,0.089755,70.476,-47.696,49.355,-21.427,4.9143,-0.65282,0.040715,61.56,5.1831,-13.424,1.7039,2.9775,-1.0495,0.097124
63.768,-25.648,16.167,-3.4145,0.26004,-0.041739,0.0067097,53.731,1.4652,-13.194,15.822,-6.9116,1.288,-0.086761,58.559,-2.5977,-6.0219,8.3088,-4.0915,0.84722,-0.061938
64.04,-31.146,27.461,-11.726,3.0026,-0.46388,0.031735,55.274,5.5249,-26.473,22.684,-7.8218,1.1825,-0.064904,47.916,-1.4219,-7.0436,12.319,-6.2733,1.3147,-0.098631
79.857,-44.829,40.056,-18.604,6.08,-1.2151,0.098155,68.775,11.066,-39.449,39.352,-17.184,3.4529,-0.25962,64.754,-18.938,20.038,-13.727,6.6357,-1.5753,0.13331
72.063,-46.727,60.234,-39.034,14.63,-2.8295,0.21089,64.191,-30.416,43.714,-30.998,11.928,-2.2592,0.16177,65.42,1.3304,-40.886,41.414,-15.971,2.7244,-0.17326
72.974,-35.654,34.634,-18,6.5926,-1.3982,0.11558,61.229,26.932,-79.479,73.934,-29.278,5.1922,-0.34038,64.162,-5.4085,-4.1913,3.3836,-0.31121,-0.10817,0.014609
67.202,3.7527,-23.13,16.839,-4.0934,0.27595,0.0091994,67.948,-0.35602,-21.638,23.431,-8.9411,1.4246,-0.080502,67.22,10.275,-38.453,37.195,-14.786,2.6329,-0.17479
84.826,-31.793,20.175,-6.334,2.3871,-0.66704,0.065538,67.426,0.55845,0.86926,-6.7099,4.1183,-0.90116,0.066739,68.68,-7.2871,6.9977,0.50581,-1.2735,0.25424,-0.013212
83.455,-49.707,32.299,2.0729,-6.7169,1.7753,-0.13973,67.162,-11.072,0.5178,0.56141,2.3647,-1.0139,0.10639,70.271,-10.739,-6.0362,2.6914,2.1963,-1.0312,0.10946
63.682,-27.774,57.694,-42.569,15.14,-2.6201,0.1756,64.788,-34.37,43.465,-29.901,11.119,-2.0461,0.14432,52.518,-34.107,58.996,-36.21,10.391,-1.4229,0.074973
63.871,-30.362,14.774,-1.7122,1.1908,-0.61307,0.075301,70.057,-41.568,62.74,-40.322,12.173,-1.7245,0.092803,72.789,-4.6918,-37.561,46.68,-20,3.6097,-0.23478
87.301,-55.689,52.38,-22.853,5.2342,-0.65327,0.036838,73.674,-20.423,15.91,-8.1179,3.3559,-0.76433,0.064007,72.841,9.5282,-20.242,6.5958,0.56468,-0.45779,0.04561
81.295,-31.69,16.634,-2.02,0.11873,-0.17962,0.030209,67.867,2.8244,-20.144,16.219,-4.9187,0.65864,-0.034307,75.505,-31.356,33.522,-22.376,8.9109,-1.7678,0.13143
84.748,-34.99,20.073,-6.7254,2.6068,-0.70012,0.067874,76.991,-7.15,-9.0599,11.86,-4.4659,0.69766,-0.04032,68.779,-9.2568,-4.8536,6.9739,-1.9803,0.16618,0.00031332
114.36,-76.356,55.988,-12.576,-0.19028,0.32998,-0.024556,107.66,-65.793,86.136,-55.092,19.571,-3.5596,0.25209,106.3,-15.881,-9.8033,16.627,-6.4983,1.0439,-0.063457
103.01,-90.863,108.47,-65.151,21.93,-3.8467,0.26798,86.613,2.7429,-29.617,25.418,-9.0835,1.5465,-0.10434,88.028,-20.251,21.984,-23.285,12.048,-2.6519,0.20509
95.887,-68.548,62.922,-32.975,11.344,-2.1514,0.16078,77.582,-22.952,38.928,-27.46,10.509,-2.0533,0.15509,92.129,-24.059,0.3669,4.0874,0.92373,-0.76173,0.088052
76.22,-61.971,96.233,-68.531,25.052,-4.538,0.31925,67.177,13.882,-43.478,35.374,-13.36,2.4436,-0.17314,61.321,-6.897,9.0065,-14.048,8.2374,-1.8838,0.14685
64.747,-37.974,106.61,-93.328,35.01,-5.9985,0.38741,60.983,-23.754,12.104,4.58,-4.1883,0.90487,-0.062629,55.68,34.379,-94.358,79.494,-29.291,4.9888,-0.32279
80.521,-64.256,80.058,-50.567,17.995,-3.3073,0.23841,83.431,-45.862,27.644,-6.6466,0.93431,-0.16013,0.017265,76.856,25.961,-103.97,86.35,-30.134,4.8208,-0.29283
79.403,-29.668,23.664,-18.885,8.6894,-1.8483,0.14431,66.092,6.1892,-47.272,39.689,-13.676,2.1798,-0.13327,75.931,5.2659,-58.078,46.623,-15.602,2.4401,-0.14708
68.82,-51.277,60.72,-33.303,9.2742,-1.2491,0.064062,73.293,-5.1899,-35.854,37.039,-14.828,2.6928,-0.18328,78.335,-30.593,-0.77729,18.988,-11.21,2.4969,-0.1927
70.799,-59.074,48.108,-14.228,1.7943,-0.16015,0.015304,64.421,12.176,-53.439,41.634,-13.712,2.1059,-0.12565,59.5,1.0884,-42.872,44.817,-18.301,3.3238,-0.22439
62.663,-29.353,26.1,-15.342,6.5239,-1.459,0.12088,55.811,5.7344,-21.05,11.97,-2.0058,-0.0032382,0.016185,64.613,-33.086,-3.3741,40.888,-28.37,6.9074,-0.56364
61.636,-41.263,38.342,-15.39,3.6733,-0.5945,0.046565,56.479,13.696,-27.325,12.113,-1.6115,-0.064365,0.019458,55.138,2.8279,-37.065,34.831,-12.349,1.8934,-0.10546
57.852,-14.998,-9.0879,17.427,-7.7292,1.4402,-0.10024,56.638,5.7991,-4.1872,-8.2599,6.1788,-1.4367,0.11098,53.716,-29.479,66.613,-52.885,18.253,-2.8488,0.16535
68.679,-17.181,-9.4635,22.655,-10.827,2.0833,-0.14517,64.715,-10.405,21.785,-21.464,9.0488,-1.6964,0.11808,60.496,61.636,-153.79,134.92,-55.294,10.715,-0.78952
73.046,-32.891,4.6156,17.266,-9.4865,1.8092,-0.11787,73.162,-49.771,101.1,-80.514,32.252,-6.3053,0.47023,80.037,0.12254,-74.761,78.246,-30.356,5.0991,-0.31322
83.773,-75.93,90.774,-45.127,11.714,-1.6476,0.10045,70.628,24.065,-83.427,80.94,-32.869,6.0048,-0.40935,77.091,9.7549,-89.934,94.545,-38.875,7.0587,-0.4742
63.927,-30.132,30.964,-17.291,7.0281,-1.5903,0.13571,63.504,2.5346,-26.242,22.086,-8.0546,1.4099,-0.09661,57.55,-25.007,57.691,-51.106,21.231,-4.1219,0.30001
83.655,-42.636,40.131,-19.165,7.3031,-1.7101,0.15179,71.136,-21.291,47.805,-41.264,17.71,-3.6412,0.28118,74.656,-18.474,34.115,-34.389,14.911,-2.7756,0.18475
72.131,-11.002,2.9933,6.7242,-3.9369,0.69889,-0.038034,68.644,-4.3155,-14.518,15.812,-4.4974,0.32874,0.011619,68.576,-9.5892,2.1356,-0.69675,1.9673,-0.75104,0.075934
61.522,-28.716,32.956,-20.125,7.1368,-1.3146,0.094789,56.331,2.6857,-0.88928,-7.7836,6.1453,-1.5642,0.13029,53.563,-13.507,17.332,-7.5909,1.8897,-0.3056,0.02261
69.255,-25.139,16.077,-2.8377,-1.226,0.57007,-0.060689,61.38,3.2192,9.4839,-19.857,10.109,-2.016,0.14207,69.432,15.212,-31.28,13.801,-0.9033,-0.50549,0.073335
83.001,-22.231,-2.2379,20.009,-10.833,2.1457,-0.14578,76.645,-35.379,42.605,-29.817,12.104,-2.4071,0.1778,77.486,-52.57,77.808,-49.599,16.143,-2.668,0.1761
78.219,-81.82,89.282,-47.31,14.244,-2.3355,0.15832,64.212,-6.6523,-21.639,26.678,-11.291,2.0945,-0.14484,66.214,7.8454,-48.784,41.389,-14.206,2.2041,-0.12899
78.219,-81.82,89.282,-47.31,14.244,-2.3355,0.15832,64.212,-6.6523,-21.639,26.678,-11.291,2.0945,-0.14484,66.214,7.8454,-48.784,41.389,-14.206,2.2041,-0.12899
49.04,-20.689,8.791,2.5398,-2.2627,0.43896,-0.025852,42.019,10.542,-27.452,25.621,-10.444,1.8797,-0.12291,38.107,0.12568,-5.0432,3.2887,-0.7005,0.061783,-0.0029217
75.102,-78.702,95.653,-59.037,21.098,-3.9888,0.29758,61.261,8.1128,-30.133,23.643,-8.5065,1.4962,-0.10358,59.67,-3.237,10.775,-18.912,10.428,-2.2554,0.16908
67.851,-17.946,13.096,-2.811,0.046549,0.0030332,0.0044331,61.9,9.3393,-23.199,18.952,-7.1403,1.2691,-0.085674,59.69,1.3636,-8.068,8.9333,-3.3684,0.49745,-0.023745
62.953,-40.622,35.36,-12.407,2.7728,-0.52198,0.048683,55.418,-15.59,14.226,-5.291,1.7973,-0.47283,0.046891,59.051,-17.342,7.9052,-3.8107,3.4527,-1.1628,0.11637
60.097,-20.286,26.228,-17.728,6.4203,-1.1809,0.084732,46.146,-16.021,28.35,-23.188,9.6623,-1.9131,0.14162,52.969,-18.176,7.2306,3.232,-1.7926,0.1694,0.0061926
56.901,-10.923,13.31,-6.8947,2.0697,-0.41067,0.036909,59.655,3.3146,-21.717,15.421,-4.2883,0.50804,-0.019725,56.486,1.802,-24.313,22.749,-8.3315,1.3486,-0.081411
63.147,-30.463,24.212,-5.3601,-0.35515,0.21829,-0.015783,51.137,-12.315,12.369,-7.9119,3.645,-0.85625,0.072935,49.407,11.993,-47.141,46.713,-19.473,3.6679,-0.25735
58.184,-31.079,35.439,-18.218,4.8632,-0.64647,0.033549,60.107,10.188,-25.288,12.698,-2.2079,0.087311,0.0055497,56.598,-1.1647,-8.1389,5.0903,-0.90218,-0.0037513,0.0091814
80.303,-43.988,55.863,-35.303,12.08,-2.064,0.13617,74.907,10.969,-25.358,7.2598,1.8862,-1.005,0.10392,67.184,5.3154,-25.281,19.357,-6.65,1.1219,-0.075093
76.978,-61.774,62.412,-29.34,8.1197,-1.3444,0.098001,62.864,-30.463,38.961,-24.917,8.8638,-1.603,0.11193,63.663,-29.407,33.714,-22.952,9.1685,-1.8366,0.13946
68.147,-22.288,30.576,-18.243,5.3499,-0.74625,0.038275,59.691,-10.942,0.17821,1.6899,0.59793,-0.39205,0.043741,56.858,-15.907,14.949,-10.116,4.1126,-0.80094,0.057166
96.755,-54.023,5.4949,21.113,-10.958,2.0451,-0.13351,68.583,-20.68,7.7828,4.1308,-3.0365,0.64693,-0.048214,58.259,-11.4,-4.4357,13.209,-6.2408,1.1047,-0.066626
64.233,-26.393,31.483,-14.374,3.6597,-0.58764,0.044302,64.978,11.645,-48.11,41.373,-15.128,2.5616,-0.16547,67.626,-0.35839,-4.326,-1.6682,2.3284,-0.6194,0.051307
64.195,-25.218,13.678,-3.5282,1.3997,-0.4214,0.041868,53.892,1.9253,-11.237,12.349,-5.5307,1.1109,-0.082783,56.337,-1.2812,-6.9549,3.9322,-0.078393,-0.24357,0.031537
64.612,-46.026,60.907,-39.112,13.361,-2.3131,0.15767,55.552,-6.9395,-5.5337,8.6493,-3.1371,0.43742,-0.020689,51.856,-0.0024545,-6.2121,5.9637,-2.3561,0.44302,-0.032479
80.121,-65.521,71.148,-31.945,7.1096,-0.83178,0.043677,67.156,-25.769,40.572,-33.705,14.376,-2.8872,0.21525,67.287,-7.3348,-20.569,25.554,-10.496,1.8393,-0.11808
70.362,-46.52,49.01,-24.001,6.6965,-1.0705,0.074576,65.379,4.8232,-29.242,21.855,-6.6272,0.93952,-0.053718,59.941,-17.636,28.466,-20.144,8.0761,-1.6735,0.13297
61.127,-25.459,22.038,-3.7848,-1.3846,0.50426,-0.042832,57.569,-14.196,9.4754,1.1653,-2.1623,0.5364,-0.041229,58.684,-16.155,20.827,-10.266,2.235,-0.1944,0.0032485
55.608,-35.787,47.719,-29.917,10.499,-1.9327,0.1409,51.113,-3.3819,-7.7573,5.7872,-0.98373,-0.04057,0.014081,50.689,10.736,-29.825,19.855,-5.8119,0.81244,-0.045087
46.803,-17.585,17.772,-8.678,2.9112,-0.59484,0.048841,43.572,0.52182,-12.628,12.19,-4.4624,0.72908,-0.04452,51.19,-14.046,6.0977,2.5577,-2.7237,0.74192,-0.067791
67.937,-12.392,20.648,-15.467,6.5448,-1.4132,0.116,70.819,-15.367,19.438,-15.928,6.6392,-1.2516,0.085327,68.374,-15.191,-4.126,6.6643,-0.98622,-0.1852,0.033984
63.461,-1.2015,1.1973,0.7351,0.12096,-0.20228,0.028113,61.654,11.922,-23.3,12.144,-1.8751,-0.030477,0.017643,66.388,-24.72,36.275,-24.489,9.2799,-1.819,0.1384
81.632,-72.854,78.988,-36.587,8.7971,-1.1685,0.070826,79.797,-46.971,60.178,-48.153,21.824,-4.748,0.38037,73.558,-19.252,0.92959,1.9089,1.2906,-0.71462,0.078657
85.373,-45.464,46.938,-24.04,7.4683,-1.3272,0.097318,74.585,9.2526,-34.603,26.715,-8.1117,1.09,-0.055623,75.697,-6.5803,-26.97,30.668,-10.942,1.5476,-0.072682
70.636,-25.941,27.032,-15.741,7.103,-1.7878,0.16476,63.868,15.487,-36.796,29.047,-10.91,1.9967,-0.14123,70.466,-39.957,66.089,-48.212,17.562,-3.0529,0.19984
70.636,-25.941,27.032,-15.741,7.103,-1.7878,0.16476,63.868,15.487,-36.796,29.047,-10.91,1.9967,-0.14123,70.466,-39.957,66.089,-48.212,17.562,-3.0529,0.19984
78.806,-51.389,96.708,-80.428,33.165,-6.484,0.47503,81.639,-38.514,31.769,-15.639,5.0372,-0.89561,0.063169,74.927,-68.609,141.01,-117.19,45.605,-8.2965,0.56916
79.685,-19.969,16.634,-3.3922,-0.48411,0.19798,-0.014135,78.948,-3.6729,-27.809,27.206,-9.422,1.3738,-0.07098,73.339,1.2683,-32.407,28.831,-9.5445,1.3628,-0.070999
94.715,-33.302,32.236,-18.742,7.0139,-1.4331,0.11467,88.066,-14.216,-4.8536,6.972,-1.3398,-0.06824,0.022587,85.099,-0.66449,-6.5217,2.1052,-0.50018,0.16879,-0.020352
89.807,-67.631,57.011,-16.609,1.0093,0.24156,-0.027305,74.403,-18.121,-8.0003,21.297,-9.6478,1.6616,-0.098663,73.401,-34.232,34.396,-17.257,5.6207,-1.0643,0.081417
73.924,-54.72,43.48,-14.841,2.9878,-0.42222,0.03097,65.552,-6.2851,-25.309,31.468,-13.941,2.7287,-0.19849,68.739,-11.818,-12.99,15.49,-5.1857,0.69668,-0.031948
54.52,-24.835,17.262,-2.7612,-0.5975,0.18391,-0.011149,51.803,-3.2914,-14.148,15.476,-5.7185,0.91285,-0.054446,52.629,-2.9994,-15.907,19.058,-7.7302,1.3686,-0.091653
51.873,-4.9509,-2.8358,7.4508,-3.4674,0.63921,-0.042371,56.468,1.2076,-5.7517,0.34218,1.6204,-0.53719,0.048728,58.324,19.568,-64.691,57.855,-22.223,3.8983,-0.25652
52.555,-21.034,29.061,-14.076,2.8023,-0.18494,-0.0027315,53.953,-6.5245,-0.23052,3.4857,-1.3494,0.17819,-0.0072754,57.974,-24.1,45.561,-38.907,15.846,-2.999,0.21161
95.965,-28.647,23.518,-12.013,3.4426,-0.48031,0.025885,95.217,-16.631,34.471,-30.015,11.098,-1.8418,0.11397,94.906,17.023,-55.717,40.932,-14.114,2.3887,-0.15811
89.067,-56.823,53.816,-26.961,7.86,-1.23,0.078569,74.781,6.1944,-39.325,35.062,-12.574,2.0385,-0.12499,78.105,-14.607,-6.5755,12.776,-5.2862,0.8896,-0.054061
75.811,-27.465,63.52,-48.09,14.618,-1.8797,0.081856,72.879,30.414,-85.18,60.484,-19.055,2.8149,-0.15862,71.927,-15.583,45.521,-49.9,20.65,-3.5091,0.19993
77.471,-45.593,23.988,2.5808,-4.6291,1.1218,-0.084336,74.589,10.661,-73.107,69.741,-27.744,5.0518,-0.34632,70.033,16.321,-65.253,52.197,-17.578,2.7069,-0.15791
102.66,-40.06,11.706,3.7272,-3.1871,0.755,-0.060339,95.629,-6.4284,28.521,-39.634,18.481,-3.6157,0.25631,95.407,-10.185,19.88,-26.215,11.657,-2.1429,0.1421
65.785,-19.918,13.779,-5.314,1.4173,-0.24546,0.01857,56.627,-4.6763,-1.1864,2.9575,-1.0359,0.11588,-0.0021124,56.301,0.42721,-19.11,20.243,-8.4241,1.5759,-0.11002
57.2,-25.653,57.259,-48.525,19.75,-3.8308,0.28201,60.306,-3.2586,-25.432,33.633,-14.093,2.4372,-0.15222,61.494,-19.301,0.9218,19.63,-11.12,2.2103,-0.15048
65.43,30.153,-56.565,31.198,-5.4324,-0.34216,0.11473,52.87,10.431,-30.39,30.642,-12.365,2.2105,-0.14692,53.753,-1.3826,-9.0804,14.195,-6.1032,1.0766,-0.069411
80.855,-88.636,98.565,-54.155,16.147,-2.4742,0.15187,65.184,-5.1171,-19.165,20.535,-8.2842,1.5338,-0.10856,66.262,-32.796,21.601,-4.4166,-0.10659,0.12233,-0.009957
66.742,-39.241,44.817,-23.651,6.7857,-1.0779,0.073543,58.19,2.73,-25.831,21.668,-6.8552,0.94525,-0.048662,59.931,-11.224,-11.389,19.567,-8.5403,1.5121,-0.096551
61.988,-28.534,24.749,-9.4529,2.0096,-0.25877,0.016388,57.2,12.914,-36.756,24.109,-6.4757,0.78047,-0.035918,59.136,5.7915,-15.889,7.257,-0.43115,-0.28533,0.039859
80.365,-43.325,72.628,-55.011,20.764,-3.7796,0.26308,75.272,-15.105,12.772,-10.603,5.4519,-1.2513,0.10082,69.833,-28.29,52.588,-37.752,12.831,-2.0557,0.12424
93.014,-39.157,58.273,-34.636,9.674,-1.262,0.061276,93.297,-23.195,11.955,-3.4042,2.1669,-0.71597,0.071517,83.347,-26.7,35.701,-28.338,12.8,-2.7347,0.21289
74.618,-32.112,13.279,-4.5637,3.0182,-0.91526,0.08735,65.585,33.036,-91.085,70.409,-23.91,3.8079,-0.23461,58.99,10.846,-46.916,38.371,-12.43,1.7895,-0.096878
71.544,-25.541,11.172,2.1666,-2.0751,0.37294,-0.019298,70.687,-33.598,44.271,-25.004,6.6387,-0.79998,0.03352,59.074,-1.387,-16.256,19.814,-8.6008,1.6056,-0.10909
108.41,39.57,-188,183.64,-79.588,15.592,-1.1251,60.323,-3.5573,1.3967,10.058,-5.5646,1.0978,-0.076453,78.585,-45.053,126.23,-108.27,43.419,-8.2048,0.58286
107.99,-72.463,13.22,32.791,-20.207,4.2926,-0.3125,89.461,-34.561,20.698,-4.0616,0.22362,-0.05697,0.012658,83.463,1.4344,-37.534,33.403,-11.925,1.9542,-0.12287
80.148,-40.758,35.453,-17.425,5.1949,-0.85714,0.059168,80.489,-35.93,26.005,-9.8761,2.1083,-0.19919,0.0029249,69.858,3.8211,-38.846,36.232,-13.121,2.14,-0.13269
68.123,26.952,-82.138,55.84,-16.961,2.4286,-0.13192,64.127,83.855,-226.15,189.11,-71.276,12.328,-0.79668,39.075,-16.155,45.789,-28.48,8.1195,-1.086,0.052578
62.795,-47.357,40.564,-20.742,6.2898,-0.9516,0.053582,57.155,2.3136,-52.874,51.414,-20.351,3.6625,-0.24688,59.157,-12.407,-15.791,14.472,-4.286,0.55484,-0.026621
2.1399,-3.9503,7.9306,-5.3993,1.5576,-0.18741,0.0070501,3.6288,0.22401,-5.0713,4.4262,-1.3398,0.15724,-0.0049688,11.095,2.8885,-20.916,17.094,-6.0149,0.99162,-0.062514
61.661,-36.206,65.697,-46.566,16.83,-3.071,0.21947,53.294,-30.471,68.922,-55.617,21.731,-4.0734,0.29002,52.488,-12.878,17.188,-10.063,3.5022,-0.63579,0.043643
66.075,-12.613,16.048,-12.881,4.8793,-0.77504,0.043041,95.44,79.473,-202.48,115.89,-28.551,3.1334,-0.11867,4.3142,5.335,-12.919,11.384,-4.3967,0.73916,-0.041981
74.816,-23.019,9.0031,10.42,-7.2975,1.5344,-0.10625,61.304,-9.9614,22.331,-13.787,3.756,-0.43527,0.015143,68.3,2.8231,-19.128,25.741,-12.123,2.352,-0.162
65.236,-18.185,11.478,-4.697,1.6466,-0.34806,0.027997,56.482,-1.6234,4.0639,-5.5018,2.5744,-0.48956,0.032741,59.396,4.2638,-13.596,7.6452,-1.644,0.13451,-0.0023213
60.924,17.984,-38.523,33.296,-12.445,2.0546,-0.12357,71.445,-3.1686,1.8252,-1.0492,1.5608,-0.61098,0.065788,65.188,-23.493,47.957,-37.42,15.543,-3.199,0.24905
70.139,-50.346,57.599,-31.086,8.8617,-1.2951,0.075872,60.229,26.42,-84.355,72.508,-27.05,4.7106,-0.31488,67.42,10.056,-84.31,81.892,-31.394,5.3622,-0.34176
64.187,-32.246,11.037,11.477,-8.2558,1.8201,-0.13395,57.254,-9.7035,-9.7519,11.604,-3.0882,0.15727,0.017911,56.227,-1.0327,-27.808,28.601,-10.702,1.7227,-0.101
78.314,-56.525,116.73,-121.22,57.75,-12.303,0.94849,63.454,-4.72,12.725,-10.849,5.1717,-1.2144,0.10414,66.089,-18.266,28.752,-18.482,6.8443,-1.3686,0.10749
78.507,-56.69,64.218,-36.78,11.604,-1.8787,0.11966,65.794,-8.1282,0.3478,3.1931,-1.513,0.29401,-0.022476,64.658,-25.991,43.21,-28.244,9.3683,-1.5332,0.096591
40.861,-3.1418,15.713,-24.349,13.992,-3.4086,0.29151,34.456,-3.4636,3.0062,-1.0802,0.54511,-0.15149,0.014095,35.462,7.6819,-26.464,27.404,-11.668,2.2481,-0.16252
83.302,-9.673,30.042,-43.184,20.556,-4.0467,0.28705,95.444,-42.749,78.103,-97.027,44.04,-8.4106,0.58001,47.678,-4.1088,13.822,-10.816,5.08,-1.106,0.086736
63.822,-17.893,27.22,-10.934,1.5153,-0.028042,-0.0058754,63.367,-9.5452,44.283,-40.444,16.28,-3.0684,0.21838,63.032,0.38089,3.9761,-0.89354,0.66075,-0.34565,0.043673
75.373,27.303,-72.324,59.697,-20.657,3.1179,-0.16727,83.65,-43.271,50.14,-26.661,8.4119,-1.4994,0.10937,83.226,-21.586,9.6547,6.4693,-4.6564,0.87755,-0.0508
75.481,-54.492,44.639,-16.968,3.1976,-0.28336,0.0099947,69.951,9.2761,-57.064,46.984,-16.139,2.5446,-0.1518,73.091,-23.221,-13.47,23.889,-10.528,1.9578,-0.13327
73.057,-13.329,34.926,-32.778,12.301,-2.0549,0.12872,67.396,26.406,-77.972,86.162,-42.434,9.2803,-0.73925,52.541,-25.293,60.203,-41.058,12.864,-1.8846,0.10333
99.615,-24.507,-6.4972,20.774,-8.8247,1.349,-0.065576,84.616,5.3505,-26.816,19.428,-4.6548,0.28704,0.014092,88.22,-6.7066,-25.425,28.432,-11.162,1.9273,-0.12497
84.485,-36.549,38.478,-20.905,6.7735,-1.1971,0.085298,78.469,5.7782,-56.74,56.936,-22.566,3.9733,-0.25913,79.653,-7.8213,-9.3116,13.886,-5.5712,0.90024,-0.051258
63.63,-19.836,1.2745,9.7468,-3.7663,0.30958,0.012972,29.334,13.082,-23.941,27.025,-11.731,2.2149,-0.15423,53.89,-22.83,35.178,-28.369,12.882,-2.8482,0.23184
66.182,-36.658,37.157,-24.503,10.335,-2.2646,0.18697,55.057,-10.049,7.7352,-4.9982,3.1092,-0.9073,0.087552,60.821,-28.001,36.883,-27.056,11.549,-2.4513,0.19347
67.359,-51.491,42.286,-17.347,4.6088,-0.77359,0.057088,57.967,7.8845,-27.638,18.237,-4.9406,0.63082,-0.032757,69.015,-42.869,52.683,-33.083,11.734,-2.1354,0.15098
86.305,-22.811,-3.7413,13.436,-5.5419,0.83335,-0.040418,69.066,2.2057,-19.156,15.368,-4.7342,0.63668,-0.032151,62.654,-2.3402,-2.6221,-0.62774,2.1497,-0.71531,0.066755
63.973,-33.958,50.231,-40.751,16.815,-3.258,0.23557,61.402,-0.65684,-34.407,36.347,-14.398,2.5166,-0.16416,49.586,5.5153,-17.598,16.823,-6.8771,1.2475,-0.082636
78.304,-89.577,125.38,-83.563,28.54,-4.7815,0.30985,58.883,0.07728,-16.474,14.102,-4.5369,0.65684,-0.036988,60.038,12.203,-40.374,29.205,-8.748,1.1828,-0.060178
72.929,-11.881,56.022,-68.095,31.816,-6.3821,0.46363,73.805,-11.045,13.007,-8.2797,3.7111,-0.88953,0.078575,72.776,1.6193,-14.775,27.432,-15.569,3.4493,-0.26427
83.278,-56.684,71.513,-45.651,15.993,-2.8683,0.20122,74.156,-29.586,46.636,-31.632,11.569,-2.1646,0.15696,74.14,-35.336,42.962,-22.895,7.274,-1.3283,0.10044
69.651,-13.114,13.892,5.344,-7.3202,1.9771,-0.16394,69.436,3.6588,-17.919,13.104,-4.0843,0.63344,-0.041586,70.389,-15.532,12.252,-11.471,5.7869,-1.2271,0.090393
84.743,-76.893,77.452,-30.698,5.2314,-0.34005,0.0033275,75.198,-38.706,29.735,-11.857,4.2618,-1.011,0.090829,66.962,4.4597,-27.938,25.196,-9.3027,1.6071,-0.10885
73.044,-77.242,150.54,-128,52.028,-9.8541,0.69679,67.699,-27.68,16.936,-3.2451,1.3459,-0.57508,0.067808,70.14,-30.278,43.777,-34.383,14.681,-3.0087,0.22948
75.151,-63.381,75.35,-39.98,10.513,-1.3547,0.068747,68.075,-34.902,23.058,-1.1734,-2.6849,0.71785,-0.053573,62.549,-4.3823,-30.018,33.702,-13.505,2.3393,-0.14824
68.865,-38.438,43.422,-24.907,8.1239,-1.3927,0.095169,59.727,11.363,-46.342,43.085,-16.947,3.0589,-0.20899,60.564,-6.2712,12.86,-17.675,9.1093,-1.9204,0.14283
80.935,-55.707,73.177,-53.412,22.148,-4.5429,0.35092,72.794,-32.489,26.317,-11.964,4.6597,-1.1037,0.097791,77.616,-3.5583,-46.625,47.23,-17.549,2.8495,-0.17176
66.972,2.0783,-4.7979,2.7296,-0.91969,0.14147,-0.0065355,62.755,-19.397,15.502,-5.4119,1.1439,-0.17297,0.013073,69.864,3.4919,-30.99,23.449,-7.3824,1.0912,-0.063386
65.308,-37.984,28.049,-4.1646,-1.1688,0.34071,-0.020802,69.468,17.981,-98.151,93.785,-36.459,6.3586,-0.41355,67.493,-39.287,34.095,-9.8407,1.3145,-0.16705,0.017059
74.648,-14.055,-0.88048,5.7011,-2.1923,0.29365,-0.011623,66.652,-20.845,21.164,-9.0364,2.0085,-0.23904,0.012359,67.664,0.33765,-20.823,17.19,-5.1102,0.65763,-0.032054
89.593,-47.002,29.784,-9.9057,2.927,-0.64571,0.057181,68.947,14.006,-33.668,24.17,-7.2987,0.97741,-0.047031,74.777,-23.979,25.77,-18.253,8.0452,-1.7349,0.13714
84.222,-29.924,26.849,-16.49,8.3848,-2.161,0.19583,80.55,-11.282,-18.431,32.046,-13.903,2.3874,-0.1452,93.657,-33.364,34.636,-23.777,10.455,-2.2197,0.16991
76.083,-36.112,43.435,-21.304,5.9598,-1.0103,0.075871,75.079,-14.8,-3.2374,12.299,-5.5912,0.98854,-0.063846,76.193,-38.499,41.772,-19.431,5.6898,-1.0379,0.080222
56.436,-36.8,33.289,-9.8073,-0.23921,0.52131,-0.058537,42.117,-3.2691,5.3583,-6.6825,4.14,-1.0463,0.090166,47.563,2.6732,-18.152,15.444,-5.3081,0.82404,-0.048276
