69.235,69.192,68.96,68.575,67.785,66.613,64.289,60.468,57.495,55.613,54.964,55.046,55.438,55.88,56.934,58.715,60.804,62.58,63.66,64.818,66.074,66.706,66.897,66.736,66.147,64.914,63.433,62.374,61.438,61.045,60.792,60.695,60.833,61.113,61.518,62.331,63.636,64.809,65.471,65.789,65.874,65.739,65.437,64.534,62.587,60.391,58.189,56.812,55.771,55.426,55.57,55.961,56.632,58.134,59.505,60.274,60.908,61.572,62.171,62.296,62.119,61.696,61.093,60.658,60.332,60.159,60.158,60.261,60.398,60.518,60.546,,,,,,,,,,,,,,,,,,,,,,,,,,,,,,,
70.149,70.092,70.031,69.942,69.616,68.92,68.075,66.528,64.686,62.593,60.414,58.767,56.964,55.623,54.962,54.735,54.832,55.291,56.057,56.988,58.244,59.774,61.274,62.73,63.898,65.126,66.094,67.032,67.86,68.799,69.42,69.711,69.9,69.969,69.977,69.935,69.731,69.354,68.537,67.361,65.914,64.308,62.263,60.117,58.145,56.408,55.493,55.261,55.516,55.963,56.829,57.874,58.992,60.424,61.714,63.331,64.687,65.25,65.521,65.477,65.091,64.418,63.713,62.72,61.893,61.22,60.888,60.641,60.419,60.524,60.715,,,,,,,,,,,,,,,,,,,,,,,,,,,,,,,
66.913,66.9,66.782,66.536,66.202,65.786,65.33,64.87,64.325,63.726,63.095,62.372,61.325,60.022,58.758,57.964,57.301,56.881,56.605,56.368,56.248,56.31,56.58,57.042,57.589,58.196,58.792,59.477,60.215,61.061,62.043,63.374,64.948,66.218,67.493,68.519,69.262,69.861,70.176,70.421,70.556,70.462,70.142,69.592,68.997,68.327,67.532,66.629,65.387,63.531,60.744,58.09,55.31,53.937,53.105,52.707,52.606,52.805,53.533,55.012,56.595,57.78,59.004,60.008,61.346,62.562,63.759,64.57,65.079,65.255,65.25,65.196,65.163,65.129,65.078,64.99,64.928,64.922,64.901,64.952,65.098,65.233,65.295,65.327,65.339,,,,,,,,,,,,,,,,,
78.28,78.138,77.058,74.946,73.258,70.763,68.424,66.453,65.345,64.643,64.341,64.329,64.672,65.033,65.304,65.761,66.053,66.147,66.243,66.527,66.932,67.488,68.223,69.52,70.82,72.65,74.078,75.514,76.25,76.665,77.045,77.305,77.387,77.259,76.809,76.081,75.174,74.111,72.779,71.417,69.426,66.718,64.122,61.764,60.112,59.618,59.644,59.695,60.302,61.535,63.273,64.658,66.256,68.015,69.599,70.25,70.401,70.359,70.211,70.067,70.076,70.363,71.086,71.909,72.779,73.341,73.462,73.441,73.416,73.434,,,,,,,,,,,,,,,,,,,,,,,,,,,,,,,,
75.858,75.818,75.504,74.875,73.96,72.911,71.822,70.528,69.083,67.494,65.838,63.895,62.186,60.955,60.247,59.673,59.326,59.125,59.175,59.388,59.827,60.555,61.313,61.901,62.447,63.105,63.727,64.243,64.719,65.199,65.638,66.023,66.28,66.446,66.558,66.704,66.794,66.754,66.6,66.366,65.915,64.792,63.418,61.997,60.397,58.825,57.525,56.341,55.397,54.966,54.851,54.922,55.22,55.674,56.248,56.885,57.66,58.546,59.793,60.654,61.374,61.902,62.361,62.79,63.279,63.694,64.261,64.884,65.647,66.378,67.1,68.165,69.2,70.475,71.506,72.454,73.529,74.436,75.04,75.237,75.263,,,,,,,,,,,,,,,,,,,,,
60.105,60.105,59.94,59.518,58.796,58.078,56.971,55.935,54.783,53.619,52.609,51.611,50.891,50.262,49.872,49.656,49.592,49.674,49.815,50.057,50.449,51.021,51.545,52.099,52.678,53.264,53.881,54.525,55.124,55.715,56.261,56.804,57.184,57.514,57.713,57.849,57.922,57.978,58.015,58.024,57.942,57.654,57.199,56.567,55.758,54.596,53.241,51.641,50.316,49.388,49.099,49.069,49.24,49.409,49.897,50.513,51.266,51.829,52.581,53.312,53.555,53.622,53.595,53.534,53.497,53.5,53.646,53.982,54.654,55.441,56.263,57.011,57.693,58.397,59.084,59.96,61.028,61.92,62.203,62.207,,,,,,,,,,,,,,,,,,,,,,
62.08,62.008,61.889,61.743,61.687,61.557,61.384,60.826,59.99,58.949,58.242,57.751,57.365,57.075,56.807,56.57,56.419,56.4,56.417,56.464,56.577,56.636,56.607,56.572,56.599,56.725,56.992,57.423,57.908,58.313,58.657,58.948,59.187,59.42,59.659,59.826,59.979,59.985,59.942,59.938,59.933,59.919,59.868,59.746,59.464,58.837,58.18,57.7,57.427,57.286,57.238,57.309,57.504,57.862,58.457,59.358,60.036,60.561,61.151,61.594,61.786,61.822,61.641,61.282,60.723,60.227,59.823,59.505,59.393,59.493,59.742,60.286,60.802,61.502,62.285,63.035,63.729,64.416,64.733,64.932,,,,,,,,,,,,,,,,,,,,,,
66.043,65.801,65.344,65.017,64.6,64.105,63.762,63.541,63.463,63.303,63.153,62.882,62.32,61.71,60.836,59.652,58.193,57.38,57.042,57.085,57.216,57.507,57.939,58.636,59.266,59.859,60.445,61.001,61.261,61.389,61.519,61.656,61.872,62.179,62.648,63.149,63.896,64.687,65.592,66.355,66.984,67.494,67.803,68.163,68.398,68.326,67.974,67.498,66.849,65.713,64.636,63.331,61.9,60.487,59.517,58.961,58.688,58.466,58.332,58.29,58.46,58.842,59.29,59.662,60.098,60.459,60.689,60.951,61.293,61.749,62.343,63.08,63.668,63.966,64.086,64.055,63.867,63.696,63.568,63.38,63.404,63.963,64.184,64.259,64.392,64.486,,,,,,,,,,,,,,,,
55.727,55.586,54.979,54.339,53.955,53.715,53.595,53.46,53.368,53.385,53.515,53.765,54.013,54.334,54.671,54.888,55.193,55.596,56.192,57.048,58.091,58.976,59.544,59.789,59.876,59.808,59.577,59.441,59.35,59.085,59.091,59.392,59.421,59.471,59.494,59.499,59.67,59.491,58.867,57.34,55.799,54.942,54.302,53.975,53.871,53.885,54.064,54.649,55.364,56.07,56.668,57.351,58.266,58.988,59.693,60.541,61.332,61.951,62.588,63.07,63.522,63.902,64.221,64.506,64.682,64.891,65.093,65.33,65.515,65.634,65.65,,,,,,,,,,,,,,,,,,,,,,,,,,,,,,,
67.793,67.723,67.336,66.313,65.015,63.411,61.631,60.618,60.167,59.946,59.958,60.157,60.535,61.183,62.057,62.836,63.482,64.044,64.324,64.478,64.606,64.706,64.871,65.182,65.721,66.218,66.604,66.847,66.91,66.701,66.435,66.108,65.671,64.986,64.292,63.665,63.109,62.534,61.967,61.386,60.616,59.766,58.655,57.549,56.879,56.495,56.265,56.08,55.958,55.984,56.078,56.086,55.964,55.843,55.855,55.738,55.367,55.096,54.947,55.144,55.585,56.356,57.317,58.429,59.237,59.888,60.3,60.684,60.994,61.324,61.861,62.343,63.158,64.281,64.969,65.33,65.639,65.848,,,,,,,,,,,,,,,,,,,,,,,,
60.907,60.893,60.568,59.633,58.209,56.758,55.253,53.424,52.417,51.755,51.474,51.387,51.447,51.715,52.109,52.637,53.241,54.019,54.896,55.733,56.22,56.602,56.843,57.1,57.36,57.781,58.266,58.85,59.493,59.892,60.063,60.131,60.211,60.337,60.414,60.466,60.429,60.215,59.873,59.441,58.898,58.262,57.526,56.471,55.036,53.407,52.458,52.076,52.244,52.689,53.288,53.96,55.031,56.246,57.316,58.294,59.508,60.513,61.151,61.514,61.821,62.025,62.228,62.378,62.586,62.871,63.158,63.442,63.757,63.977,64.145,64.424,64.786,65.522,66.524,67.433,68.112,68.644,68.788,,,,,,,,,,,,,,,,,,,,,,,
63.393,63.359,63.064,62.708,62.13,61.543,60.769,59.569,57.815,55.688,54.317,53.836,53.874,54.193,54.584,55.373,56.518,57.726,58.518,59.27,59.69,59.5,59.057,58.429,57.775,57.242,56.743,56.57,56.703,56.955,57.267,57.528,57.743,57.835,57.777,57.668,57.507,57.268,57.278,57.38,57.384,57.314,57.152,56.886,56.32,55.243,53.653,51.908,50.877,50.322,50.099,50.18,50.602,51.569,52.986,54.689,55.916,57.03,57.898,58.427,58.661,58.657,58.59,58.481,58.34,58.479,58.687,58.969,59.311,59.767,60.378,61.012,61.86,62.612,63.352,64.095,65.322,66.033,66.465,66.802,66.922,,,,,,,,,,,,,,,,,,,,,
61.008,60.826,60.498,60.202,59.66,58.572,56.861,55.017,53.396,52.194,51.273,50.732,50.534,50.699,51.259,51.998,52.548,52.998,53.628,54.358,54.886,55.685,56.586,57.39,58.267,59.047,59.765,60.415,61.169,61.69,62.071,62.216,62.226,62.233,62.116,61.915,61.646,60.998,60.038,58.917,57.408,56.041,54.867,53.597,52.725,52.494,52.597,53.047,53.604,54.296,55.073,56.008,57.219,58.703,59.772,60.407,60.853,61.039,61.038,60.785,60.259,59.625,59.148,59.157,59.105,59.351,59.925,60.618,61.195,61.54,61.668,,,,,,,,,,,,,,,,,,,,,,,,,,,,,,,
60.284,60.095,59.719,59.196,58.374,57.532,56.47,55.604,54.847,54.219,53.839,53.598,53.476,53.329,53.303,53.297,53.263,53.164,53.068,53.09,52.99,52.88,52.902,53.018,53.245,53.599,54.157,54.834,55.906,56.927,57.92,58.729,59.477,60.025,60.471,61.007,61.55,62.016,62.112,61.883,61.459,60.807,59.947,58.78,57.023,55.119,52.797,50.883,49.736,49.088,48.63,48.369,48.38,48.594,49.244,50.166,51.109,51.928,52.936,53.705,54.372,54.847,55.202,55.256,54.951,54.308,53.732,53.217,52.756,52.344,52.046,51.851,51.715,51.645,51.974,52.495,52.752,52.79,,,,,,,,,,,,,,,,,,,,,,,,
53.099,52.955,52.448,51.242,49.648,48.099,47.244,46.88,46.903,47.334,47.991,49.534,51.258,52.77,53.865,55.103,56.514,57.703,58.879,60.182,61.296,62.252,63.083,63.776,64.256,64.474,64.182,63.544,62.864,61.825,60.679,59.681,58.714,57.635,56.402,55.185,53.829,52.633,51.269,49.946,48.466,47.311,46.261,45.538,45.182,45.13,45.337,45.787,46.373,47.06,48.092,49.527,51.009,52.113,52.958,53.738,54.324,54.976,55.74,56.529,57.142,57.472,57.706,57.821,,,,,,,,,,,,,,,,,,,,,,,,,,,,,,,,,,,,,,
53.734,53.578,53.084,52.459,51.849,51.297,50.637,50.097,49.494,48.837,48.201,47.595,47.07,46.788,46.684,46.627,46.618,46.68,46.867,47.156,47.642,48.312,48.878,49.296,49.855,50.484,51.095,51.713,52.358,52.861,53.032,53.078,53.17,53.26,53.315,53.318,53.432,53.682,53.648,53.412,53.148,52.635,51.848,50.875,49.212,47.026,45.02,43.931,43.222,42.822,42.534,42.348,42.569,43.217,43.838,44.67,45.402,46.201,47.059,48.014,48.941,49.78,50.495,51.018,51.525,51.906,52.326,52.75,53.12,53.465,53.934,54.211,,,,,,,,,,,,,,,,,,,,,,,,,,,,,,
77.737,77.081,75.917,74.581,73.07,71.397,69.76,68.322,66.861,65.609,64.891,64.643,64.668,64.93,65.336,65.773,66.31,67.101,67.696,68.297,68.652,68.876,69.042,69.156,69.173,69.188,69.197,69.157,69.137,69.201,69.256,69.289,69.35,69.494,69.71,69.961,70.093,70.018,69.71,69.257,68.743,68.14,67.468,66.443,65.282,63.78,62.2,61.091,60.46,60.082,59.949,60.038,60.372,60.906,61.752,62.913,64.476,66.211,67.599,68.939,70.238,71.418,72.477,73.454,73.941,73.875,73.129,71.987,70.667,69.474,68.544,67.758,67.061,66.593,66.702,67.196,67.399,67.624,67.707,,,,,,,,,,,,,,,,,,,,,,,
73.287,73.171,72.815,72.377,71.675,70.9,69.86,68.426,66.567,64.819,63.463,62.513,62.09,61.911,62.054,62.523,63.325,64.015,64.852,65.562,65.981,66.251,66.434,66.72,67.079,67.451,67.955,68.557,69.263,69.799,70.263,70.433,70.57,70.516,70.383,70.302,70.257,70.68,71.233,71.693,71.974,72.103,72.054,71.905,71.162,70.025,68.252,66.749,65.534,64.718,64.404,64.418,64.641,65.413,66.485,67.117,67.324,67.619,67.62,67.127,66.276,65.466,64.498,63.638,63.27,63.447,64.033,64.88,65.833,66.865,68.109,69.309,70.289,70.831,70.888,,,,,,,,,,,,,,,,,,,,,,,,,,,
62.702,62.591,62.403,62.135,61.907,61.674,61.467,61.182,60.826,60.318,59.732,59.285,58.916,58.549,58.166,57.828,57.573,57.437,57.452,57.515,57.62,57.79,58.033,58.287,58.554,58.807,59.06,59.351,59.692,60.131,60.533,61.042,61.645,62.413,62.911,63.3,63.698,64.057,64.136,63.976,63.719,63.429,63.019,62.511,61.909,61.087,59.769,58.468,57.438,56.793,56.407,56.256,56.221,56.314,56.753,57.475,58.465,59.3,60.131,60.97,61.676,62.286,62.765,63.153,63.386,63.456,63.389,63.337,63.263,63.222,63.215,63.246,63.444,63.62,63.848,64.186,64.772,65.306,65.56,65.685,,,,,,,,,,,,,,,,,,,,,,
65.924,65.452,64.381,63.079,61.61,60.493,59.557,58.854,58.311,58.008,57.993,58.144,58.267,58.385,58.528,58.856,58.974,58.889,58.713,58.526,58.437,58.427,58.512,58.627,58.902,59.302,59.671,59.945,60.261,60.507,60.584,60.535,60.502,60.268,59.966,59.611,59.257,58.809,58.342,57.892,57.53,57.504,57.865,58.521,59.026,59.338,59.638,59.864,60.039,60.173,60.325,60.457,60.441,60.441,60.366,60.184,59.988,60.051,60.359,60.545,60.778,60.981,61.23,61.394,,,,,,,,,,,,,,,,,,,,,,,,,,,,,,,,,,,,,,
86.359,86.18,85.565,84.563,83.217,81.689,79.995,78.081,76.531,75.267,74.597,74.752,75.588,76.506,77.337,78.198,78.846,79.727,80.608,81.108,81.287,81.228,81.096,80.892,80.655,80.512,80.537,80.774,81.392,82.003,82.561,83.025,83.707,84.474,85.326,86.026,86.134,85.438,84.194,82.363,80.357,78.127,75.547,72.74,68.756,65.618,62.888,60.938,59.634,58.951,58.913,59.241,59.641,60.336,60.762,60.981,60.828,60.531,60.131,59.788,59.526,59.406,59.373,59.661,60.407,61.473,62.455,63.531,64.594,65.89,67.085,68.699,70.229,71.271,71.924,72.132,,,,,,,,,,,,,,,,,,,,,,,,,,
70.563,70.53,70.168,69.934,69.831,69.697,69.493,69.201,68.698,67.806,65.942,64.33,63.328,62.789,62.645,63.059,64.145,66.174,68.599,70.409,72.179,74.006,75.367,76.708,78.048,79.38,80.157,80.605,81.09,81.437,81.871,82.269,82.904,83.359,84.065,85.641,86.808,87.144,87.132,86.751,84.939,80.896,75.645,71.673,68.34,65.992,63.714,61.645,59.722,58.103,57.329,57.046,57.276,57.835,58.619,60.075,61.542,63.767,65.81,66.888,67.486,67.661,67.49,67.082,66.567,66.461,66.296,66.859,67.847,69.007,69.632,70.227,70.552,,,,,,,,,,,,,,,,,,,,,,,,,,,,,
69.194,69.145,68.914,67.965,66.173,64.704,63.443,62.818,62.39,62.195,62.148,62.308,62.781,63.594,64.221,64.592,64.945,65.282,65.645,65.7,65.499,65.027,64.41,63.89,63.369,62.98,62.623,62.214,61.925,61.779,61.868,62.106,62.447,63.003,63.773,64.346,64.84,65.28,65.689,65.968,66.043,65.69,64.812,63.71,62.601,61.613,60.737,59.852,59.042,58.315,57.77,57.809,58.06,58.418,58.77,59.311,59.868,60.474,60.893,61.163,61.221,61.152,61.011,60.839,60.611,60.426,60.203,59.952,59.545,59.229,59.016,58.862,58.751,58.718,58.701,58.664,58.643,58.703,58.81,58.9,58.955,,,,,,,,,,,,,,,,,,,,,
71.286,71.207,70.92,70.471,69.734,68.967,68.061,67.277,66.937,66.718,66.66,66.72,66.815,66.982,67.112,67.125,67.097,67.247,67.181,66.995,66.766,66.595,66.454,66.525,66.868,67.443,68.028,68.681,69.487,70.415,71.21,71.768,72.339,72.729,72.661,72.443,71.685,70.719,69.413,67.915,66.697,65.648,64.829,64.331,63.952,63.767,63.767,63.985,64.382,64.813,65.48,66.241,66.753,67.208,67.542,67.819,68.004,68.081,67.974,67.569,67.123,66.88,66.815,66.975,67.442,67.973,68.631,69.778,71.033,72.026,72.743,73.154,73.318,,,,,,,,,,,,,,,,,,,,,,,,,,,,,
69.809,69.806,69.598,69.319,68.956,68.698,68.365,68.09,67.927,67.887,67.693,67.407,67.148,66.65,65.727,64.389,63.05,61.86,60.974,60.192,59.644,59.201,58.974,59.03,59.371,59.706,60.051,60.408,60.762,61.097,61.369,61.567,61.644,61.635,61.546,61.436,61.35,61.333,61.458,61.59,61.736,61.967,62.243,62.481,62.561,62.536,62.406,62.01,61.258,60.217,59.29,58.17,57.19,56.567,56.209,56.227,56.486,56.875,57.453,58.006,58.635,59.383,60.409,61.39,62.07,62.589,62.918,63.201,63.409,63.667,63.947,64.389,64.834,65.224,65.513,65.931,66.292,66.748,67.312,67.752,67.872,,,,,,,,,,,,,,,,,,,,,
62.777,62.67,62.233,61.505,60.632,59.369,58.241,56.925,55.203,53.804,52.542,51.135,50.213,49.36,48.888,48.703,48.834,49.313,49.914,50.869,52.224,53.515,54.463,55.279,55.905,56.436,56.884,57.398,57.882,58.412,58.878,59.262,59.689,60.103,60.629,61.132,61.709,62.461,62.681,62.53,62.235,61.699,60.646,59.375,57.517,55.499,53.527,52.034,51.562,51.412,51.505,51.895,52.633,53.767,54.881,55.926,56.824,57.571,57.855,57.753,57.449,56.947,56.257,55.581,54.591,53.625,52.82,52.349,52.13,52.06,52.132,52.332,52.682,53.47,54.42,54.961,55.323,55.524,55.534,,,,,,,,,,,,,,,,,,,,,,,
64.306,63.889,63.039,61.914,60.46,58.75,56.405,54.387,53.836,54.546,55.548,56.127,56.839,57.864,59.32,60.051,60.204,60.185,60.03,59.762,59.369,58.956,58.479,58.005,57.553,57.268,57.152,57.083,57.311,57.654,57.841,57.738,57.518,57.131,56.249,55.066,53.396,51.885,50.377,49.253,48.7,48.739,49.262,50.111,51.068,51.846,52.853,54.005,55.228,56.028,56.695,57.115,57.358,57.495,57.54,57.551,57.328,56.828,56.225,55.987,55.921,55.792,55.915,56.505,57.153,57.449,,,,,,,,,,,,,,,,,,,,,,,,,,,,,,,,,,,,
55.095,55.051,54.915,54.744,54.657,54.59,54.527,54.452,54.383,54.277,54.091,53.77,53.434,53.114,52.881,52.572,52.313,51.983,51.814,51.853,51.95,52.183,52.437,52.667,52.914,53.228,53.692,54.137,54.579,54.98,55.376,55.789,56.12,56.405,56.685,56.857,56.907,56.918,56.882,56.834,56.741,56.547,56.266,55.911,55.6,55.452,55.404,55.487,55.621,55.825,56.043,56.444,56.78,57.051,57.274,57.485,57.596,,,,,,,,,,,,,,,,,,,,,,,,,,,,,,,,,,,,,,,,,,,,,
53.546,53.483,53.286,52.861,52.279,51.552,50.859,50.518,50.26,50.088,49.947,49.819,49.662,49.52,49.338,49.24,49.259,49.362,49.488,49.731,49.976,50.262,50.647,50.989,51.18,51.38,51.523,51.601,51.637,51.681,51.742,51.752,51.748,51.8,51.826,51.762,51.619,51.427,50.924,50.547,50.004,49.491,48.878,48.355,47.911,47.515,47.274,47.043,46.83,46.655,46.568,46.268,45.997,45.733,45.499,45.382,45.28,45.223,45.229,45.282,45.39,45.486,45.583,45.715,45.892,46.045,46.231,46.446,46.749,47.187,47.649,48.071,48.562,48.968,49.256,49.515,49.818,50.162,50.554,50.812,51.038,51.238,51.398,51.503,51.538,,,,,,,,,,,,,,,,,
68.472,68.345,68.029,67.658,67.247,66.783,66.418,66.199,65.847,65.626,65.37,65.04,64.467,63.933,63.434,63.077,63.065,63.266,63.549,63.991,64.387,64.709,64.953,65.333,65.491,65.387,65.072,64.786,64.479,64.266,64.137,63.972,64.061,64.389,65.361,66.454,67.515,69.007,70.525,71.68,72.767,73.299,72.693,71.903,70.13,67.591,65.271,63.296,61.226,59.356,57.599,56.297,55.415,54.714,54.272,54.02,54.01,54.23,54.641,55.26,55.848,56.406,56.864,57.306,57.535,57.672,57.781,58.021,58.136,58.397,58.864,59.654,60.395,60.836,61.075,61.129,,,,,,,,,,,,,,,,,,,,,,,,,,
59.827,59.822,59.662,59.322,58.791,57.83,56.359,54.703,53.649,53.088,52.839,52.774,52.861,53.093,53.511,54.258,54.863,55.256,55.773,56.226,56.585,56.791,57.033,57.392,57.893,58.604,59.409,59.992,60.466,60.755,60.888,60.868,60.828,60.9,60.965,61.144,61.675,62.078,62.333,62.416,62.473,62.486,62.17,61.485,59.859,58.205,56.494,55.218,54.116,53.23,52.199,51.52,50.947,50.769,50.802,50.92,51.098,51.452,51.807,52.212,52.716,53.304,54.162,54.954,55.657,56.327,56.986,57.785,58.616,59.356,60.251,60.903,61.35,61.578,61.665,,,,,,,,,,,,,,,,,,,,,,,,,,,
61.18,61.019,60.609,60.002,59.574,59.197,58.843,58.476,58.114,57.597,57.305,56.869,56.637,56.566,56.525,56.725,57.133,58.156,59.315,60.406,61.128,61.654,62.274,62.947,63.6,63.928,63.828,63.312,62.575,61.447,60.289,58.608,56.531,54.816,53.864,53.559,53.544,53.739,54.152,54.898,55.752,56.439,57.161,57.874,58.05,57.997,57.881,57.642,57.356,56.801,56.259,55.991,56.028,56.314,56.771,57.191,57.682,58.49,59.529,60.365,60.645,,,,,,,,,,,,,,,,,,,,,,,,,,,,,,,,,,,,,,,,,
67.178,67.008,66.409,65.706,64.841,64.011,63.24,62.22,61.332,60.402,59.398,58.748,58.456,58.397,58.482,58.677,58.967,59.374,59.971,60.572,61.108,61.629,62.035,62.433,62.862,63.235,63.704,64.127,64.433,64.627,64.735,64.762,64.727,64.637,64.495,64.263,63.932,63.467,62.871,61.907,61.184,60.271,59.452,58.606,57.783,57.109,56.545,56.131,55.953,55.795,55.794,56.09,56.534,57.206,58.047,59.111,60.084,60.961,61.745,62.549,63.392,64.254,65.256,66.035,66.945,67.431,67.64,67.716,67.721,,,,,,,,,,,,,,,,,,,,,,,,,,,,,,,,,
67.908,67.887,67.771,67.582,67.3,66.774,66.134,65.227,64.297,63.465,62.61,61.597,60.721,59.547,58.282,57.157,55.961,54.999,54.29,53.714,53.136,52.563,52.248,52.203,52.272,52.47,52.761,53.12,53.435,53.753,53.904,53.913,53.819,53.672,53.57,53.454,53.41,53.476,53.684,54.031,54.397,54.758,55.14,55.535,56.002,56.372,56.586,56.495,56.277,55.896,55.466,54.985,54.527,53.979,53.588,53.532,53.691,54.137,54.632,55.681,56.852,58.138,59.421,60.538,61.545,62.489,63.459,64.425,65.078,65.636,66.03,66.448,66.846,67.181,67.58,68.187,68.659,68.912,69.016,,,,,,,,,,,,,,,,,,,,,,,
75.612,75.257,74.738,74.239,73.689,73.078,72.44,71.792,71.086,70.442,70.191,70.047,69.851,69.486,68.81,67.865,66.518,65.146,63.617,62.567,61.865,61.274,60.932,60.807,60.868,61.011,61.293,61.661,62.288,63.005,63.895,64.887,66.118,67.492,68.781,69.987,70.959,71.698,72.026,72.229,72.396,72.625,72.939,73.376,73.84,74.433,75.816,77.167,77.904,78.176,78.093,77.57,76.597,74.824,72.36,69.281,66.621,65.034,63.923,63.453,63.324,63.573,64.477,65.605,66.878,68.413,69.741,70.789,71.484,71.986,72.27,72.229,71.727,70.905,69.751,68.656,68.002,67.555,67.385,67.479,67.799,68.415,68.99,69.974,71.152,72.005,72.445,72.538,,,,,,,,,,,,,,
63.836,63.803,63.263,61.795,59.635,57.92,56.756,55.834,55.24,54.763,54.607,54.643,55.07,55.631,56,56.166,56.216,56.333,56.083,55.706,55.397,55.009,54.562,54.188,53.924,53.966,54.247,54.715,55.391,56.033,56.819,57.291,57.775,58.215,58.411,58.516,58.489,58.402,58.176,57.814,57.414,56.934,56.45,55.872,54.991,54.091,53.126,52.147,51.181,50.003,49.022,48.458,48.493,48.984,49.571,50.574,51.715,52.837,53.923,55.029,55.96,56.509,56.384,55.894,55.214,54.446,53.476,52.691,51.668,51.099,50.71,50.615,50.817,51.222,51.643,51.98,52.344,52.725,53.1,53.531,53.631,,,,,,,,,,,,,,,,,,,,,
68.346,67.982,67.286,66.472,65.469,64.388,63.127,62.146,61.208,60.651,60.604,60.92,61.495,62.317,62.962,63.516,64.131,64.285,63.891,63.492,62.992,62.522,61.999,61.418,60.804,60.006,59.271,58.344,57.626,56.914,56.268,55.795,55.461,55.4,55.799,56.555,57.57,58.553,59.419,60.26,60.779,60.77,60.348,59.58,58.706,58.283,58.608,59.041,59.465,60.133,60.989,61.606,61.955,62.33,62.734,63.11,63.14,63.289,63.558,63.955,64.532,65.291,66.342,67.326,68.398,68.974,69.295,69.43,69.553,69.755,69.953,70.178,70.601,71.32,71.754,71.909,,,,,,,,,,,,,,,,,,,,,,,,,,
73.493,73.402,73.069,72.498,71.376,69.888,68.536,67.192,65.882,64.715,63.76,62.987,62.267,61.801,61.741,61.938,62.332,62.758,63.24,63.82,64.621,65.104,65.544,65.714,65.767,65.74,65.692,65.655,65.689,65.776,65.981,66.314,66.815,67.211,67.724,68.261,68.859,69.335,69.65,69.871,69.934,69.711,69.271,68.554,67.545,66.595,65.602,64.747,64.01,63.382,62.893,62.701,62.711,62.928,63.298,63.828,64.458,65.294,66.272,67.37,68.546,69.605,70.609,71.642,72.692,73.609,74.401,75.085,75.556,75.705,,,,,,,,,,,,,,,,,,,,,,,,,,,,,,,,
69.058,69.051,69.043,69.032,68.98,68.85,68.565,68.008,67.323,66.606,65.945,65.255,64.45,63.534,62.556,61.604,60.777,60.294,60.072,59.977,59.963,60.113,60.378,60.777,61.309,62.026,62.9,63.692,64.351,65.045,65.735,66.387,66.961,67.425,67.791,67.965,68.114,68.268,68.478,68.815,69.134,69.453,69.747,70.311,70.873,71.029,70.936,70.725,70.302,69.577,68.494,66.771,65.246,63.546,61.925,60.873,60.313,59.888,59.589,59.447,59.436,59.498,59.661,59.901,60.36,60.842,61.25,61.699,62.17,62.771,63.484,64.207,65.186,66.342,67.312,67.944,68.453,68.985,69.634,70.316,70.999,72.085,73.163,73.564,73.61,,,,,,,,,,,,,,,,,
75.283,75.264,75.155,74.876,74.013,73.134,71.618,70.386,69.273,68.53,67.945,67.719,68.006,68.483,69.149,69.717,70.187,70.605,71.15,71.782,72.004,72.003,71.83,71.674,71.582,71.532,71.603,71.689,71.785,71.857,71.904,71.816,71.725,71.725,71.701,71.862,71.928,71.874,71.786,71.681,71.636,71.429,71.167,70.745,70.197,69.23,67.86,66.477,64.863,63.238,62.114,61.231,60.72,60.289,60.077,59.947,59.866,60.011,60.444,60.453,60.503,60.56,60.621,60.695,60.808,61.045,61.394,61.905,62.673,63.681,64.238,64.869,65.328,65.798,66.259,66.542,,,,,,,,,,,,,,,,,,,,,,,,,,
99.102,99.045,98.83,97.713,95.774,92.174,87.955,84.571,82.513,81.309,80.441,79.857,79.96,80.926,82.522,84.258,86.752,88.835,90.549,91.632,92.328,92.639,92.504,91.992,91.385,90.947,90.882,90.966,91.465,92.067,92.81,93.464,94.385,95.312,96.419,97.167,97.62,97.777,97.719,97.443,96.948,95.832,93.988,91.353,88.912,86.849,84.984,83.812,82.846,82.025,81.5,81.477,81.725,82.197,82.863,83.466,84.121,84.823,85.643,86.965,88.112,89.743,91.239,92.821,94.381,95.647,96.792,97.732,98.411,98.923,99.317,99.509,99.696,99.761,,,,,,,,,,,,,,,,,,,,,,,,,,,,
84.58,84.477,83.987,83.439,82.751,82.066,81.251,80.445,79.638,78.599,77.17,75.25,72.738,71.213,70.054,69.425,69.132,69.185,69.452,70.09,70.988,71.66,72.131,72.773,73.317,73.339,73.269,73.182,73.102,72.941,72.772,72.874,73.337,73.903,74.444,74.975,75.485,75.954,76.366,76.754,77.213,77.738,78.324,78.703,78.796,78.737,78.461,77.925,77.121,75.405,73.26,71.665,70.308,69.35,68.77,68.555,68.516,68.82,69.861,71.15,72.153,73.571,74.728,75.584,76.322,76.814,77.266,77.882,78.661,79.444,80.391,81.336,82.025,82.537,82.983,83.309,83.523,83.594,83.6,83.507,83.577,83.732,83.741,,,,,,,,,,,,,,,,,,,
76.76,76.608,76.321,75.968,75.534,75.094,74.741,74.432,74.039,73.644,73.345,73.179,73.11,73.107,73.103,73.06,73.002,72.94,72.786,72.379,71.788,71.305,70.742,70.078,69.672,69.482,69.524,69.744,70.189,70.845,71.461,72.062,72.656,73.361,74.222,75.286,76.237,77.033,77.583,77.968,78.17,78.268,78.326,78.298,78.109,77.688,77.287,76.891,76.497,76.142,76.061,76.136,76.041,75.89,75.658,75.139,74.196,73.164,71.532,69.492,67.869,66.427,65.176,64.786,65.003,65.364,66.143,67.335,68.401,69.7,71.078,73.197,75.168,77.329,78.932,80.075,80.763,81.209,81.459,81.482,81.362,81.156,80.855,80.681,81.013,81.45,81.764,82.456,83.523,84.813,85.735,86.333,,,,,,,,,,
65.275,65.162,64.984,64.731,64.446,64.046,63.525,62.951,62.311,61.573,60.836,60.087,59.301,58.667,58.154,57.78,57.466,57.302,57.241,57.248,57.264,57.306,57.365,57.513,57.737,57.757,57.931,57.888,57.77,57.605,57.54,57.614,57.824,58.15,58.577,59.075,59.699,60.318,61.029,61.642,62.245,62.839,63.649,64.484,65.316,65.951,66.289,66.263,65.772,64.883,63.914,62.504,60.729,58.138,55.775,53.936,52.881,52.175,51.602,50.999,50.761,50.678,50.815,51.192,51.786,52.352,52.895,53.435,54.071,54.629,55.303,55.984,56.593,57.031,57.239,57.26,57.18,57.026,56.908,56.705,56.46,56.21,56.184,56.181,56.173,56.174,56.139,56.205,,,,,,,,,,,,,,
57.618,57.064,55.838,54.494,53.058,52.159,51.554,51.26,51.344,51.633,52.316,53.239,53.766,53.983,54.169,54.478,54.815,55.083,54.983,54.775,54.691,54.758,54.937,55.213,55.504,55.829,55.99,55.372,55.026,54.78,54.723,54.8,55.008,55.349,55.644,56.011,56.523,57.03,57.262,57.29,57.072,57.07,56.416,55.367,53.792,52.234,50.944,49.939,49.226,48.744,48.391,48.273,48.436,48.871,49.578,50.431,51.409,52.073,52.433,52.704,52.821,52.963,53.206,53.565,53.766,53.794,53.663,53.594,53.574,53.58,53.721,54.001,54.365,54.641,54.81,54.837,,,,,,,,,,,,,,,,,,,,,,,,,,
75.484,75.283,73.775,71.194,68.067,64.851,61.468,58.119,54.868,52.761,51.286,50.436,49.897,49.76,49.863,50.248,50.896,52.184,52.84,53.191,53.274,53.251,53.235,53.31,53.447,53.729,54.206,54.894,55.448,56.019,56.505,56.845,57.228,57.743,58.334,58.835,59.2,59.394,59.535,59.517,59.22,58.751,57.917,57.082,56.008,55.467,55.303,55.518,55.94,56.456,57.32,58.703,60.266,61.886,63.622,64.977,65.988,66.705,67.326,67.916,68.57,69.144,69.73,70.426,71.042,71.751,72.602,73.458,74.112,74.534,74.801,74.866,,,,,,,,,,,,,,,,,,,,,,,,,,,,,,
61.359,61.266,60.971,60.531,60.107,59.399,58.042,56.313,54.505,52.236,50.221,48.252,46.945,45.68,44.455,43.407,42.58,42.089,41.924,41.848,41.854,42.001,42.291,42.702,43.167,43.792,44.327,44.823,45.167,45.432,45.72,45.958,46.224,46.525,46.753,46.921,47.122,47.342,47.517,47.683,47.895,48.228,48.634,49.166,49.836,50.409,51.127,51.763,52.436,53.104,53.888,54.596,55.462,56.32,56.735,56.982,57.257,57.524,57.405,57.513,57.328,56.785,56.475,56.437,56.691,57.209,58.041,59.189,61.158,63.389,65.364,67.439,68.925,70.208,71.277,72.083,72.706,73.059,,,,,,,,,,,,,,,,,,,,,,,,
68.651,68.56,68.2,67.583,66.637,65.773,64.462,62.715,60.522,57.45,53.924,51.189,49.491,48.153,47.337,46.791,46.686,46.908,47.454,47.935,48.323,48.847,49.28,49.405,49.369,49.049,48.596,47.97,47.252,46.513,46.042,45.824,45.859,46.093,46.662,47.32,48.082,49.101,50.111,51.087,51.948,52.655,53.296,53.801,54.086,54.141,53.92,53.448,53.069,53.059,53.245,53.592,54.068,54.686,55.696,56.954,58.531,60.182,61.582,62.712,63.506,64.185,64.821,65.393,65.885,66.31,66.316,65.893,65.198,64.615,64.077,63.621,63.316,63.401,63.928,64.534,65.893,67.571,68.948,69.603,70.071,70.468,,,,,,,,,,,,,,,,,,,,
62.038,61.763,61.177,60.678,59.799,58.987,58.081,56.796,55.457,53.868,52.543,51.004,49.893,48.701,47.745,46.921,46.116,45.641,45.433,45.572,45.919,46.267,46.674,47.175,47.858,48.543,49.221,49.907,50.632,51.119,51.55,51.929,52.234,52.54,52.913,53.306,53.607,53.74,53.731,53.664,53.55,53.395,53.225,52.94,52.51,51.923,51.163,50.317,49.298,48.262,47.219,46.085,44.877,44.07,43.797,43.762,44.082,44.631,45.369,46.198,47.317,48.34,49.794,50.833,51.529,51.84,51.975,51.927,51.848,51.749,51.763,52.027,52.442,52.911,53.45,53.891,54.319,54.957,55.693,56.444,56.899,57.07,,,,,,,,,,,,,,,,,,,,
56.221,56.207,55.817,54.919,53.341,51.953,50.764,49.71,48.799,47.939,47.221,46.687,46.571,46.764,47.007,47.314,47.632,48.054,48.552,48.983,49.436,49.95,50.469,51.073,51.624,52.168,52.599,53.043,53.562,54.229,54.898,55.431,55.903,56.321,56.819,57.37,57.787,58.047,58.187,57.915,57.077,55.629,54.051,52.324,50.703,49.252,47.8,46.716,45.663,45.035,44.846,44.96,45.324,45.941,46.714,47.931,49.564,50.99,52.421,53.749,54.879,55.883,56.811,57.656,58.032,58.091,58.038,58.023,58.231,58.369,58.621,59.157,59.844,60.477,60.928,60.964,,,,,,,,,,,,,,,,,,,,,,,,,,
56.835,56.724,56.551,56.236,55.844,55.286,54.422,52.824,50.726,49.075,47.622,46.349,45.387,44.688,44.097,43.754,43.604,43.792,44.044,44.313,44.605,44.981,45.477,45.962,46.418,46.795,46.999,47.105,47.217,47.354,47.533,47.698,47.83,47.995,48.181,48.433,48.677,49.044,49.623,50.046,50.37,50.6,50.748,50.737,50.419,49.716,48.644,47.601,46.732,45.99,45.548,45.386,45.621,46.236,46.865,47.749,48.546,49.185,49.866,50.396,51.1,51.664,51.825,51.641,51.396,51.159,50.953,50.868,50.884,50.902,51,51.266,51.59,52.019,52.43,52.93,53.516,54.061,54.424,54.506,,,,,,,,,,,,,,,,,,,,,,
57.444,57.349,57.344,57.272,57.175,57.048,56.817,56.526,56.296,56.149,56.107,56.121,56.154,56.194,56.243,56.281,56.356,56.523,56.713,56.965,57.224,57.462,57.94,58.261,58.617,59.294,60.307,61.405,62.178,62.857,63.37,63.719,63.933,63.802,63.473,62.897,62.063,61.134,60.187,59.127,57.95,56.74,55.752,54.68,53.585,52.705,52.129,51.778,51.648,51.681,51.953,52.539,53.419,54.309,55.315,56.205,56.891,57.682,58.296,58.854,59.337,59.735,59.996,60.164,60.331,60.424,60.453,60.458,60.449,60.508,60.601,60.763,61.027,61.261,61.445,61.596,61.607,61.671,61.769,61.848,61.887,,,,,,,,,,,,,,,,,,,,,
49.295,49.176,49.073,48.656,48.189,47.851,47.57,47.428,47.343,47.416,47.602,47.89,48.164,48.347,48.495,48.625,48.806,49.006,49.214,49.554,49.94,50.349,50.72,51.137,51.546,51.96,52.487,53.204,53.841,54.382,54.697,54.959,55.081,55.062,54.787,54.143,53.158,51.939,50.993,50.139,49.547,49.05,48.919,49.001,49.2,49.504,49.718,49.864,49.794,49.635,49.375,48.95,48.558,48.383,48.499,48.728,49.189,49.602,50.248,51.114,52.324,53.319,53.962,54.351,54.762,55.041,55.258,,,,,,,,,,,,,,,,,,,,,,,,,,,,,,,,,,,
70.693,70.211,68.966,67.728,66.33,65.223,64.277,63.856,64.09,65.419,66.667,68.224,70.07,71.777,73.43,74.856,76.215,77.082,77.309,77.058,76.61,76.17,75.777,75.491,75.386,75.689,76.429,77.292,78.474,79.634,81.051,82.531,83.889,84.692,85.067,84.877,83.935,82.387,80.424,77.892,74.777,71.214,67.555,64.368,61.787,60.014,58.848,58.329,58.605,59.327,60.43,61.85,64.029,65.743,67.216,68.124,68.866,69.284,69.399,69.284,68.83,68.259,67.943,67.913,68.117,68.466,68.967,69.653,70.702,72.11,73.778,76.267,77.99,79.413,80.061,80.244,,,,,,,,,,,,,,,,,,,,,,,,,,
69.354,69.174,68.49,67.774,67.256,66.772,66.308,65.815,65.392,64.865,64.185,63.684,63.392,63.251,63.264,63.492,63.865,64.438,65.253,66.581,68.257,69.88,71.585,73.141,74.482,75.369,76.085,76.38,76.414,76.214,75.794,75.226,74.458,73.413,72.322,71.076,70.069,69.332,68.786,68.436,68.056,67.633,66.953,66.458,66.005,65.439,64.339,62.902,61.782,60.404,59.224,58.073,57.234,56.847,56.879,57.507,58.56,59.592,61.124,62.48,64.29,66.417,68.356,70.255,71.642,72.722,73.439,73.882,74.009,73.831,73.301,72.729,72.037,71.602,71.41,71.468,71.582,71.811,72.176,72.75,73.723,74.563,75.136,,,,,,,,,,,,,,,,,,,
64.973,64.749,64.288,63.701,63.256,62.615,61.852,61.063,60.172,58.922,57.434,56.02,54.81,53.783,52.98,52.435,51.989,51.818,52.003,52.386,52.69,53.064,53.51,53.602,53.47,53.116,52.651,52.024,51.625,51.368,51.35,51.482,51.756,52.146,52.392,52.695,53.248,53.816,54.375,54.889,55.142,55.284,55.406,55.489,55.299,54.689,53.486,52.157,50.997,50.15,49.766,49.567,49.536,49.723,50.279,50.907,51.569,52.29,52.98,53.845,54.673,55.515,56.272,56.858,57.4,57.822,58.055,57.98,57.65,57.212,56.603,56.207,55.74,55.388,55.206,55.172,55.135,55.064,54.972,54.945,55.04,55.066,,,,,,,,,,,,,,,,,,,,
70.125,69.77,69.012,68.258,67.752,67.539,67.497,67.534,67.695,67.948,68.348,69.126,69.7,70.434,71.159,71.686,72.238,72.973,73.797,74.7,75.445,75.958,76.172,76.141,75.942,75.57,75.245,75.21,75.218,75.313,76.12,76.93,77.222,77.297,77.423,77.655,77.714,76.792,74.577,71.981,69.764,68.174,67.329,66.535,66.228,66.295,66.986,68,68.919,69.565,70.185,70.698,71.297,71.972,72.442,72.764,73.225,73.578,74.047,74.541,74.954,75.145,,,,,,,,,,,,,,,,,,,,,,,,,,,,,,,,,,,,,,,,
67.853,67.69,67.269,66.459,65.245,63.586,62.228,61.28,60.714,60.395,60.34,60.38,60.575,61.021,61.458,61.866,62.464,63.036,63.759,64.422,65.043,65.86,66.544,67.508,68.52,69.503,70.691,71.661,72.738,73.433,74.053,74.311,74.497,74.489,74.353,74.102,73.661,73.065,72.238,70.931,69.412,67.067,64.689,62.241,60.191,58.335,56.657,55.15,54.107,52.936,52.239,51.838,51.762,52.019,52.405,52.897,53.561,54.548,55.538,56.97,58.462,59.783,61.389,62.684,63.676,64.479,65.212,65.749,66.237,66.678,67.058,67.419,67.671,67.904,67.949,,,,,,,,,,,,,,,,,,,,,,,,,,,
56.178,56.084,55.767,55.392,55.127,54.8,54.44,53.995,53.643,53.251,52.889,52.433,52.113,51.958,51.808,51.582,51.121,50.532,49.804,49.35,49.121,49.156,49.369,49.707,50.105,50.756,51.581,52.774,53.893,55.006,56.248,57.047,57.902,58.299,58.534,58.45,58.145,57.646,57.168,56.869,56.561,56.313,56.037,55.824,55.752,55.687,55.486,55.155,54.759,54.361,53.604,52.714,51.507,49.934,48.8,48.133,47.858,47.788,47.79,47.924,48.246,48.918,49.342,49.647,49.959,50.117,50.081,49.964,49.684,49.365,48.866,48.385,47.983,47.758,47.625,47.624,47.727,47.925,48.188,48.806,49.686,50.306,50.835,51.283,51.748,52.027,52.03,,,,,,,,,,,,,,,
67.7,67.697,67.303,66.498,65.272,63.707,62.579,61.56,60.793,60.243,59.98,60.21,60.697,61.443,62.149,63.182,64.198,64.818,65.714,66.681,67.55,67.841,67.794,67.568,67.248,66.926,66.856,66.887,66.873,66.696,66.39,65.971,65.051,63.374,61.604,59.316,58.204,57.342,56.656,56.235,56.228,56.626,57.308,58.134,59.086,59.806,60.977,61.444,61.691,61.733,61.717,61.798,62.088,62.743,63.468,64.409,65.592,66.277,,,,,,,,,,,,,,,,,,,,,,,,,,,,,,,,,,,,,,,,,,,,
76.381,76.333,76.142,75.695,75.027,73.814,72.167,70.56,68.966,66.908,64.931,61.528,58.507,56.687,55.66,54.67,54.028,53.679,53.697,54.182,54.64,55.407,56.339,57.963,59.198,61.491,63.77,67.521,71.138,73.587,75.965,77.357,76.79,75.98,72.922,69.826,66.248,63.108,61.636,61.249,62.038,64.354,67.05,69.39,70.928,72.748,73.649,74.185,74.232,74.113,73.864,73.453,72.752,72.085,72.31,72.742,73.379,73.979,74.615,75.042,,,,,,,,,,,,,,,,,,,,,,,,,,,,,,,,,,,,,,,,,,
63.638,62.949,60.979,57.21,53.936,52.316,51.785,52.91,55.128,57.267,58.33,58.789,58.874,58.587,58.362,58.097,58.345,58.465,58.31,57.666,55.971,53.641,52.229,52.322,53.034,54.562,55.648,56.861,57.934,58.514,59.435,61.043,62.69,64.051,65.217,65.86,,,,,,,,,,,,,,,,,,,,,,,,,,,,,,,,,,,,,,,,,,,,,,,,,,,,,,,,,,,,,,,,,,
41.345,41.302,41.181,40.879,40.403,40.079,40.209,40.743,41.611,42.755,44.017,46.114,47.702,48.785,49.716,50.341,50.653,50.566,50.344,50.338,50.307,50.37,50.447,50.391,49.401,47.66,46.132,43.634,37.165,31.493,24.459,17.438,13.366,11.328,9.5899,8.4428,7.5843,7.1008,6.529,6.2265,6.2532,6.0375,5.4672,4.8545,4.2357,3.6737,3.2777,2.9368,2.8259,2.8512,3.2092,3.7862,4.3611,5.1103,5.5651,6.0195,6.6,7.0917,7.6165,8.3376,9.5071,11.401,13.606,16.062,18.892,25.326,31.328,36.894,41.383,43.875,45.47,47.349,48.953,49.828,49.954,,,,,,,,,,,,,,,,,,,,,,,,,,,
40.956,40.914,40.86,40.8,40.784,40.784,40.784,40.784,40.784,40.784,40.784,40.784,40.784,40.784,40.784,40.784,40.784,40.784,40.784,40.784,40.784,40.784,40.784,40.784,40.75,40.656,40.551,40.572,40.838,41.16,41.606,42.321,43.187,44.029,44.973,45.605,46.221,46.451,46.495,46.203,45.902,45.441,44.976,44.318,43.88,43.429,42.844,42.29,41.661,41.42,41.237,41.012,40.888,41.064,41.599,42.248,44.126,45.981,48.236,50.426,53.447,56.93,59.191,60.963,62.525,64.27,65.501,66.503,66.839,67.093,67.212,67.424,67.498,,,,,,,,,,,,,,,,,,,,,,,,,,,,,
60.355,60.067,58.471,55.756,52.114,45.766,38.592,28.387,20.264,18.252,19.608,23.598,28.869,36.031,50.039,67.526,78.494,86.75,91.967,95.434,94.052,88.939,83.241,77.448,75.217,73.957,73.23,73.315,73.091,72.806,72.753,72.697,72.554,72.525,72.636,72.669,72.686,72.971,,,,,,,,,,,,,,,,,,,,,,,,,,,,,,,,,,,,,,,,,,,,,,,,,,,,,,,,,,,,,,,,
71.499,71.399,71.297,71.155,70.947,70.74,70.362,70.013,69.712,69.229,68.37,67.603,66.716,66.054,65.665,65.626,65.742,66.017,66.394,66.693,66.975,67.322,67.56,67.381,66.972,66.537,65.983,65.45,64.987,64.814,65.069,65.521,66.17,66.712,67.536,68.38,69.106,69.67,70.195,70.472,70.536,70.4,70.057,69.532,68.771,68.003,67.364,66.81,66.384,66.079,65.92,65.701,65.65,65.314,65.041,64.844,64.582,64.451,64.347,64.414,64.529,64.727,64.99,65.519,66.026,66.458,66.745,66.936,66.96,,,,,,,,,,,,,,,,,,,,,,,,,,,,,,,,,
53.653,53.508,53.231,52.662,52.143,51.575,51.425,51.712,52.14,52.822,53.465,54.119,54.7,55.639,56.177,56.556,57.107,57.536,58.081,58.405,58.592,58.553,58.083,57.548,56.531,55.161,54.443,53.594,52.608,51.123,49.85,48.058,46.594,45.769,45.425,45.511,46.1,46.794,47.949,48.795,49.377,49.964,50.073,50.063,50.124,50.185,50.282,50.403,50.651,50.764,50.744,50.598,50.551,50.505,50.524,50.983,51.149,51.216,,,,,,,,,,,,,,,,,,,,,,,,,,,,,,,,,,,,,,,,,,,,
44.471,44.387,44.165,43.704,43.288,42.981,42.639,42.393,42.247,42.236,42.428,42.615,42.963,43.346,43.695,43.85,43.948,44.04,44.07,43.964,43.884,44.083,44.369,44.704,44.948,45.407,45.842,46.119,46.216,46.217,46.093,45.779,45.002,43.888,42.448,41.799,41.496,41.627,41.99,42.693,44.078,45.153,46.134,46.94,47.86,48.136,47.984,47.354,46.556,45.706,44.858,44.35,44.03,44.09,44.498,45.397,46.42,48.023,49.893,50.793,51.026,,,,,,,,,,,,,,,,,,,,,,,,,,,,,,,,,,,,,,,,,
50.587,50.459,50.179,49.842,49.402,48.907,48.626,48.356,47.936,47.959,48.11,48.417,49.118,50.137,51.574,53.469,55.691,57.034,58.387,59.278,60.261,60.799,61.615,61.994,62.452,62.819,63.098,63.321,63.529,63.684,63.825,63.868,63.857,63.813,63.608,63.302,62.882,62.285,61.579,60.788,59.616,58.301,56.921,54.825,52.898,51.601,49.677,48.749,47.585,46.795,46.267,45.887,45.495,45.077,44.547,44.111,43.85,43.779,43.938,44.547,45.156,46.086,46.826,48.104,49.01,49.699,50.312,50.39,,,,,,,,,,,,,,,,,,,,,,,,,,,,,,,,,,
57.127,56.442,55.434,54.41,53.487,52.556,51.508,50.568,49.983,49.462,48.953,48.611,48.013,47.054,45.88,45.016,44.531,44.284,44.105,44.033,44.049,44.113,44.357,44.705,45.009,45.392,45.726,46.418,46.828,47.299,47.642,47.844,47.878,47.996,48.32,48.644,49.157,49.838,50.318,50.818,51.067,50.618,49.547,47.699,47.004,46.662,46.613,46.633,46.779,46.907,46.982,47.139,47.21,47.127,47.157,47.201,47.491,47.809,48.087,48.272,48.356,48.42,48.428,48.402,48.409,,,,,,,,,,,,,,,,,,,,,,,,,,,,,,,,,,,,,
58.21,58.141,57.426,56.577,55.553,54.401,53.503,52.736,51.741,51.106,50.863,50.863,51.009,51.369,52.075,52.855,53.795,54.432,55.15,55.83,56.624,57.496,58.154,58.302,58.048,57.68,56.839,55.795,54.992,54.097,52.967,51.693,50.104,48.805,47.544,46.53,45.851,45.529,45.555,45.662,46.018,46.376,46.889,47.418,48.233,48.802,49.347,49.984,50.561,51.811,52.432,52.703,52.523,52.2,51.747,51.294,51.109,51.184,51.169,51.146,51.185,,,,,,,,,,,,,,,,,,,,,,,,,,,,,,,,,,,,,,,,,
78.493,78.123,77.313,75.455,73.358,70.957,68.729,66.458,63.456,61.745,60.695,60.764,61.281,62.143,63.377,64.764,65.828,66.419,66.675,66.389,65.196,64.103,62.997,62.16,61.316,60.426,60.183,60.084,60.122,60.273,60.372,60.019,59.511,59.005,58.717,58.78,59.168,59.998,60.93,62.055,63.135,64.195,65.123,66.003,66.744,67.202,67.334,,,,,,,,,,,,,,,,,,,,,,,,,,,,,,,,,,,,,,,,,,,,,,,,,,,,,,,
56.748,56.685,56.285,55.439,53.879,52.253,51.127,50.424,50.111,50.174,50.494,50.722,50.998,51.383,51.536,51.625,51.892,52.139,52.349,52.64,52.915,53.017,52.688,52.168,51.912,51.975,52.253,52.869,54.339,55.068,55.686,56.105,56.17,55.915,54.821,53.068,52.029,50.903,50.232,49.698,49.485,49.62,50.214,50.827,51.663,52.837,53.74,54.188,54.474,54.57,54.457,54.314,54.237,54.329,54.584,54.876,55.321,56.056,56.429,56.729,56.948,57.11,,,,,,,,,,,,,,,,,,,,,,,,,,,,,,,,,,,,,,,,
55.879,55.804,55.578,55.206,54.58,53.407,52.374,51.5,50.748,50.206,49.793,49.569,49.521,49.598,49.68,49.772,49.89,50.045,50.235,50.394,50.675,51.32,51.903,52.589,53.386,54.296,54.748,54.907,54.63,53.516,51.969,49.102,47.596,46.982,47.179,47.638,48.396,49.526,50.33,50.948,51.39,51.515,51.353,51.08,50.71,50.422,50.343,50.324,50.338,50.448,50.82,51.086,51.226,,,,,,,,,,,,,,,,,,,,,,,,,,,,,,,,,,,,,,,,,,,,,,,,,
65.078,64.423,63.088,61.161,58.353,56.773,55.319,54.628,54.318,54.435,55.21,56.707,57.776,59.208,60.391,61.217,61.47,61.32,60.781,60.301,59.752,59.444,59.556,59.859,60.38,61.393,62.409,62.93,63.274,63.304,62.455,60.838,58.266,56.264,54.344,52.849,51.641,50.364,49.69,49.355,49.516,50.142,51.13,51.886,52.754,53.567,54.476,55.284,55.685,55.703,55.534,55.507,55.383,55.478,55.737,55.73,55.665,55.745,,,,,,,,,,,,,,,,,,,,,,,,,,,,,,,,,,,,,,,,,,,,
60.405,60.311,60.033,59.206,57.782,56.413,55.393,54.263,53.583,53.142,52.868,52.788,53.124,53.574,54.135,54.7,55.505,56.254,56.89,57.227,57.416,57.461,57.435,57.531,57.676,57.983,58.284,58.611,59.183,59.545,59.758,59.708,59.279,58.723,57.831,56.521,55.553,55.505,55.956,56.875,57.881,59.758,60.878,61.745,62.045,62.152,,,,,,,,,,,,,,,,,,,,,,,,,,,,,,,,,,,,,,,,,,,,,,,,,,,,,,,,
55.461,55.452,55.315,54.932,54.327,53.775,53.4,53.566,53.658,53.725,53.817,53.981,54.127,54.1,54.057,54.002,53.691,53.149,52.8,52.574,52.609,52.789,52.99,53.244,53.534,53.921,54.211,54.643,55.22,55.856,56.541,56.88,57.017,57.052,56.844,56.16,55.24,54.027,52.69,50.866,49.857,49.053,48.354,47.997,47.894,48.048,48.401,48.88,49.79,50.295,50.672,51.07,51.517,52.082,52.781,53.876,54.863,55.585,56.449,56.882,57.452,57.904,58.344,58.676,58.845,58.855,,,,,,,,,,,,,,,,,,,,,,,,,,,,,,,,,,,,
56.048,55.951,55.767,55.213,54.087,52.791,51.277,49.983,49.004,48.561,48.324,48.153,48.127,48.349,48.742,49.334,49.814,50.342,50.92,51.669,52.476,53.378,53.805,53.984,54.148,54.278,54.439,54.697,55,55.405,55.718,56.153,56.661,56.912,56.809,56.409,55.622,53.702,52.051,50.34,49.362,48.598,47.926,47.389,47.116,47.103,47.234,47.659,48.083,48.924,49.503,50.481,51.157,51.816,52.323,52.764,53.063,53.241,53.325,,,,,,,,,,,,,,,,,,,,,,,,,,,,,,,,,,,,,,,,,,,
68.408,68.286,67.652,66.282,64.469,63.32,62.779,62.366,62.435,62.471,62.685,63.037,63.265,63.49,63.922,64.55,64.716,63.722,62.974,62.099,61.746,61.684,61.81,62.247,62.825,63.791,65.353,66.986,68.32,69.85,70.612,71.017,71.094,70.434,68.922,66.887,64.262,62.935,62.391,62.107,62.282,62.846,63.278,63.631,64.307,64.625,64.998,65.402,66.165,66.668,67.42,68.116,68.571,68.846,68.904,68.856,68.742,68.666,68.785,,,,,,,,,,,,,,,,,,,,,,,,,,,,,,,,,,,,,,,,,,,
64.449,63.971,63,61.422,59.498,57.933,56.66,55.508,54.786,53.972,53.367,53.072,53.115,53.329,53.723,54.496,55.591,56.894,58.587,60.57,61.989,64.297,66.347,68.036,69.296,69.926,70.149,69.888,68.994,67.452,65.472,63.4,61.886,60.483,59.233,57.39,55.699,54.345,53.272,52.429,52.254,52.162,52.246,52.4,52.636,52.835,53.077,53.356,53.741,54.127,54.755,55.187,55.323,55.406,55.323,55.515,56.193,56.702,57.699,58.411,58.905,59.335,59.674,,,,,,,,,,,,,,,,,,,,,,,,,,,,,,,,,,,,,,,
55.492,55.409,55.094,54.25,52.905,51.687,49.965,49.076,48.615,48.631,48.858,49.318,50.271,51.072,51.708,52.405,53.064,53.757,54.658,55.492,56.178,56.575,56.782,56.981,57.057,56.712,56.316,55.833,55.417,54.799,53.809,52.816,52.038,51.419,51.03,50.865,50.73,50.627,50.612,50.662,50.73,50.822,50.955,51.148,51.359,51.684,52.02,52.315,52.771,53.328,53.963,54.689,55.205,56.402,56.834,57.425,57.973,58.284,58.31,,,,,,,,,,,,,,,,,,,,,,,,,,,,,,,,,,,,,,,,,,,
94.19,94.087,93.722,93.402,93.198,93.157,93.256,93.626,94.247,95.613,98.036,100.54,102.79,104.69,105.43,105.75,105.8,105.48,104.68,103.77,102.8,101.89,100.66,99.704,99.291,99.06,99.094,99.297,99.587,99.999,100.24,100.57,100.6,100.21,99.774,99.535,99.339,99.254,99.301,99.536,99.801,99.964,100.09,100.13,,,,,,,,,,,,,,,,,,,,,,,,,,,,,,,,,,,,,,,,,,,,,,,,,,,,,,,,,,
78.317,78.205,78.245,78.353,78.556,78.85,79.496,80.168,81.304,82.251,82.726,83.045,83.494,83.906,84.466,84.843,85.166,85.486,85.949,86.752,87.74,88.743,89.948,91.262,92.594,93.648,94.729,95.245,95.544,95.706,95.985,96.814,98.157,99.549,101.39,103.43,105.69,106.96,108.01,109.61,110.9,111.69,111.83,111.33,110.18,108.98,105.75,102.23,95.469,91.264,87.013,85.123,83.286,82.272,81.72,81.694,81.933,82.088,82.348,82.647,82.9,83.095,83.294,83.593,83.799,83.859,,,,,,,,,,,,,,,,,,,,,,,,,,,,,,,,,,,,
70.691,70.269,69.679,68.815,67.492,66.471,65.203,64.636,64.263,64.057,63.88,63.313,62.967,62.345,61.84,61.586,61.491,61.371,61.403,61.539,61.757,62.269,62.308,62.341,62.491,63.041,64.242,65.259,66.229,67.362,68.042,68.675,68.57,68.41,68.141,67.478,66.544,65.843,64.696,63.686,62.749,61.526,60.892,60.247,59.474,58.964,58.594,58.365,58.247,58.225,58.436,58.741,59.052,59.374,59.747,60.006,60.232,60.331,60.552,61.005,61.603,62.726,63.713,64.876,65.821,66.791,67.217,67.535,,,,,,,,,,,,,,,,,,,,,,,,,,,,,,,,,,
64.699,64.614,64.49,64.305,64.01,63.64,63.213,62.614,62.022,61.476,60.827,60.084,59.293,57.992,56.79,56,55.965,56.337,57.084,57.922,59.629,61.057,62.452,63.619,64.882,65.775,67.437,68.662,69.583,70.213,70.809,71.332,71.68,72.019,72.034,71.878,71.685,71.222,70.459,69.779,68.44,67.26,65.258,63.147,61.25,60.543,59.927,59.689,59.626,59.704,60.071,60.991,61.905,63.289,64.969,66.309,67.783,68.857,69.402,69.649,69.34,68.66,67.589,66.978,66.487,66.215,65.783,65.789,,,,,,,,,,,,,,,,,,,,,,,,,,,,,,,,,,
76.455,76.254,75.717,74.51,72.818,70.871,69.229,68.343,67.734,67.265,66.712,66.284,65.939,65.605,65.385,65.342,65.375,65.431,66.109,67.029,68.251,69.403,70.506,71.754,73.048,73.689,73.762,73.289,72.454,70.179,66.952,62.743,59.473,56.968,55.822,55.507,55.703,56.567,58.176,59.963,61.565,63.018,64.87,66.824,67.975,68.553,68.698,68.607,68.369,67.977,67.857,67.891,68.081,68.68,69.226,69.39,69.506,,,,,,,,,,,,,,,,,,,,,,,,,,,,,,,,,,,,,,,,,,,,,
69.443,69.366,69.095,68.926,68.614,67.909,67.451,67.163,66.918,66.771,66.681,66.635,66.652,66.725,66.896,67.574,68.072,68.641,69.13,69.614,70.107,70.472,70.801,71.162,71.41,71.838,72.17,72.318,72.353,72.227,72.296,72.471,72.84,72.846,72.729,72.634,72.421,71.317,70.487,68.993,66.759,65.159,64.058,63.227,62.979,63.58,65.101,66.409,67.582,68.983,69.706,70.067,70.286,70.365,,,,,,,,,,,,,,,,,,,,,,,,,,,,,,,,,,,,,,,,,,,,,,,,
59.657,59.579,59.469,59.424,59.328,59.259,58.937,58.576,58.237,57.823,57.138,56.294,55.38,53.909,52.546,51.366,50.642,50.403,50.595,51.184,52.106,53.277,54.302,56.287,58.177,59.66,60.601,61.113,61.564,61.679,61.805,62.022,62.542,63.133,63.741,64.5,65.481,66.286,66.775,67.01,66.75,66.221,64.162,61.201,59.079,57.14,55.958,55.304,55.022,55.223,55.987,56.311,56.663,56.988,57.382,57.401,57.201,57.036,56.842,56.741,56.717,56.86,57.225,57.662,58.144,58.722,59.063,59.567,59.608,,,,,,,,,,,,,,,,,,,,,,,,,,,,,,,,,
24.432,24.432,24.432,24.432,24.432,24.432,24.432,24.432,24.432,24.432,24.432,24.432,24.432,24.432,24.432,24.432,24.432,24.432,24.432,24.432,24.432,24.432,24.432,24.432,24.432,24.432,24.432,24.432,24.432,24.432,24.432,24.432,24.432,24.432,24.432,24.432,24.432,24.432,24.432,24.432,24.432,24.432,24.432,24.432,24.432,24.432,24.432,24.432,24.432,24.432,24.432,24.432,24.432,24.432,24.432,,,,,,,,,,,,,,,,,,,,,,,,,,,,,,,,,,,,,,,,,,,,,,,
75.642,75.077,73.903,69.462,65.279,62.777,61.251,60.733,60.478,61.544,61.956,61.946,62.035,61.57,61.265,61.317,61.536,62.023,62.611,63.403,63.925,64.131,64.066,63.862,63.651,63.637,63.897,65.081,65.846,66.545,66.966,66.898,65.723,63.342,60.945,59.635,57.975,56.829,56.319,56.529,57.252,58.413,59.648,61.094,62.208,63.487,64.737,65.645,66.038,65.611,64.6,63.007,62.051,61.664,61.991,63.07,66.147,68.333,69.762,70.335,,,,,,,,,,,,,,,,,,,,,,,,,,,,,,,,,,,,,,,,,,
73.867,73.557,72.774,70.857,67.582,64.813,63.016,61.536,60.395,59.647,59.383,59.503,59.714,60.02,60.54,60.928,61.456,61.969,62.693,63.392,64.026,64.342,64.581,64.765,64.826,64.846,64.799,64.679,64.662,64.64,64.526,64.278,63.812,62.72,61.761,60.38,59.055,57.713,56.672,56.215,55.876,56.04,56.556,57.459,58.372,59.664,60.513,61.309,61.85,62.375,63.135,64.375,65.571,66.69,67.301,67.487,67.731,67.76,,,,,,,,,,,,,,,,,,,,,,,,,,,,,,,,,,,,,,,,,,,,
82.574,82.403,81.736,79.755,76.689,73.903,72.159,70.435,69.21,68.299,67.526,67.303,67.406,67.718,68.256,68.772,69.464,70.436,71.325,72.119,72.859,73.126,73.223,73.2,73.233,73.483,73.851,74.673,75.807,77.074,77.739,78.169,78.593,78.611,77.356,74.815,72.781,70.536,68.874,68.12,67.969,68.418,69.397,70.611,71.717,72.771,74.064,75.192,76.442,77.471,78.439,79.338,79.967,80.241,,,,,,,,,,,,,,,,,,,,,,,,,,,,,,,,,,,,,,,,,,,,,,,,
72.262,72.147,71.255,69.853,68.336,66.597,64.413,62.578,61.249,60.337,60.124,60.582,61.887,63.309,65.183,66.793,68.258,69.232,69.795,70.06,70.12,70.115,70.211,70.579,71.189,71.422,71.626,71.772,71.523,71.23,70.504,69.324,67.552,64.974,63.138,61.577,60.764,60.468,60.567,61.107,61.717,62.867,63.477,63.766,64.397,64.138,63.622,63.499,63.758,64.261,65.442,66.532,67.478,67.905,68.055,68.142,68.194,68.487,68.883,69.711,70.722,71.105,71.338,,,,,,,,,,,,,,,,,,,,,,,,,,,,,,,,,,,,,,,
61.18,60.658,58.23,55.312,53.075,51.452,50.202,49.329,49.618,50.123,50.932,52.021,52.469,52.796,52.831,52.632,52.22,51.795,51.498,51.269,50.887,50.504,50.164,50.466,50.934,51.753,53.328,55.103,56.197,57.384,57.778,56.913,55.077,52.303,50.638,49.651,48.938,48.828,49.211,49.711,50.375,51.165,51.538,52.021,52.564,54.075,55.564,57.166,58.297,59.523,60.125,60.849,61.31,61.805,62.328,63.015,63.669,64.226,64.245,,,,,,,,,,,,,,,,,,,,,,,,,,,,,,,,,,,,,,,,,,,
52.449,52.357,51.836,50.924,49.717,48.155,47.001,45.557,44.811,44.499,44.388,44.699,45.366,45.819,46.64,47.316,48.116,48.661,48.863,48.842,48.803,48.942,49.427,50.086,51.009,51.985,52.798,53.439,54.245,54.626,54.809,54.816,54.484,53.829,52.998,52.17,51.086,49.956,49.048,48.299,47.74,47.291,47.046,46.972,47.005,47.092,47.191,47.34,47.728,48.338,49.145,49.941,50.573,51.129,51.714,52.283,52.89,53.281,53.415,,,,,,,,,,,,,,,,,,,,,,,,,,,,,,,,,,,,,,,,,,,
52.804,52.55,51.996,51.341,50.966,50.668,50.439,50.433,50.645,51.03,51.461,51.878,52.404,53.05,53.465,53.788,53.87,53.742,53.512,53.134,53.144,53.326,53.516,53.659,53.784,53.962,53.96,53.745,53.343,52.546,51.822,51.08,50.631,50.34,50.356,50.294,50.204,50.173,50.277,50.491,50.977,51.372,52.117,52.943,53.726,54.783,55.702,56.504,56.785,56.905,,,,,,,,,,,,,,,,,,,,,,,,,,,,,,,,,,,,,,,,,,,,,,,,,,,,
51.074,50.725,50.056,49.377,48.761,47.927,47.053,46.416,46.117,45.968,46.013,46.175,46.428,46.803,47.461,47.999,48.554,49.176,49.524,49.718,49.779,49.878,50.121,50.657,51.171,52.341,53.425,54.292,55.163,55.627,55.078,53.516,51.114,49.393,48.092,47.469,47.522,48.028,49.088,50.087,51.223,52.2,53.276,53.955,54.053,53.984,53.863,53.702,53.534,53.271,52.921,52.442,52.112,51.891,51.833,51.93,52.211,52.696,53.164,53.47,53.521,,,,,,,,,,,,,,,,,,,,,,,,,,,,,,,,,,,,,,,,,
98.698,97.969,96.926,95.717,92.95,89.672,85.925,83.17,80.523,78.673,77.531,76.915,76.383,76.225,76.475,77.025,77.639,78.097,78.625,79.311,79.892,80.359,80.707,81.01,81.31,81.575,81.86,82.239,82.815,83.277,83.7,84.049,84.31,84.515,84.458,84.314,84.519,85.076,85.997,87.059,88.492,90.323,92.142,94.217,96.268,97.367,98.339,99.246,99.934,100.34,100.78,101.01,101.21,101.42,101.75,102.21,102.36,102.38,,,,,,,,,,,,,,,,,,,,,,,,,,,,,,,,,,,,,,,,,,,,
68.947,68.815,68.49,67.438,66.058,64.852,63.687,62.855,62.206,61.695,61.665,61.939,62.419,62.916,63.662,64.378,64.772,65.093,65.377,65.665,65.981,66.391,66.735,67.161,67.546,68.019,68.503,68.623,68.784,68.733,68.53,68.244,67.909,67.397,66.968,66.406,64.947,64.082,63.32,62.908,62.466,62.15,61.85,61.802,61.969,62.34,62.964,63.606,64.969,66.428,67.588,68.509,69.154,69.603,69.885,70,70.078,70.184,70.413,70.482,70.87,71.325,71.528,,,,,,,,,,,,,,,,,,,,,,,,,,,,,,,,,,,,,,,
62.222,62.04,61.82,61.756,62.003,62.223,62.511,63,63.359,63.879,64.282,64.808,65.225,65.609,65.937,66.719,67.507,68.03,68.324,68.487,68.508,68.518,68.662,68.922,69.407,69.842,70.135,70.232,70.375,70.383,70.154,69.78,69.227,68.684,67.724,66.366,64.393,60.678,57.329,54.913,54.078,53.295,52.88,52.675,52.54,52.446,52.447,53.033,53.361,53.731,53.98,54.216,54.275,54.799,55.233,55.69,56.298,56.75,57.439,57.964,58.389,58.73,59.075,59.506,59.656,59.838,60.089,60.554,60.984,61.572,61.933,62.474,62.98,63.942,64.532,65.142,65.41,65.648,65.823,65.87,65.938,66.02,66.063,66.184,,,,,,,,,,,,,,,,,,
73.08,72.915,72.338,71.591,69.979,68.018,64.616,61.874,59.023,57.362,55.53,54.379,53.494,52.997,53.179,53.511,53.931,54.668,55.621,56.159,56.677,57.44,58.097,58.488,58.707,58.799,58.78,58.648,58.401,58.181,58.061,57.954,57.991,58.19,58.396,58.555,58.771,59.09,59.39,59.505,59.464,59.036,58.4,58.374,58.763,59.501,60.161,61.019,62.242,63.485,64.544,65.871,66.861,67.856,68.753,69.64,70.17,70.523,70.615,70.609,70.543,70.31,70.103,69.973,69.912,70.009,,,,,,,,,,,,,,,,,,,,,,,,,,,,,,,,,,,,
103.86,103.78,103.58,103.21,102.85,102.2,101.62,100.69,99.827,98.452,96.27,94.369,90.383,87.241,85.617,84.171,83.356,82.626,82.121,82.113,82.174,82.564,82.956,83.113,83.17,83.152,83.112,82.716,81.811,80.83,80.297,79.66,79.311,79.046,78.888,78.74,78.768,79.032,79.349,79.848,80.388,81.15,81.902,82.692,83.801,84.991,86.015,86.515,87.06,87.535,88.038,88.626,89.375,90.447,91.839,93.249,94.97,96.845,98.908,100.97,102.99,104.41,105.4,106.7,107.62,108.22,108.44,,,,,,,,,,,,,,,,,,,,,,,,,,,,,,,,,,,
55.743,55.568,55.124,54.324,53.772,52.907,52.122,50.468,48.642,47.308,46.684,46.339,46.334,46.562,47.063,48.1,50.149,51.351,52.388,52.952,53.409,53.87,54.167,54.25,54.219,53.995,53.655,53.334,53.033,52.638,52.21,51.805,51.383,51.168,50.959,50.871,50.88,50.913,51.059,51.296,51.462,51.713,51.905,52.195,52.372,52.393,52.33,52.185,52.045,51.97,51.925,51.993,52.079,52.191,52.373,52.568,52.813,52.983,53.147,53.31,,,,,,,,,,,,,,,,,,,,,,,,,,,,,,,,,,,,,,,,,,
51.222,51.024,50.819,50.533,50.238,49.901,49.452,48.889,47.975,47.373,47.161,47.359,47.869,48.689,49.974,51.161,52.868,54.705,55.94,57.063,58.079,58.653,59.189,59.691,59.969,60.159,60.276,60.354,60.48,60.597,60.488,59.978,59.326,58.641,57.934,57.076,55.904,54.853,53.408,51.942,50.388,48.633,47.162,44.886,43.317,42.01,40.873,39.992,39.417,39.368,39.504,39.861,40.319,40.98,41.318,41.537,41.609,41.606,41.606,41.667,41.879,42.494,43.233,44.377,45.711,46.882,48.035,49.014,49.436,49.708,49.877,,,,,,,,,,,,,,,,,,,,,,,,,,,,,,,
38.145,38.031,37.804,37.504,36.634,35.741,34.438,33.298,32.097,31.337,30.767,30.487,30.437,30.624,31.009,31.598,32.072,32.453,32.884,33.325,33.647,33.846,33.866,33.812,33.735,33.7,33.69,33.688,33.695,33.684,33.733,33.831,34.012,34.218,34.446,34.829,35.254,36.043,36.795,38.099,38.678,38.915,38.97,38.82,38.606,38.425,38.136,37.49,36.991,36.647,36.32,36.146,36.064,36.158,36.374,36.675,37.01,37.317,37.687,37.993,38.132,38.233,38.25,,,,,,,,,,,,,,,,,,,,,,,,,,,,,,,,,,,,,,,
60.259,59.092,57.388,54.624,53.433,52.478,52.333,52.715,53.562,54.414,55.161,55.448,55.274,54.946,54.196,53.679,53.295,53.244,53.539,54.116,54.706,55.458,55.889,56.084,56.428,56.403,56.237,55.472,55.058,54.163,53.271,52.292,50.97,50.121,50.041,50.38,51.148,51.966,52.786,53.539,54.719,55.258,56.025,56.717,57.418,58.304,58.862,58.755,57.979,57.24,56.165,55.876,55.852,56.323,57.024,58.247,59.421,59.852,59.86,,,,,,,,,,,,,,,,,,,,,,,,,,,,,,,,,,,,,,,,,,,
57.452,57.314,56.496,55.376,53.616,52.574,50.88,49.869,48.943,48.271,47.793,47.78,48.315,49.218,50.83,51.93,53.292,55.248,56.383,57.386,57.907,58.102,58.062,57.9,57.635,57.687,57.981,58.63,59.541,61.423,62.408,63.114,63.503,63.074,61.352,58.891,56.218,54.218,52.49,51.052,50.118,49.52,49.479,49.854,50.519,51.484,52.321,53.78,55.164,56.36,56.934,57.425,57.655,57.756,57.866,58.135,58.295,59.083,59.634,60.222,60.474,60.578,,,,,,,,,,,,,,,,,,,,,,,,,,,,,,,,,,,,,,,,
58.637,58.36,57.433,54.661,51.983,49.636,48.008,47.036,46.922,47.653,48.837,50.008,51.189,52.136,52.491,52.701,52.738,52.999,53.432,53.971,55.186,56.72,57.936,58.888,59.555,59.982,59.968,59.93,60.055,60.126,60.241,60.162,59.637,58.139,55.298,52.919,51.018,50.102,49.514,49.723,50.727,52.311,53.996,55.928,56.997,57.461,58.101,58.831,59.516,60.051,60.095,59.641,58.783,57.923,56.893,56.039,55.482,55.832,56.852,57.742,58.314,,,,,,,,,,,,,,,,,,,,,,,,,,,,,,,,,,,,,,,,,
72.414,72.124,71.472,69.886,67.722,65.308,63.905,62.49,61.535,60.763,60.278,60.339,60.651,61.181,61.58,61.923,62.436,62.695,62.866,62.889,62.861,62.946,63.681,64.421,65.651,67.068,68.335,69.186,69.76,69.772,69.085,67.581,65.585,64.26,63.253,63.118,63.328,63.879,64.28,64.679,65.121,65.299,65.327,65.306,65.386,65.503,65.63,65.563,65.337,64.93,64.638,64.486,64.871,65.576,66.28,66.523,,,,,,,,,,,,,,,,,,,,,,,,,,,,,,,,,,,,,,,,,,,,,,
91.718,91.29,90.141,87.819,84.6,81.932,80.103,78.408,77.875,77.731,77.98,78.553,79.135,79.767,80.643,81.49,82.252,83.41,84.01,85.255,86.462,87.517,88.246,88.778,89.052,89.28,89.779,90.183,91.916,92.676,93.341,93.697,93.505,92.875,90.686,88.284,85.598,84.223,82.848,82.458,82.62,83.258,83.929,84.944,86.587,89.34,90.573,91.499,91.992,92.075,91.71,91.008,89.524,87.602,85.738,84.596,83.589,83.069,83.308,83.438,83.697,84.172,84.206,,,,,,,,,,,,,,,,,,,,,,,,,,,,,,,,,,,,,,,
65.884,65.81,65.699,65.505,65.103,64.372,63.623,62.48,61.079,60.04,57.965,56.511,54.506,53.664,53.344,53.384,53.764,54.211,54.989,55.689,56.841,57.909,59.045,59.833,60.399,60.808,61.108,61.212,61.227,61.289,61.408,61.562,61.669,61.807,62.086,62.308,61.969,61.607,60.769,59.22,56.639,53.22,50.25,49.287,48.275,47.85,47.961,48.66,49.743,50.963,52.237,53.216,54.397,55.363,57.043,57.779,58.233,58.353,58.222,58.013,57.804,57.47,57.365,57.429,,,,,,,,,,,,,,,,,,,,,,,,,,,,,,,,,,,,,,
64.889,64.671,64.336,63.853,63.017,62.302,61.782,61.757,61.941,62.399,62.74,63.032,63.254,63.357,63.603,63.216,62.921,62.378,61.534,60.347,59.422,58.594,58.202,57.877,57.683,57.881,58.009,58.075,58.073,58.145,57.944,57.237,56.53,55.972,55.71,55.482,55.288,55.098,54.991,55.056,55.25,55.507,55.894,56.459,57.249,57.806,58.364,58.708,,,,,,,,,,,,,,,,,,,,,,,,,,,,,,,,,,,,,,,,,,,,,,,,,,,,,,
62.741,62.673,62.311,62.09,62.033,61.991,62.031,62.362,63.035,63.979,65.003,66.079,67.876,69.452,70.912,72.9,75.25,77.576,79.454,82.077,83.841,86.114,88.395,91.1,93.359,94.963,96.878,98.595,99.747,100.24,100.45,100.42,100.23,100.04,100.13,100.48,100.87,101.21,101.85,102.53,102.66,102.38,101.53,100.11,96.641,92.208,85.51,78.796,72.921,69.135,66.323,64.504,63.675,63.067,63.083,63.516,64.21,65.293,66.853,68.202,69.504,70.509,71.717,73.169,74.199,75.492,76.36,77.237,77.681,77.993,78.063,,,,,,,,,,,,,,,,,,,,,,,,,,,,,,,
88.47,87.331,85.547,82.899,79.589,74.887,71.615,67.629,64.863,62.91,61.803,61.013,60.928,61.214,61.693,62.228,62.962,63.25,63.489,63.624,63.788,64.008,64.581,65.2,65.861,66.771,67.782,68.524,69.18,69.473,69.322,68.226,68.126,68.319,68.63,69.123,69.649,70.373,71.398,72.157,72.925,73.713,75.274,77.139,79.458,81.087,82.235,82.817,82.433,81.822,80.785,79.622,78.87,78.408,78.672,79.196,80.753,81.842,83.056,83.478,83.978,84.287,84.335,,,,,,,,,,,,,,,,,,,,,,,,,,,,,,,,,,,,,,,
71.226,70.931,70.414,68.895,67.131,64.441,60.859,58.14,56.091,54.788,54.411,54.187,54.373,55.37,56.371,57.33,58.501,59.283,59.704,59.246,58.631,57.576,56.795,56.16,55.492,55.056,55.063,55.368,55.851,57.003,58.141,59.263,61.497,63.217,65.314,66.255,67.31,67.728,67.288,66.268,64.837,62.994,62.016,61.595,62.147,62.728,63.935,64.931,65.515,65.646,65.737,65.705,65.544,65.24,64.607,64.152,63.867,63.852,63.983,64.241,64.497,64.663,64.861,65.086,65.349,65.437,,,,,,,,,,,,,,,,,,,,,,,,,,,,,,,,,,,,
43.969,43.962,43.504,42.968,42.673,43.035,43.731,44.965,46.904,48.75,50.899,53.437,55.496,57.877,60.136,61.564,63.533,65.158,66.158,67.334,68.276,68.786,69.451,70.089,70.836,71.329,71.7,72.08,72.322,72.518,72.567,72.632,72.649,72.19,71.115,69.508,66.718,63.086,59.869,54.778,50.786,47.599,45.742,43.684,42.813,42.331,42.179,42.216,42.611,43.114,43.49,43.521,,,,,,,,,,,,,,,,,,,,,,,,,,,,,,,,,,,,,,,,,,,,,,,,,,
60.191,59.821,58.635,57.22,55.367,51.845,48.877,46.611,43.842,42.329,40.765,39.763,39.242,38.973,38.893,38.968,39.302,39.598,39.937,40.453,40.953,41.546,41.901,42.039,41.821,41.767,41.623,41.377,41.045,40.728,40.655,41.312,42.479,43.632,44.877,46.244,47.072,47.598,47.491,46.432,45.024,43.535,40.938,37.83,34.731,32.045,29.616,26.655,22.998,20.591,18.66,16.728,15.622,15.616,16.39,18.778,22.069,26.629,31.779,39.785,45.709,53.003,56.792,59.368,61.258,62.389,63.379,,,,,,,,,,,,,,,,,,,,,,,,,,,,,,,,,,,
48.263,48.111,47.78,47.003,46.085,44.346,41.348,38.966,37.301,36.193,35.081,34.41,33.809,33.459,33.351,33.459,33.647,33.851,34.231,34.638,34.771,34.821,34.686,34.549,34.4,34.233,34.164,34.172,34.252,34.335,34.515,34.693,34.944,35.201,35.438,35.593,35.742,35.825,35.855,35.825,35.736,35.804,36.157,36.597,37.2,37.909,38.818,39.765,40.578,41.144,41.693,42.002,42.201,42.341,42.461,42.625,42.777,42.977,43.215,43.424,43.625,43.774,43.961,44.109,44.28,44.374,,,,,,,,,,,,,,,,,,,,,,,,,,,,,,,,,,,,
51.019,51.017,51.276,51.893,52.472,53.042,53.653,54.459,55.342,55.961,56.491,57.015,57.607,58.14,58.709,59.432,60.07,60.33,60.412,60.233,59.866,59.628,59.64,59.789,59.832,60.055,60.575,61.543,62.13,62.064,62.045,60.945,58.724,56.536,52.936,50.286,47.149,44.998,43.231,42.195,41.317,40.691,40.668,40.926,41.322,41.841,42.281,42.701,42.933,,,,,,,,,,,,,,,,,,,,,,,,,,,,,,,,,,,,,,,,,,,,,,,,,,,,,
108.83,108.75,108.26,107.62,107.05,105.4,103.69,98.654,93.299,87.926,84.367,81.324,79.021,76.568,74.248,71.733,70.33,68.521,67.266,66.061,64.874,64.064,63.546,63.115,62.89,62.742,62.639,62.553,62.458,62.318,62.141,62.015,61.934,61.882,61.767,61.774,62.08,62.888,63.58,64.7,66.771,68.672,70.958,73.009,75.234,77.102,79.881,81.765,83.745,85.911,87.975,89.962,91.287,92.937,94.207,95.927,96.935,98.307,99.392,100.02,100.69,101.06,101.21,101.24,101.2,101.29,101.51,101.91,102.35,102.93,103.04,,,,,,,,,,,,,,,,,,,,,,,,,,,,,,,
65.04,64.865,64.6,64.361,63.954,63.66,63.394,63.281,63.239,63.357,63.69,64.011,64.45,64.987,65.503,66.176,66.874,67.063,67.114,67.215,67.311,67.379,67.48,67.57,67.56,67.412,67.161,66.766,65.786,64.274,62.953,61.431,59.554,58.508,57.444,56.674,55.97,55.455,55.245,55.238,55.269,55.523,55.95,56.415,56.994,57.327,57.867,58.489,59.012,59.46,59.764,59.959,59.951,60.017,60.083,60.113,60.216,60.308,60.421,60.777,61.112,61.717,62.16,62.326,,,,,,,,,,,,,,,,,,,,,,,,,,,,,,,,,,,,,,
54.504,54.299,53.958,53.484,53.134,52.742,52.479,52.317,52.219,52.099,51.988,51.871,51.717,51.612,51.379,51.085,50.788,50.513,50.355,50.227,50.111,49.951,49.778,49.589,49.461,49.387,49.482,49.63,49.864,50.499,51.08,51.587,52,52.315,52.657,52.576,52.059,51.349,50.825,50.512,50.302,50.162,50.008,49.956,50.123,50.413,50.709,51.204,51.791,52.269,52.825,53.374,53.917,54.581,54.892,55.216,55.464,55.589,55.574,55.521,55.438,55.37,55.404,55.599,55.66,,,,,,,,,,,,,,,,,,,,,,,,,,,,,,,,,,,,,
66.165,65.839,65.053,64.328,63.427,62.6,61.928,61.78,62.157,63.058,64.047,64.957,65.296,65.406,65.241,64.937,64.523,64.631,65.095,65.834,66.949,68.114,68.836,69.263,69.65,69.805,70.009,70.195,70.046,69.77,69.409,68.369,65.942,63.693,61.115,58.891,57.32,56.091,55.011,53.734,52.73,52.28,51.988,51.81,51.85,52.049,52.258,52.56,52.835,53.158,53.274,53.159,52.956,52.829,52.779,52.811,52.937,53.198,53.666,54.214,54.84,55.703,56.557,57.581,58.027,58.195,,,,,,,,,,,,,,,,,,,,,,,,,,,,,,,,,,,,
59.577,59.381,59.042,58.528,57.838,56.545,55.19,53.91,52.154,50.456,48.726,47.13,45.762,44.816,44.304,44.315,44.985,46.235,47.591,49.43,51.098,53.228,54.431,55.202,55.353,55.166,54.845,54.253,54.065,54.355,55.235,56.588,57.875,59.776,61.338,63.019,63.874,64.602,64.253,63.139,61.883,60.448,58.554,56.926,55.427,54.498,53.847,54.021,54.587,56.156,57.335,57.86,57.625,56.797,55.618,54.801,54.092,53.716,53.478,53.392,53.922,54.828,56.29,58.03,60.108,61.828,63.35,63.919,,,,,,,,,,,,,,,,,,,,,,,,,,,,,,,,,,
54.598,54.374,53.563,52.591,51.516,50.575,49.582,48.482,47.785,47.239,46.706,46.329,46.214,46.187,46.322,46.603,46.976,47.349,47.902,48.636,49.31,49.689,50.082,50.313,50.607,50.986,51.357,51.629,52.033,52.507,52.934,53.245,53.273,53.051,52.277,51.391,50.038,48.453,46.525,44.874,44.31,44.086,44.066,44.579,45.456,46.124,46.934,47.529,48.206,48.573,48.679,48.559,48.33,48.181,48.216,48.52,48.94,49.535,50.097,50.721,51.264,51.826,52.565,53.573,54.415,55.002,55.599,55.856,55.867,,,,,,,,,,,,,,,,,,,,,,,,,,,,,,,,,
59.205,59.067,58.874,58.423,57.971,57.449,56.752,56.469,56.447,56.635,56.838,57.285,57.855,58.428,58.872,59.255,59.65,59.852,59.992,60.163,60.478,60.755,61.126,61.398,61.8,62.187,62.548,63.028,63.452,63.932,64.261,64.586,64.671,64.558,64.373,63.909,62.981,61.896,60.846,59.031,57.63,56.245,55.665,55.46,55.579,55.61,55.641,55.764,55.994,56.204,56.31,56.331,56.243,56.142,56.086,56.053,56.07,56.172,56.325,56.958,57.302,57.728,58.329,59.111,59.932,60.307,60.486,,,,,,,,,,,,,,,,,,,,,,,,,,,,,,,,,,,
62.242,62.188,61.986,61.796,61.455,60.765,59.483,58.34,57.1,56.486,56.184,56.021,56.079,56.415,56.892,57.404,57.957,58.069,58.002,57.916,57.904,57.963,58.11,58.276,58.379,58.444,58.556,58.786,59.159,59.592,60.285,61.152,61.681,62.146,62.578,62.429,61.683,60.477,59.585,58.906,58.243,57.651,57.102,56.535,56.12,55.566,55.207,55.105,55.143,55.499,56.186,56.959,58.079,59.041,59.556,60.037,60.392,60.473,60.551,60.597,60.629,60.64,,,,,,,,,,,,,,,,,,,,,,,,,,,,,,,,,,,,,,,,
82.785,82.53,81.722,81.015,79.814,78.722,77.443,75.809,73.874,71.332,69.132,67.167,65.575,64.427,63.276,62.049,61.022,60.345,59.514,58.89,58.349,58.073,57.906,57.708,57.584,57.526,57.509,57.504,57.432,57.297,57.066,56.702,56.428,56.188,55.917,55.637,55.345,55.168,55.664,56.117,57.473,58.961,60.707,64.025,67.476,72.317,76.182,78.39,80.311,81.534,82.494,83.135,83.274,,,,,,,,,,,,,,,,,,,,,,,,,,,,,,,,,,,,,,,,,,,,,,,,,
52.531,52.506,52.468,52.488,52.666,52.855,53.339,54.132,54.86,56.034,57.158,58.48,59.858,61.011,62.773,64.01,65.265,65.937,66.692,67.604,68.178,69.491,69.96,70.558,71.089,71.834,72.31,73.026,73.642,74.233,75.027,75.812,76.511,77.107,77.855,78.574,78.748,78.548,78.298,77.607,77.062,75.244,72.685,69.829,66.079,62.377,59.876,57.493,55.568,53.684,52.641,51.68,50.392,49.398,48.544,48.025,47.617,47.351,47.211,47.166,47.186,47.255,47.395,47.597,47.832,48.102,48.443,48.987,49.642,50.649,51.524,52.431,53.432,54.763,55.922,57.87,59.115,60.735,61.899,62.936,63.82,65.003,66.496,67.578,68.851,69.836,71.508,72.612,73.557,74.879,75.753,76.561,77.411,78.047,78.71,79.368,79.887,80.663,81.328,82.105,82.769,82.91
96.128,96.116,96.134,96.205,96.39,96.619,96.989,97.866,99.262,100.46,102.67,105,106.98,108.15,109.38,110.26,111.41,112.07,112.55,113.13,113.62,113.98,114.28,114.6,114.78,114.86,114.89,114.86,114.84,114.84,114.8,114.76,114.94,114.91,114.71,114.41,113.92,113.09,112,110.26,108.23,106.81,105.36,104.13,102.51,101.31,99.944,98.775,97.582,96.744,95.87,95.222,94.823,94.604,94.513,94.571,94.674,94.807,94.909,94.962,95.005,95.039,95.057,,,,,,,,,,,,,,,,,,,,,,,,,,,,,,,,,,,,,,,
71.714,71.454,70.685,69.432,67.847,66.488,65.088,64.403,63.824,63.443,63.655,64.605,66.026,67.25,69.151,70.368,71.629,72.974,73.592,73.868,73.76,73.39,72.749,71.871,71.099,70.293,69.966,70.037,70.176,71.286,71.977,72.963,73.212,73.265,73.044,72.04,69.905,67.647,64.671,60.418,57.87,56.308,55.784,55.455,56.521,58.291,59.929,61.606,63.269,64.103,64.924,65.725,66.074,66.274,66.365,66.548,66.757,66.971,67.071,67.071,67.161,67.346,67.741,68.42,69.315,70.084,70.917,71.505,71.576,,,,,,,,,,,,,,,,,,,,,,,,,,,,,,,,,
71.01,70.905,70.162,69.002,66.148,64.24,61.695,59.107,57.238,55.115,54.225,53.407,52.436,51.752,51.39,50.848,50.622,50.539,50.858,51.336,52.141,52.904,53.521,53.997,54.389,54.605,54.672,54.476,54.031,53.55,52.938,52.502,52.167,51.946,51.75,51.594,51.631,52.029,52.527,53.42,54.468,55.87,56.764,58.163,60.08,62.006,63.026,64.405,65.201,65.45,65.581,65.61,65.702,65.845,66.063,66.614,67.134,67.753,68.329,68.674,69.209,69.657,70.152,71.064,71.807,72.552,73.002,73.079,,,,,,,,,,,,,,,,,,,,,,,,,,,,,,,,,,
67.407,67.376,67.324,67.246,67.108,66.939,66.706,66.566,66.422,66.337,66.291,66.269,66.293,66.359,66.458,66.621,66.824,66.977,66.926,66.656,66.242,65.549,64.992,64.629,63.888,62.606,59.817,56.549,53.398,51.377,50.365,49.553,49.135,48.736,48.211,47.755,47.418,47.313,47.379,47.523,47.793,48.139,48.675,49.001,49.61,50.005,50.41,50.873,51.036,51.099,,,,,,,,,,,,,,,,,,,,,,,,,,,,,,,,,,,,,,,,,,,,,,,,,,,,
86.177,85.757,83.461,81.132,78.737,76.597,75.341,74.976,75.342,75.82,76.223,77.01,77.278,77.476,77.917,78.83,79.943,82.155,84.078,85.244,85.827,86.166,86.311,86.05,85.801,85.408,85.097,84.45,82.959,81.206,78.347,76.419,75.262,74.425,74.015,73.904,74.116,74.445,74.887,75.728,76.191,76.619,77.134,78.122,79.791,81.181,83.094,84.227,84.807,84.926,85.085,85.255,85.617,85.795,86.344,87.368,87.677,,,,,,,,,,,,,,,,,,,,,,,,,,,,,,,,,,,,,,,,,,,,,
75.918,75.769,75.127,74.041,71.681,68.296,65.568,63.124,61.541,59.767,58.828,58.727,59.297,60.388,62.088,63.546,65.136,66.89,67.688,68.543,68.97,69.408,69.893,70.365,70.799,70.984,71.048,70.913,70.743,70.345,69.923,69.195,68.148,67.375,66.979,66.679,66.785,67.331,67.896,68.31,68.888,69.241,69.361,69.274,69.059,68.529,67.848,67.461,67.381,67.711,68.44,69.237,70.199,71.04,71.566,72.298,73.292,74.312,75.349,75.866,76.374,76.477,,,,,,,,,,,,,,,,,,,,,,,,,,,,,,,,,,,,,,,,
48.953,48.908,48.635,47.498,46.012,44.416,43.393,43.08,42.885,42.935,43.306,43.972,44.303,45.179,45.902,46.172,46.269,46.263,46.2,46.173,46.139,46.027,46.093,46.347,47.112,47.836,49.093,50.968,52.757,54.308,54.962,55.242,55.048,54.156,51.997,49.801,47.93,46.067,44.444,43.318,42.683,42.146,42.002,42.03,42.172,42.436,42.608,42.819,43.061,43.265,43.432,43.545,43.913,44.477,44.955,45.499,46.007,46.554,46.889,,,,,,,,,,,,,,,,,,,,,,,,,,,,,,,,,,,,,,,,,,,
56.784,56.519,55.876,55.177,54.148,53.373,52.56,51.615,51.078,51.053,51.206,51.285,51.768,52.31,52.661,52.993,53.344,53.793,54.27,54.559,54.726,54.869,54.996,55.013,54.877,54.527,53.72,52.513,51.398,50.02,49.324,49.051,49.071,49.369,50.136,51.806,53.03,54.308,55.176,56.202,56.757,56.965,56.906,56.64,56.285,55.876,55.434,55.234,55.159,55.196,55.348,55.636,56.312,56.847,57.256,57.521,57.75,57.819,,,,,,,,,,,,,,,,,,,,,,,,,,,,,,,,,,,,,,,,,,,,
58.662,58.565,58.395,58.13,57.517,56.678,56.038,55.189,54.482,54.227,53.964,53.096,51.873,50.571,50.11,49.883,49.873,49.989,50.349,50.942,51.479,52.136,52.981,53.659,54.567,54.987,55.528,56.35,57.167,58.356,59.111,59.834,60.578,61.356,62.229,62.79,63.405,63.65,63.679,63.568,63.282,62.456,61.502,59.947,57.939,56.187,54.482,53.989,53.888,53.892,53.955,54.033,54.656,54.943,55.261,55.663,56.163,56.84,57.871,58.785,59.976,61.667,63.008,63.976,64.881,65.916,66.917,67.9,68.472,,,,,,,,,,,,,,,,,,,,,,,,,,,,,,,,,
67.953,67.832,67.622,67.122,66.708,65.812,64.608,63.264,61.944,61.122,60.665,60.41,60.222,60.21,60.498,60.694,61.136,61.637,62.107,62.444,62.872,63.281,63.568,63.771,63.947,64.002,64.121,64.284,64.518,64.93,64.934,64.804,64.623,64.312,63.155,62.2,60.114,58.211,56.44,55.351,54.856,55.001,55.61,56.328,57.295,58.343,59.879,60.943,61.9,62.455,62.991,63.342,63.61,,,,,,,,,,,,,,,,,,,,,,,,,,,,,,,,,,,,,,,,,,,,,,,,,
61.552,61.394,61.088,60.259,58.538,55.853,53.257,50.89,49.308,48.464,47.917,47.497,47.629,48.206,49.172,50.366,51.366,52.669,53.379,53.383,53.398,53.465,53.532,53.78,54.213,54.772,55.047,55.263,55.463,55.326,55.168,54.752,54.438,54.087,53.658,52.923,52.032,51.303,50.875,50.443,50.049,49.793,49.653,49.77,50.125,50.502,51.593,52.549,53.334,54.176,54.827,55.359,55.53,55.538,55.312,54.918,54.22,53.25,52.01,50.929,50.076,49.331,48.735,48.528,48.583,48.621,,,,,,,,,,,,,,,,,,,,,,,,,,,,,,,,,,,,
53.449,53.127,52.696,52.187,51.561,50.4,48.804,47.135,46.447,46.813,48.084,49.48,49.719,49.887,50.068,50.478,51.226,52.044,53.214,54.289,54.511,53.967,52.125,49.194,46.751,45.906,45.664,46.268,47.172,48.26,49.423,50.662,52.346,53.661,54.684,55.057,,,,,,,,,,,,,,,,,,,,,,,,,,,,,,,,,,,,,,,,,,,,,,,,,,,,,,,,,,,,,,,,,,
71.458,71.328,70.926,70.391,70.066,69.54,69.091,68.734,68.244,67.817,67.284,66.603,65.874,65.031,64.444,64.236,64.119,64.048,64.03,64.196,64.679,66.158,66.702,67.254,67.778,68.415,68.945,69.227,69.421,69.472,69.506,69.473,69.482,69.639,69.631,69.428,69.043,68.654,67.643,65.894,64.295,62.334,61.251,60.53,60.397,60.513,61.037,61.463,61.756,62.166,62.147,61.878,61.48,60.837,60.431,60.385,60.781,61.481,62.348,63.09,63.931,64.65,65.062,65.31,65.766,66.046,66.146,,,,,,,,,,,,,,,,,,,,,,,,,,,,,,,,,,,
67.165,66.59,65.503,63.716,62.235,61.524,61.116,61.147,61.379,62.381,63.627,64.975,66.328,67.767,68.717,69.45,69.894,70.227,70.291,70.241,69.956,69.891,69.785,70.095,70.248,70.392,70.581,70.756,70.684,70.354,69.714,68.61,65.154,63.389,61.532,60.074,58.84,57.937,57.597,57.729,58.322,58.859,59.552,60.231,60.57,60.817,61.091,61.458,62.013,62.684,63.401,64.262,64.899,65.417,65.857,66.195,66.501,66.834,67.048,67.225,67.298,,,,,,,,,,,,,,,,,,,,,,,,,,,,,,,,,,,,,,,,,
65.281,62.964,62.686,60.523,60.091,61.408,61.661,63.256,63.749,64.269,64.444,64.393,64.214,64.046,63.66,62.831,61.997,60.09,56.28,53.604,51.904,51.24,51.106,51.784,52.66,53.623,54.928,56.409,57.425,58.288,59.112,59.839,60.314,60.804,61.108,60.984,60.88,61.213,61.995,62.688,63.296,64.2,64.854,65.244,,,,,,,,,,,,,,,,,,,,,,,,,,,,,,,,,,,,,,,,,,,,,,,,,,,,,,,,,,
68.901,68.144,65.891,63.782,60.388,57.816,56.221,55.206,54.539,54.367,54.648,55.322,56.201,57.455,58.605,59.91,60.917,61.637,62.143,62.385,62.475,62.611,63.074,63.825,64.846,65.944,67.298,68.299,68.846,69.115,68.717,67.637,66.064,63.512,60.976,58.845,57.776,57.739,58.674,60.644,61.71,62.09,62.532,62.354,61.827,61.075,60.983,61.161,61.744,62.528,63.653,64.226,,,,,,,,,,,,,,,,,,,,,,,,,,,,,,,,,,,,,,,,,,,,,,,,,,
68.155,67.504,66.233,63.28,60.652,59.01,58.057,57.739,57.744,57.973,58.555,59.098,59.908,60.79,62.43,63.755,64.866,66.378,67.558,68.879,69.735,70.289,70.769,71.189,71.344,71.217,70.709,69.99,68.982,67.83,66.884,65.408,63.776,61.202,58.705,56.479,55.219,53.686,52.685,51.993,51.956,52.21,52.957,54.104,56.04,57.531,59.288,61.208,62.687,63.832,64.839,65.468,66.044,66.616,67.598,69.078,70.285,71.138,71.665,,,,,,,,,,,,,,,,,,,,,,,,,,,,,,,,,,,,,,,,,,,
63.416,63.268,62.656,61.658,59.2,55.924,53.177,51.352,49.801,49.373,49.746,51.044,52.662,55.344,56.796,57.69,57.998,57.941,57.46,56.875,56.447,56.292,56.491,56.615,56.599,56.419,56.07,55.774,55.644,55.503,55.186,54.702,53.807,52.689,51.593,50.677,49.969,49.45,49.429,50.11,50.615,51.304,52.197,53.067,54.208,55.372,56.295,57.144,57.95,58.479,58.519,58.116,57.261,56.167,55.498,55.139,55.706,56.649,57.597,58.389,58.943,,,,,,,,,,,,,,,,,,,,,,,,,,,,,,,,,,,,,,,,,
60.555,60.55,60.375,60.078,59.477,58.91,58.487,58.041,57.718,57.592,57.66,57.925,58.443,59.297,60.137,60.959,62.046,62.864,63.556,63.623,63.197,62.474,62.007,61.858,62.144,63.096,63.5,64.296,64.93,66.038,66.179,66.109,65.105,63.118,61.403,59.016,57.252,55.217,54.053,52.979,52.588,52.401,52.802,53.525,54.502,55.614,57.118,58.334,59.145,59.697,60.02,60.027,59.572,59.149,58.868,58.577,58.479,58.52,58.997,59.876,60.411,60.805,61.167,,,,,,,,,,,,,,,,,,,,,,,,,,,,,,,,,,,,,,,
77.187,76.994,76.411,75.899,75.298,74.442,73.851,73.286,72.693,72.125,71.75,71.353,70.562,68.4,64.941,61.941,60.071,58.861,57.767,57.044,56.505,56.317,56.629,56.93,57.594,58.66,59.41,59.986,60.268,60.543,60.816,61.272,61.873,62.518,63.553,64.422,65.177,66.469,68.355,69.683,70.348,70.788,70.843,70.711,69.856,68.448,65.926,63.368,61.254,59.667,58.73,57.85,57.2,57.191,57.727,58.631,59.778,61.148,62.376,64.043,65.778,67.313,68.177,69.62,70.913,71.99,73.627,75.403,77.133,78.964,80.076,80.289,,,,,,,,,,,,,,,,,,,,,,,,,,,,,,
71.363,70.486,67.629,63.996,60.636,57.855,55.611,54.06,53.462,53.667,54.185,54.709,55.051,55.41,55.249,54.886,54.652,54.241,53.506,53.09,52.985,51.923,50.374,47.538,43.935,39.48,34.889,25.864,20.277,14.162,10.897,9.4116,9.3668,10.785,12.842,14.035,14.743,15.859,16.296,15.931,15.112,14.324,13.139,12.187,11.526,11.084,10.694,10.16,9.555,9.2522,9.2078,9.114,9.2993,10.083,11.69,13.802,16.846,22.023,26.654,31.982,36.793,40.472,44.627,46.589,48.585,49.522,49.728,,,,,,,,,,,,,,,,,,,,,,,,,,,,,,,,,,,
68.271,67.558,66.004,63.405,60.009,57.128,54.901,52.976,51.562,49.904,49.313,49.271,49.758,50.931,52.385,54.236,55.86,57.776,59.459,60.935,62.232,63.028,63.114,62.724,61.903,60.593,59.544,58.691,58.164,57.681,57.312,56.991,55.322,54.346,53.738,53.445,53.103,53.018,53.033,53.29,53.593,54.026,54.353,54.344,54.211,54.13,54.244,54.554,54.876,55.088,55.172,55.285,55.522,56.004,56.828,57.976,59.155,59.855,60.673,61.272,61.407,,,,,,,,,,,,,,,,,,,,,,,,,,,,,,,,,,,,,,,,,
66.64,66.506,66.189,65.524,64.206,62.659,60.53,58.588,57.583,57.194,56.967,57.09,57.439,57.919,58.418,58.939,59.501,60,60.411,60.399,60.266,60.198,60.311,60.55,60.821,61.458,61.937,62.192,62.573,62.913,63.113,63.381,63.547,63.626,63.621,63.607,63.672,63.792,63.899,64.054,63.914,63.68,63.477,63.27,63.055,62.939,62.936,62.98,63.019,63.199,63.363,63.958,64.82,65.548,66.084,66.517,67.023,67.471,67.771,68.071,,,,,,,,,,,,,,,,,,,,,,,,,,,,,,,,,,,,,,,,,,
74.432,74.091,73.614,73.092,72.452,71.897,71.642,71.463,71.324,71.178,71.087,70.945,70.13,68.606,67.284,66.645,66.336,66.615,67.462,68.777,71.086,72.924,74.663,76.886,78.116,78.802,78.519,77.819,76.728,75.43,74.274,73.4,73.073,73.371,73.687,74.278,75.41,76.554,77.263,77.517,77.432,76.533,75.228,73.698,71.949,70.181,69.17,68.438,67.927,67.727,67.766,67.985,68.321,68.729,69.206,69.809,70.454,71.647,72.304,72.881,73.303,73.677,73.92,74.221,74.626,74.928,75.498,75.994,76.578,76.8,,,,,,,,,,,,,,,,,,,,,,,,,,,,,,,,
81.593,81.429,80.535,79.147,77.197,75.121,72.872,71.08,70.352,69.88,69.995,70.503,72.218,73.806,75.437,77.598,80.257,83.163,84.95,87.477,88.689,90.78,91.971,92.664,92.882,92.786,92.449,92.024,91.665,91.304,90.936,90.335,89.135,87.895,86.376,83.216,80.576,78.258,76.901,75.938,75.426,75.523,76.209,76.571,77.159,77.813,78.055,78.266,79.019,80.329,81.942,83.882,85.459,87.276,88.917,90.508,91.908,92.969,93.429,,,,,,,,,,,,,,,,,,,,,,,,,,,,,,,,,,,,,,,,,,,
77.75,77.518,76.982,76.07,74.999,72.989,71.664,69.841,67.881,65.959,65.079,64.725,64.926,65.495,67.045,69.024,70.86,73.063,74.354,75.143,74.932,74.049,73.548,73.468,73.675,74.885,76.256,76.797,77.335,77.535,77.418,76.934,76.298,75.639,74.585,73.42,72.038,70.445,68.872,67.098,64.984,63.518,62.351,61.74,61.5,61.876,62.677,63.523,65.295,66.718,67.882,68.823,69.163,69.104,68.977,68.862,69.004,69.397,70.409,71.122,72.294,73.19,74.325,74.942,75.048,,,,,,,,,,,,,,,,,,,,,,,,,,,,,,,,,,,,,
44.06,43.596,43.077,42.494,42.192,42.025,41.953,42.224,42.711,43.114,43.599,44.245,44.196,43.883,43.595,43.4,43.389,43.585,43.927,44.568,45.118,45.904,46.483,46.961,47.349,47.429,47.322,47.101,46.945,46.715,46.496,46.088,45.587,45.026,44.301,43.839,43.697,43.719,43.807,43.951,44.035,44.147,44.359,44.665,44.965,45.249,45.267,45.2,45.115,45.061,45.013,45.04,45.208,45.682,46.106,46.677,47.295,47.721,47.968,48.153,48.227,,,,,,,,,,,,,,,,,,,,,,,,,,,,,,,,,,,,,,,,,
