14052,14148,14240,14336,14416,14500,14580,14692,14804,14913,14996,15088,15168,15249,15332,15424,15524,15636,15744,15844,15940,16036,16133,16212,16292,16404,16516,16625,16709,16800,16880,16960,17041,17136,17220,17332,17444,17536,17620,17700,17780,17860,17940,18032,18144,18257,18356,18449,18529,18624,18704,18784,18885,18976,19092,19188,19281,19360,19440,19520,19601,19696,19796,19904,20005,20096,20180,20260,20340,20420,20512,20612,,,,,,,,,,,,,,,
13268,13377,13461,13568,13664,13776,13904,14004,14116,14228,14308,14416,14500,14624,14755,14869,14960,15060,15168,15264,15364,15476,15604,15728,15840,15940,16032,16132,16244,16372,16484,16596,16688,16789,16896,16981,17072,17172,17296,17408,17508,17616,17712,17812,17924,18052,18165,18276,18388,18480,18577,18673,18772,18897,19028,19136,19236,19332,19444,19536,19636,19745,19876,20000,20101,20192,20272,20368,20452,20576,20689,20788,,,,,,,,,,,,,,,
13236,13348,13460,13571,13664,13761,13840,13924,14016,14128,14228,14321,14432,14532,14611,14691,14768,14848,14928,15028,15140,15252,15344,15440,15524,15604,15684,15779,15875,15988,16100,16192,16275,16355,16432,16512,16592,16676,16788,16900,16992,17088,17156,17236,17315,17396,17488,17588,17700,17812,17904,17984,18064,18148,18228,18308,18400,18512,18624,18721,18804,18884,18964,19044,19139,19232,19331,19440,19541,19632,19712,19792,19872,19952,20036,20148,20260,20352,20452,20532,20612,,,,,,
14036,14128,14208,14304,14384,14464,14547,14660,14771,14864,14963,15044,15140,15219,15299,15392,15491,15603,15696,15792,15873,15952,16032,16112,16192,16292,16403,16512,16596,16688,16768,16848,16928,17024,17107,17220,17332,17424,17508,17588,17668,17748,17828,17920,18032,18144,18244,18336,18416,18500,18580,18660,18752,18852,18964,19072,19157,19236,19316,19408,19488,19584,19683,19792,19892,19984,20068,20160,20240,20320,20420,20512,20624,,,,,,,,,,,,,,
13728,13859,13971,14079,14179,14272,14368,14467,14563,14688,14819,14928,15011,15104,15200,15283,15395,15520,15648,15747,15843,15939,16035,16147,16243,16368,16499,16608,16691,16784,16880,16963,17075,17200,17328,17427,17523,17620,17715,17808,17919,18036,18159,18272,18371,18479,18576,18676,18787,18915,19027,19139,19232,19328,19424,19526,19635,19760,19888,19984,20079,20163,20256,20368,20479,20596,20708,,,,,,,,,,,,,,,,,,,,
13540,13652,13744,13844,13920,13987,14067,14160,14259,14352,14464,14576,14672,14755,14836,14915,14997,15092,15184,15299,15395,15491,15584,15664,15744,15824,15907,16000,16112,16224,16324,16400,16467,16547,16627,16710,16800,16912,17024,17120,17203,17284,17380,17472,17552,17667,17780,17872,17955,18048,18128,18224,18307,18400,18500,18592,18704,18784,18880,18964,19040,19120,19200,19312,19424,19524,19616,19712,19776,19872,19956,20048,20147,20244,20340,20432,20516,20608,20676,,,,,,,,
13632,13712,13795,13891,13988,14080,14180,14288,14371,14464,14560,14643,14755,14848,14948,15060,15168,15251,15331,15411,15491,15600,15683,15776,15876,15987,16080,16179,16271,16352,16435,16515,16608,16720,16831,16928,17024,17120,17200,17280,17363,17456,17568,17668,17760,17843,17923,18016,18096,18196,18288,18400,18512,18608,18692,18771,18852,18944,19040,19123,19235,19331,19427,19520,19600,19680,19764,19856,19968,20080,20192,20288,20372,20452,20531,20611,20707,20800,20899,,,,,,,,
13780,13859,13955,14048,14116,14195,14307,14419,14512,14608,14692,14784,14852,14948,15040,15120,15235,15348,15440,15519,15600,15680,15744,15840,15920,16020,16128,16212,16304,16384,16480,16560,16643,16736,16848,16947,17060,17139,17232,17315,17395,17472,17552,17648,17760,17872,17968,18051,18144,18240,18323,18403,18499,18595,18692,18800,18880,18964,19044,19123,19203,19316,19408,19520,19632,19731,19824,19904,19987,20067,20147,20260,20372,20464,20560,,,,,,,,,,,,
14129,14241,14349,14432,14513,14592,14673,14752,14849,14941,15040,15149,15232,15325,15421,15501,15585,15677,15776,15889,16001,16093,16189,16269,16349,16432,16529,16621,16720,16829,16913,17005,17085,17165,17245,17341,17424,17537,17648,17741,17853,17933,18033,18125,18221,18304,18417,18512,18608,18701,18784,18865,18957,19069,19169,19280,19392,19488,19581,19661,19744,19838,19936,20029,20141,20240,20333,20413,20481,20576,20669,20769,20861,20977,,,,,,,,,,,,,
13901,13985,14061,14145,14256,14368,14461,14561,14641,14737,14817,14909,15009,15101,15217,15313,15405,15485,15581,15665,15745,15837,15949,16061,16161,16253,16333,16417,16509,16589,16689,16769,16881,16989,17073,17165,17266,17357,17437,17537,17649,17761,17853,17949,18029,18109,18189,18269,18368,18461,18576,18673,18765,18845,18926,19021,19101,19185,19297,19409,19501,19601,19693,19773,19857,19949,20049,20161,20269,20369,20461,20541,20621,20701,20797,20896,,,,,,,,,,,
13828,13939,14032,14131,14224,14304,14372,14447,14547,14639,14756,14851,14947,15043,15123,15203,15296,15376,15475,15587,15680,15780,15872,15952,16035,16115,16208,16307,16420,16527,16627,16720,16799,16880,16964,17056,17136,17235,17348,17440,17540,17632,17715,17795,17887,17988,18099,18208,18292,18384,18464,18544,18624,18720,18804,18915,19011,19107,19200,19284,19364,19456,19555,19648,19760,19871,19988,20084,20159,20240,20320,20404,20496,20608,20707,20820,20911,21011,,,,,,,,,
12800,12912,13024,13132,13216,13308,13408,13500,13600,13712,13820,13904,13984,14076,14156,14236,14320,14400,14492,14592,14684,14796,14876,14972,15052,15132,15216,15312,15407,15520,15615,15712,15788,15868,15948,16028,16128,16240,16351,16444,16556,16656,16736,16815,16896,17004,17087,17184,17276,17356,17452,17532,17616,17708,17788,17900,18001,18092,18191,18272,18364,18448,18540,18640,18752,18864,18972,19055,19148,19248,19328,19408,19488,19580,19692,19804,19900,19980,20060,20140,20240,20353,20448,20559,20672,20783,20864
13648,13760,13852,13948,14032,14140,14236,14368,14480,14604,14700,14784,14876,14976,15088,15216,15329,15440,15548,15632,15724,15824,15948,16080,16188,16284,16384,16476,16577,16668,16780,16908,17020,17132,17228,17312,17404,17504,17628,17760,17868,17964,18060,18177,18272,18384,18508,18640,18748,18844,18944,19036,19136,19248,19360,19488,19612,19724,19804,19900,19996,20108,20240,20352,20480,20592,20684,20780,,,,,,,,,,,,,,,,,,,
13197,13277,13377,13453,13521,13613,13693,13805,13905,14017,14125,14209,14301,14381,14461,14541,14641,14753,14845,14945,15037,15139,15217,15293,15393,15485,15597,15693,15789,15869,15949,16029,16125,16205,16305,16413,16525,16637,16717,16800,16893,16960,17040,17134,17245,17345,17453,17537,17617,17696,17793,17873,17965,18080,18177,18270,18365,18449,18529,18608,18702,18813,18925,19025,19117,19213,19298,19378,19473,19565,19665,19773,19885,19986,20077,20161,20241,20321,20413,20525,20637,20733,20829,20909,20989,,
13920,14000,14081,14160,14260,14352,14466,14560,14644,14724,14805,14884,14964,15060,15152,15268,15364,15444,15536,15616,15696,15776,15876,15968,16080,16192,16292,16372,16452,16528,16609,16688,16788,16900,17012,17120,17204,17280,17360,17440,17540,17632,17732,17840,17952,18036,18133,18208,18288,18368,18469,18580,18692,18784,18880,18960,19040,19120,19200,19312,19412,19521,19621,19716,19792,19872,19952,20032,20116,20228,20340,20432,,,,,,,,,,,,,,,
13200,13300,13428,13539,13631,13743,13840,13924,14015,14127,14260,14367,14464,14563,14671,14768,14867,14979,15088,15199,15299,15392,15491,15583,15684,15795,15907,16019,16131,16239,16336,16416,16528,16640,16756,16880,16979,17091,17183,17295,17395,17519,17648,17748,17843,17939,18036,18128,18243,18368,18500,18611,18720,18807,18912,18995,19107,19219,19348,19471,19568,19651,19760,19872,19988,20099,20212,20320,20420,20531,,,,,,,,,,,,,,,,,
13779,13875,13956,14048,14148,14228,14320,14432,14544,14640,14736,14816,14896,14992,15077,15156,15268,15379,15472,15556,15652,15744,15827,15908,16000,16112,16225,16324,16432,16516,16596,16688,16768,16868,16961,17072,17184,17284,17376,17456,17536,17620,17700,17792,17892,17984,18084,18176,18256,18368,18468,18580,18672,18784,18896,18992,19088,19168,19268,19348,19460,19572,19684,19792,19888,19968,20068,20160,20272,20388,20500,20592,20676,20768,20848,20948,,,,,,,,,,,
13684,13776,13873,13952,14036,14116,14224,14308,14420,14532,14624,14724,14804,14900,14992,15072,15172,15284,15396,15492,15588,15684,15780,15872,15972,16064,16180,16276,16356,16468,16560,16660,16740,16832,16944,17040,17124,17205,17296,17392,17476,17568,17668,17780,17892,17972,18052,18148,18228,18308,18400,18512,18612,18724,18804,18896,18976,19072,19152,19236,19344,19444,19552,19636,19732,19824,19908,20000,20100,20212,20304,20416,20512,,,,,,,,,,,,,,
13583,13692,13788,13884,13970,14060,14140,14239,14351,14463,14572,14655,14748,14848,14927,15020,15116,15212,15312,15404,15487,15583,15692,15775,15871,15964,16080,16191,16284,16396,16495,16588,16684,16767,16879,16991,17084,17196,17292,17376,17468,17564,17664,17772,17872,17984,18076,18156,18268,18380,18476,18572,18684,18796,18876,18956,19068,19168,19260,19360,19452,19564,19663,19756,19852,19936,20044,20128,20223,20332,20431,20528,20608,20719,20812,,,,,,,,,,,,
13632,13745,13872,13965,14077,14176,14289,14400,14525,14624,14733,14816,14909,15009,15121,15233,15362,15485,15597,15693,15789,15885,15968,16061,16192,16301,16397,16493,16577,16669,16769,16861,16992,17101,17201,17297,17389,17488,17581,17692,17792,17905,18013,18112,18205,18304,18397,18496,18608,18721,18845,18945,19053,19137,19229,19328,19441,19552,19664,19776,19872,19968,20061,20161,20273,20381,20512,20624,,,,,,,,,,,,,,,,,,,
13968,14085,14209,14321,14417,14501,14592,14689,14785,14916,15041,15156,15252,15361,15456,15556,15652,15777,15908,16020,16113,16208,16292,16385,16497,16628,16741,16868,16961,17057,17140,17249,17345,17476,17601,17700,17793,17889,17985,18084,18196,18308,18420,18529,18628,18721,18821,18928,19025,19156,19281,19394,19489,19572,19665,19745,19857,19969,20100,20209,20308,20401,20497,20596,20692,20817,20948,21057,,,,,,,,,,,,,,,,,,,
13476,13587,13716,13828,13940,14049,14132,14224,14323,14448,14579,14692,14800,14884,14996,15088,15200,15316,15440,15553,15648,15744,15840,15936,16048,16179,16292,16420,16512,16608,16692,16788,16884,17008,17140,17248,17332,17424,17520,17604,17715,17840,17952,18068,18180,18288,18371,18480,18576,18688,18820,18928,19024,19120,19204,19284,19392,19507,19632,19748,19860,19952,20064,20164,20272,20387,20512,20640,20723,20816,20915,21027,,,,,,,,,,,,,,,
13920,14004,14084,14164,14244,14340,14432,14549,14660,14772,14865,14945,15024,15104,15188,15280,15392,15492,15604,15696,15792,15876,15952,16036,16148,16260,16372,16481,16561,16644,16736,16832,16916,17028,17140,17232,17332,17424,17508,17604,17700,17793,17908,18020,18113,18196,18293,18368,18448,18549,18640,18752,18864,18964,19044,19152,19233,19313,19396,19508,19620,19712,19812,19892,19984,20068,20161,20260,20353,20468,20564,20656,20756,20868,20960,21040,21140,21233,,,,,,,,,
14028,14140,14240,14332,14432,14512,14604,14700,14784,14896,15008,15100,15200,15280,15356,15436,15536,15628,15740,15852,15952,16032,16124,16220,16300,16383,16476,16588,16700,16800,16880,16972,17056,17136,17228,17328,17440,17552,17648,17740,17820,17900,17984,18076,18176,18288,18380,18481,18560,18640,18716,18796,18896,18988,19100,19212,19308,19392,19472,19552,19644,19728,19820,19920,20028,20128,20220,20300,20380,20460,20544,20624,20736,20848,20940,,,,,,,,,,,,
13492,13600,13684,13776,13876,13988,14081,14208,14321,14421,14512,14612,14705,14804,14928,15060,15169,15264,15360,15444,15536,15648,15760,15876,15988,16084,16192,16305,16400,16496,16608,16740,16852,16964,17072,17169,17268,17361,17460,17569,17681,17792,17892,17985,18081,18164,18276,18401,18529,18641,18740,18849,18928,19028,19140,19268,19380,19473,19569,19648,19732,19840,19936,20068,20192,20292,20401,20484,20577,20672,20769,,,,,,,,,,,,,,,,
13537,13616,13697,13780,13873,13985,14084,14177,14277,14357,14432,14512,14612,14705,14817,14929,15024,15104,15184,15264,15345,15424,15524,15617,15729,15824,15908,16001,16081,16161,16241,16337,16436,16544,16644,16736,16820,16900,16980,17072,17172,17264,17377,17476,17569,17649,17729,17812,17892,17972,18065,18177,18288,18384,18468,18548,18641,18720,18816,18900,19012,19108,19204,19297,19376,19456,19537,19620,19712,19825,19936,20036,20129,20209,20292,20372,20452,20544,20657,20768,20884,20976,,,,,
13716,13809,13908,14021,14148,14260,14372,14484,14576,14656,14756,14868,14992,15124,15232,15316,15428,15524,15632,15748,15872,15986,16096,16192,16276,16368,16468,16580,16708,16820,16916,17012,17108,17200,17300,17392,17521,17632,17744,17840,17936,18017,18116,18228,18340,18452,18564,18672,18769,18868,18960,19060,19188,19312,19424,19520,19604,19712,,,,,,,,,,,,,,,,,,,,,,,,,,,,,
14288,14413,14544,14653,14737,14829,14925,15008,15120,15245,15373,15472,15568,15665,15760,15853,15965,16080,16205,16317,16413,16496,16589,16688,16800,16925,17053,17152,17248,17357,17453,17553,17648,17773,17905,18013,18096,18189,18285,18368,18480,18593,18717,18816,18925,19008,19120,19232,,,,,,,,,,,,,,,,,,,,,,,,,,,,,,,,,,,,,,,
14372,14464,14560,14643,14723,14836,14928,15040,15136,15216,15284,15360,15424,15504,15604,15716,15808,15908,16000,16096,16176,16256,16323,16403,16496,16596,16708,16819,16912,16992,17072,17156,17248,17328,17427,17520,17620,17712,17808,17888,17968,18048,18128,18228,18320,18420,18529,18611,18692,18772,18851,18944,19043,19136,19248,19348,19427,19520,19604,,,,,,,,,,,,,,,,,,,,,,,,,,,,
13123,13232,13328,13428,13520,13620,13732,13843,13971,14084,14176,14272,14355,14448,14548,14660,14784,14896,14995,15088,15188,15280,15392,15504,15632,15744,15856,15952,16036,16128,16227,16352,16483,16592,16688,16784,16867,16960,17072,17184,17312,17424,17536,17632,17716,17808,17908,18020,18144,18256,18356,18448,18544,18628,18740,18852,18979,19092,19203,19296,19392,19476,19584,19680,19812,19923,20032,20116,20208,20304,20400,20512,20643,20755,20883,,,,,,,,,,,,
13744,13837,13932,14016,14096,14189,14268,14368,14480,14572,14672,14764,14844,14909,14976,15069,15164,15248,15360,15453,15536,15632,15708,15789,15868,15965,16048,16141,16253,16365,16464,16556,16624,16700,16800,16880,16972,17072,17184,17276,17373,17453,17533,17616,17712,17821,17933,18044,18144,18237,18304,18400,18492,18572,18672,18784,18892,18976,19069,19165,19248,19328,19440,19553,19660,19756,19853,19936,20016,20108,20209,20320,20412,20524,,,,,,,,,,,,,
14420,14528,14612,14704,14800,14884,14996,15120,15248,15348,15444,15536,15636,15728,15840,15956,16068,16180,16272,16368,16452,16545,16644,16768,16900,17008,17104,17200,17284,17376,17488,17600,17728,17828,17924,18020,18116,18208,18309,18420,18548,18660,18768,18852,18944,19040,19136,19248,19380,19492,19600,19684,19776,19876,19968,20080,20208,20320,20448,20532,,,,,,,,,,,,,,,,,,,,,,,,,,,
14140,14220,14300,14400,14508,14604,14700,14784,14864,14956,15055,15168,15280,15392,15484,15564,15644,15724,15820,15904,16015,16128,16220,16304,16400,16476,16556,16636,16736,16848,16960,17072,17164,17260,17340,17420,17504,17596,17708,17820,17920,18000,18092,18188,18268,18348,18448,18560,18668,18752,18844,18924,19020,19100,19184,19276,19388,19500,19600,19681,19760,19856,19936,20016,20108,20221,20332,,,,,,,,,,,,,,,,,,,,
13731,13824,13924,14016,14099,14180,14259,14352,14432,14544,14644,14736,14816,14896,14980,15060,15152,15252,15364,15475,15571,15664,15744,15824,15908,16000,16096,16192,16292,16384,16467,16548,16627,16708,16788,16880,16980,17072,17171,17264,17348,17440,17520,17600,17680,17776,17872,17972,18064,18148,18228,18308,18384,18464,18544,18624,18739,18852,18944,19044,19136,19200,19280,19376,19456,19552,19652,19744,19828,19924,20016,20096,20176,20256,20352,20452,20564,20676,20768,20848,20928,21012,21092,21184,21296,,
13808,13916,14016,14112,14192,14284,14384,14464,14556,14669,14768,14860,14973,15073,15153,15232,15325,15425,15536,15649,15760,15840,15920,16001,16080,16176,16268,16384,16480,16588,16672,16752,16844,16912,16992,17072,17184,17296,17409,17501,17580,17676,17756,17836,17936,18029,18129,18236,18321,18412,18512,18604,18684,18784,18896,19008,19117,19197,19277,19360,19452,19549,19633,19744,19841,19937,20029,20109,20192,20272,20364,20444,20544,20656,20768,20848,,,,,,,,,,,
13872,13952,14036,14128,14243,14340,14448,14548,14629,14704,14784,14880,14960,15056,15168,15280,15379,15472,15552,15632,15716,15796,15907,16000,16115,16208,16291,16371,16448,16528,16608,16708,16816,16928,17027,17120,17204,17283,17360,17440,17524,17616,17728,17840,17939,18020,18099,18176,18256,18336,18435,18528,18640,18740,18832,18928,19008,19088,19171,19280,19380,19488,19587,19680,19763,19844,19923,20003,20096,20195,20307,20400,20499,20579,20672,20771,20864,20960,21060,,,,,,,,
13824,13924,14036,14128,14224,14304,14388,14468,14564,14656,14756,14864,14964,15056,15136,15216,15296,15376,15460,15552,15664,15764,15844,15936,16016,16096,16176,16261,16352,16464,16576,16672,16756,16836,16912,17011,17092,17184,17284,17396,17488,17568,17648,17728,17812,17891,17984,18084,18195,18304,18388,18480,18560,18640,18720,18820,18912,19024,19124,19216,19300,19380,19460,19540,19632,19731,19844,19956,20048,20144,20224,20304,20384,20464,20563,20656,20768,,,,,,,,,,
13708,13788,13868,13948,14028,14127,14220,14332,14428,14511,14604,14672,14752,14832,14927,15020,15135,15231,15328,15420,15500,15580,15660,15745,15836,15948,16060,16172,16268,16348,16431,16512,16607,16700,16816,16912,17008,17100,17180,17260,17340,17424,17516,17628,17740,17840,17920,18000,18076,18156,18236,18335,18448,18560,18652,18748,18828,18908,18988,19068,19168,19260,19375,19471,19564,19644,19724,19804,19884,,,,,,,,,,,,,,,,,,
13340,13440,13532,13612,13692,13788,13871,13983,14096,14188,14272,14352,14432,14512,14592,14684,14796,14908,15008,15100,15200,15280,15360,15436,15516,15596,15696,15808,15916,15996,16079,16159,16240,16316,16416,16527,16640,16748,16847,16940,17020,17100,17180,17260,17356,17456,17548,17632,17712,17804,17872,17952,18032,18143,18236,18336,18448,18540,18624,18700,18780,18860,18940,19024,19116,19216,19328,19440,19520,19600,19676,19756,19868,19968,20080,20188,20272,20364,20460,20544,20636,20748,,,,,
13471,13571,13663,13763,13843,13923,13999,14080,14179,14272,14383,14483,14563,14644,14723,14800,14899,14980,15092,15199,15284,15376,15455,15524,15603,15699,15780,15859,15951,16064,16159,16243,16335,16404,16499,16592,16671,16787,16883,16979,17075,17167,17267,17347,17427,17519,17619,17731,17843,17935,18031,18111,18195,18275,18371,18467,18579,18691,18783,18883,18975,19059,19139,19231,19344,19443,19551,19635,19727,19807,19907,19999,20111,20224,20339,20435,20527,,,,,,,,,,
14016,14124,14208,14300,14380,14460,14540,14620,14716,14816,14924,15024,15116,15200,15280,15360,15440,15532,15632,15744,15836,15936,16016,16097,16172,16252,16332,16432,16544,16656,16748,16845,16924,17004,17084,17184,17276,17376,17484,17569,17660,17741,17820,17900,17981,18076,18176,18284,18384,18476,18560,18640,18720,18800,18892,18992,19104,19216,19308,19388,19468,19552,19632,19712,19804,19916,20017,20108,20204,20284,20364,20444,20524,20624,20716,,,,,,,,,,,,
13280,13361,13441,13517,13597,13680,13776,13885,13984,14077,14160,14240,14320,14400,14481,14592,14704,14816,14908,14988,15068,15152,15232,15312,15392,15484,15585,15696,15777,15869,15952,16032,16112,16192,16284,16384,16476,16588,16688,16768,16848,16944,17024,17104,17197,17308,17420,17516,17600,17680,17760,17840,17952,18064,18176,18288,18380,18460,18529,18604,18684,18764,18876,18976,19088,19180,19276,19356,19436,19516,19596,19697,19789,19889,19996,20080,20173,20252,20348,20428,20524,20636,20748,,,,
13795,13888,13968,14048,14128,14224,14320,14432,14544,14643,14724,14800,14868,14947,15027,15120,15233,15344,15444,15536,15616,15696,15779,15860,15952,16051,16164,16272,16355,16435,16512,16592,16672,16752,16864,16979,17075,17171,17264,17344,17424,17504,17588,17699,17811,17923,18016,18096,18192,18276,18355,18468,18580,18691,18803,18884,18964,19043,19120,19219,19331,19443,19552,19651,19744,19824,19907,19987,20067,20179,20292,20404,20496,20592,20672,20752,,,,,,,,,,,
12972,13072,13184,13309,13436,13521,13612,13708,13792,13884,13996,14108,14236,14336,14432,14528,14624,14716,14828,14944,15068,15180,15276,15360,15452,15548,15644,15756,15888,15996,16092,16188,16272,16364,16476,16588,16716,16828,16928,17020,17116,17200,17308,17404,17536,17648,17756,17836,17919,18028,18124,18236,18368,18480,18588,18687,18783,18876,18976,19072,19196,19308,19420,19516,19600,19692,19792,19904,20028,20140,20240,20332,20428,,,,,,,,,,,,,,
13840,13933,14032,14140,14252,14353,14444,14524,14620,14705,14785,14876,14956,15056,15168,15280,15372,15469,15548,15629,15709,15788,15856,15936,16012,16096,16188,16268,16380,16492,16588,16673,16780,16864,16945,17024,17100,17164,17260,17340,17420,17500,17612,17696,17792,17888,18000,18092,18189,18273,18352,18445,18528,18608,18689,18780,18896,19021,19133,19248,19344,19440,19532,19596,19676,19756,19836,19916,19997,20108,,,,,,,,,,,,,,,,,
13936,14047,14159,14256,14339,14420,14499,14579,14675,14768,14867,14975,15088,15172,15267,15363,15443,15535,15635,15747,15859,15955,16067,16144,16243,16323,16415,16515,16627,16735,16819,16911,16991,17072,17151,17247,17347,17455,17555,17648,17747,17832,17923,18003,18095,18195,18307,18415,18499,18579,18659,18752,18831,18927,19027,19135,19235,19328,19411,19492,19571,19651,19744,19856,19968,20079,20176,20256,20335,20416,20496,20575,,,,,,,,,,,,,,,
13620,13700,13792,13888,13972,14084,14196,14288,14388,14469,14544,14644,14724,14816,14928,15028,15120,15216,15300,15380,15472,15572,15664,15776,15888,15988,16068,16160,16244,16325,16404,16496,16608,16720,16816,16900,16980,17072,17152,17248,17332,17445,17556,17648,17748,17841,17936,18020,18128,18224,18324,18416,18500,18592,18672,18753,18848,18932,19044,19136,19236,19348,19429,19508,19604,19696,19796,19904,20004,20100,20180,20260,20340,20416,20500,20596,,,,,,,,,,,
13581,13660,13740,13824,13917,14028,14140,14241,14321,14400,14476,14557,14636,14736,14849,14960,15052,15148,15228,15309,15389,15469,15568,15660,15776,15872,15952,16032,16112,16192,16272,16368,16460,16576,16673,16768,16860,16940,17020,17100,17184,17276,17388,17500,17600,17680,17761,17836,17916,17997,18096,18208,18321,18412,18508,18588,18668,18748,18828,18928,19020,19136,19232,19324,19405,19484,19565,19644,19740,19840,19949,20032,20128,20220,20300,20380,20460,20544,20636,20748,20860,,,,,,
13232,13329,13409,13521,13613,13728,13824,13921,14013,14096,14189,14289,14401,14512,14621,14704,14797,14877,14957,15053,15149,15261,15373,15485,15581,15665,15745,15837,15933,16029,16141,16253,16353,16445,16541,16625,16717,16829,16941,17040,17133,17213,17309,17392,17489,17581,17680,17789,17888,17981,18061,18145,18237,18317,18416,18509,18621,18720,18813,18893,18989,19072,19168,19261,19360,19469,19569,19661,19745,19825,19917,19997,20096,20189,20301,20401,20493,20589,20672,,,,,,,,
13476,13588,13700,13792,13904,14004,14084,14176,14272,14356,14468,14580,14672,14756,14836,14916,15008,15088,15188,15300,15412,15504,15600,15684,15764,15841,15920,16020,16112,16228,16324,16416,16512,16593,16673,16756,16849,16960,17072,17172,17264,17364,17444,17524,17620,17712,17813,17908,18004,18097,18176,18272,18352,18437,18528,18640,18752,18852,18944,19024,19104,19188,19268,19360,19460,19572,19664,19760,19840,19920,20000,20080,20160,20260,20372,20480,20564,20656,20736,20816,,,,,,,
12916,12996,13088,13188,13280,13396,13492,13584,13664,13744,13824,13904,14000,14100,14208,14308,14400,14484,14564,14644,14725,14816,14916,15028,15140,15232,15312,15408,15488,15568,15648,15747,15840,15952,16048,16132,16224,16324,16416,16516,16608,16720,16832,16928,17012,17104,17184,17264,17364,17476,17588,17680,17780,17872,17956,18048,18128,18228,18340,18448,18560,18672,18772,18852,18932,19028,19120,19236,19348,19460,19568,19652,19732,19828,19920,20020,20128,20228,20320,20400,20480,20564,20644,,,,
13795,13888,13991,14071,14162,14259,14347,14421,14512,14608,14708,14816,14916,15028,15108,15204,15283,15378,15475,15568,15680,15779,15872,15952,16032,16128,16211,16307,16416,16515,16608,16707,16787,16883,16976,17056,17168,17268,17376,17459,17568,17648,17735,17811,17906,18003,18115,18211,18311,18419,18505,18581,18688,18772,18864,18975,19088,19168,19252,19348,19424,19524,19616,19716,19828,19936,20035,20133,20224,20323,,,,,,,,,,,,,,,,,
13456,13580,13692,13804,13900,13997,14109,14208,14320,14448,14572,14684,14780,14864,14957,15068,15180,15292,15420,15532,15632,15740,15837,15948,16080,16192,16301,16401,16496,16605,16704,16816,16940,17052,17164,17260,17344,17437,17548,17660,17789,17901,18012,18108,18193,18301,18384,18496,18620,18732,18861,18961,19056,19152,19261,19360,19468,19581,19692,19804,19900,19984,20096,20208,20336,20460,20560,20653,20765,20864,20956,21068,21200,21312,21420,21504,21616,21696,21808,21900,22012,,,,,,
14180,14276,14374,14452,14572,14676,14775,14869,14936,15033,15124,15220,15332,15444,15557,15656,15748,15828,15940,16021,16133,16245,16357,16472,16571,16677,16777,16872,16968,17081,17193,17304,17386,17477,17578,17669,17782,17894,18006,18105,18217,18330,18441,18534,18649,18763,18874,18966,19049,19146,19254,19338,19450,19546,19642,19735,19818,19930,20039,20151,20250,20362,20442,20535,20634,20711,20810,20923,,,,,,,,,,,,,,,,,,,
13376,13472,13568,13680,13779,13872,13984,14096,14192,14275,14389,14467,14579,14694,14803,14912,15011,15106,15203,15299,15395,15509,15620,15731,15811,15906,16004,16115,16228,16340,16432,16544,16656,16723,16839,16928,17040,17139,17251,17363,17456,17552,17635,17728,17840,17952,18067,18163,18272,18371,18453,18547,18640,18755,18867,18979,19072,19171,19264,19360,19443,19555,19668,19779,19872,19984,20097,20192,20288,20400,20512,20627,20739,20835,,,,,,,,,,,,,
13475,13555,13651,13731,13824,13936,14036,14146,14239,14339,14416,14499,14591,14691,14783,14896,15008,15104,15187,15267,15347,15427,15526,15616,15716,15824,15923,16015,16080,16147,16240,16339,16452,16564,16676,16784,16867,16959,17056,17136,17232,17331,17439,17523,17616,17715,17795,17904,17987,18099,18211,18323,18416,18515,18595,18672,18784,18884,18980,19092,19188,19284,19376,19456,19539,19619,19712,19811,19926,20035,20128,20224,20320,20432,20517,20612,20704,20816,20915,20994,21059,,,,,,
14100,14192,14292,14384,14464,14564,14656,14768,14852,14950,15040,15124,15236,15328,15408,15488,15600,15712,15824,15904,15988,16064,16145,16240,16324,16436,16528,16612,16704,16800,16864,16944,17056,17156,17268,17379,17460,17552,17632,17716,17796,17888,18004,18116,18212,18308,18400,18464,18560,18644,18736,18835,18947,19060,19152,19264,19376,19476,19556,19668,19780,,,,,,,,,,,,,,,,,,,,,,,,,,
13760,13860,13952,14032,14116,14208,14304,14400,14512,14624,14724,14832,14912,14976,15076,15184,15280,15392,15504,15605,15696,15792,15876,15984,16080,16179,16292,16384,16484,16564,16656,16756,16868,16980,17092,17204,17299,17396,17488,17588,17680,17792,17908,18004,18100,18196,18288,18388,18480,18592,18692,18791,18884,18976,19072,19153,19232,19328,19440,19552,19664,19761,19844,19936,20016,20128,20228,20340,20452,20564,20656,,,,,,,,,,,,,,,,
12702,12813,12912,13004,13107,13215,13308,13422,13535,13647,13727,13820,13884,13984,14076,14188,14304,14417,14511,14604,14684,14784,14876,14975,15087,15199,15308,15392,15484,15552,15644,15743,15859,15967,16080,16188,16271,16364,16463,16556,16668,16767,16879,16988,17072,17164,17264,17356,17437,17535,17648,17741,17852,17948,18028,18111,18204,18300,18396,18508,18620,18719,18828,18892,18988,19071,19185,19296,19388,19500,19599,19679,19759,19839,19917,20028,20145,20256,20352,20448,20545,20623,20704,20796,20908,,
14724,14881,14998,15142,15301,15392,15504,15616,15712,15830,15957,16070,16193,16327,16479,16576,16678,16801,16913,17045,17140,17264,17392,17536,17648,17840,17974,18065,18160,18272,18384,18481,18624,18720,18804,18945,19041,19169,19318,19462,19553,19654,19814,19935,20033,20160,20273,20400,20502,20609,20752,20837,20961,21072,21190,21285,21391,21520,21633,21761,,,,,,,,,,,,,,,,,,,,,,,,,,,
13599,13743,13871,13983,14084,14207,14351,14463,14564,14656,14756,14895,15023,15156,15263,15364,15471,15604,15748,15872,15968,16079,16192,16303,16431,16564,16672,16783,16943,17060,17183,17332,17444,17551,17663,17759,17871,18004,18111,18239,18383,18511,18660,18783,18883,19023,19135,19236,19471,19615,19711,19812,19924,20063,20159,20271,20383,20464,20564,20692,20783,20899,,,,,,,,,,,,,,,,,,,,,,,,,
13749,13973,14160,14372,14568,14742,14955,15144,15341,15567,15719,15893,16111,16306,16494,16698,16895,17060,17222,17411,17601,17813,18025,18215,18397,18581,18751,18963,19157,19337,19537,19721,19912,20134,20294,20477,20677,,,,,,,,,,,,,,,,,,,,,,,,,,,,,,,,,,,,,,,,,,,,,,,,,,
14479,14597,14709,14819,14911,15023,15135,15236,15347,15439,15556,15679,15791,15926,16031,16143,16229,16319,16463,16559,16671,16831,16960,17087,17199,17347,17472,17583,17695,17798,17919,18036,18175,18293,18383,18496,18629,18736,18847,18949,19060,19183,19263,19414,19525,19631,19728,19839,19951,20111,20244,20351,20431,20548,20659,20800,20943,21045,21151,21279,,,,,,,,,,,,,,,,,,,,,,,,,,,
14432,14560,14672,14800,14885,15009,15110,15222,15328,15492,15616,15717,15829,15967,16068,16183,16287,16404,16512,16608,16726,16847,16960,17071,17173,17285,17392,17478,17622,17712,17792,17893,18021,18119,18245,18336,18480,18560,18693,18822,18912,19008,19124,19268,19360,19472,19590,19701,19840,,,,,,,,,,,,,,,,,,,,,,,,,,,,,,,,,,,,,,
13135,13377,13572,13752,13946,14097,14293,14487,14662,14873,15064,15250,15417,15601,15766,15969,16172,16367,16542,16706,16890,17070,17255,17417,17602,17807,17986,18177,18344,18542,18717,18895,19076,19270,19450,19680,19876,20041,,,,,,,,,,,,,,,,,,,,,,,,,,,,,,,,,,,,,,,,,,,,,,,,,
12863,12995,13123,13236,13359,13459,13603,13731,13839,13956,14079,14191,14308,14431,14543,14655,14788,14879,14991,15071,15199,15331,15423,15567,15679,15779,15891,15999,16143,16291,16431,16515,16639,16751,16879,16964,17103,17203,17343,17439,17541,17651,17759,17875,18004,18159,18276,18399,18531,18644,18751,18879,18995,19167,19279,19411,19540,19635,19763,19876,19989,20111,20212,20351,20436,20543,20687,20799,20911,21027,,,,,,,,,,,,,,,,,
13711,13834,13978,14126,14270,14394,14538,14666,14799,14906,15050,15183,15295,15391,15514,15626,15759,15850,15951,16090,16234,16346,16447,16574,16666,16810,16938,17066,17178,17326,17450,17578,17711,17850,17978,18095,18186,18298,18431,18570,18671,18783,18874,19007,19130,19231,19358,19450,19562,19754,19850,19946,20046,20158,20250,20351,20506,20607,,,,,,,,,,,,,,,,,,,,,,,,,,,,,
13825,13959,14048,14181,14288,14390,14502,14656,14759,14886,15009,15106,15201,15312,15424,15554,15681,15794,15920,16064,16224,16326,16433,16549,16672,16790,16913,17024,17120,17207,17328,17431,17542,17669,17792,17904,18037,18133,18230,18357,18471,18581,18706,18807,18935,19045,19158,19302,19461,19553,19664,19765,19905,20032,20149,20262,20385,20533,20673,20784,20880,,,,,,,,,,,,,,,,,,,,,,,,,,
12672,12784,12879,12992,13124,13247,13392,13524,13632,13734,13824,13967,14100,14207,14320,14452,14544,14675,14789,14917,15007,15152,15231,15344,15456,15557,15648,15748,15840,15993,16112,16208,16335,16448,16560,16676,16800,16927,17045,17168,17248,17360,17508,17648,17793,17951,18107,18239,18368,18479,18592,18759,18897,19040,19168,19300,19412,19551,19680,19852,19967,20100,20224,20369,20529,,,,,,,,,,,,,,,,,,,,,,
13973,14116,14239,14372,14501,14624,14757,14848,14960,15077,15168,15302,15440,15572,15713,15832,15957,16054,16149,16261,16373,16486,16607,16719,16837,16928,17040,17200,17317,17440,17568,17734,17873,17985,18113,18248,18401,18511,18693,18774,18912,19066,19222,19327,19440,19584,19712,19815,19936,20048,20192,,,,,,,,,,,,,,,,,,,,,,,,,,,,,,,,,,,,
12794,12906,13018,13146,13279,13386,13514,13642,13823,13934,14047,14186,14271,14383,14511,14655,14799,14911,15018,15119,15274,15408,15535,15626,15738,15839,15962,16074,16257,16384,16492,16609,16730,16910,17024,17146,17258,17386,17520,17632,17743,17855,17994,18127,18234,18320,18410,18522,18634,18730,18842,18938,19087,19199,19290,19429,19583,19706,19834,,,,,,,,,,,,,,,,,,,,,,,,,,,,
13008,13140,13253,13381,13504,13648,13765,13920,14032,14128,14272,14368,14464,14576,14740,14869,14992,15120,15252,15364,15476,15600,15728,15840,15940,16069,16216,16400,16501,16661,16784,16965,17088,17189,17329,17461,17605,17728,17824,17957,18096,18231,18368,18484,18608,18736,18838,18928,19061,19200,19328,19445,19572,,,,,,,,,,,,,,,,,,,,,,,,,,,,,,,,,,
13808,13921,14032,14164,14293,14431,14527,14656,14790,14902,15023,15119,15263,15413,15519,15620,15712,15807,15892,15974,16133,16223,16335,16470,16580,16695,16822,16944,17077,17188,17303,17408,17520,17631,17764,17878,17991,18118,18239,18369,18484,18608,18751,18848,19010,19152,19311,19398,19492,19616,19727,19823,19920,20064,20165,20303,20405,20529,20607,20719,20833,,,,,,,,,,,,,,,,,,,,,,,,,,
13705,13857,14016,14128,14261,14389,14511,14645,14767,14852,14996,15120,15247,15402,15519,15647,15727,15844,15958,16047,16133,16262,16416,16560,16688,16799,16911,17057,17167,17285,17408,17536,17687,17841,18001,18144,18277,18368,18501,18613,18751,18896,18997,19135,19248,19360,19546,19688,19798,19924,20016,20160,20321,20465,20608,,,,,,,,,,,,,,,,,,,,,,,,,,,,,,,,
13745,13895,14033,14151,14289,14401,14546,14695,14807,14929,15079,15233,15383,15521,15655,15809,15953,16070,16193,16324,16432,16565,16672,16784,16901,17028,17152,17264,17392,17504,17621,17792,17920,18021,18134,18288,18400,18548,18660,18804,18916,19056,19188,19280,19392,19493,19621,19744,19872,19956,20080,20208,20320,20464,20616,20728,20880,20980,,,,,,,,,,,,,,,,,,,,,,,,,,,,,
13307,13408,13552,13680,13771,13904,14067,14187,14288,14405,14560,14683,14816,14923,15067,15200,15323,15403,15547,15664,15808,15921,16043,16139,16240,16331,16496,16624,16720,16827,16955,17067,17163,17307,17452,17597,17724,17851,17963,18147,18288,18444,18555,18672,18923,19035,19147,19259,,,,,,,,,,,,,,,,,,,,,,,,,,,,,,,,,,,,,,,
13087,13236,13327,13428,13552,13652,13743,13839,13956,14069,14160,14292,14421,14543,14639,14752,14879,15008,15110,15231,15332,15455,15587,15695,15839,15940,16052,16143,16244,16372,16485,16591,16677,16799,16879,16991,17119,17215,17328,17439,17568,17670,17766,17859,17983,18085,18191,18319,18399,18501,18611,18735,18879,19007,19119,19221,19359,19471,19599,19695,19839,19967,20048,20181,20271,20383,20484,,,,,,,,,,,,,,,,,,,,
13678,13780,13918,14051,14164,14275,14388,14532,14643,14740,14835,14948,15044,15166,15279,15380,15486,15598,15684,15806,15950,16046,16148,16238,16340,16430,16542,16644,16750,16846,16947,17071,17182,17331,17443,17523,17668,17790,17918,18051,18164,18292,18404,18526,18638,18739,18883,18964,19102,19188,19315,19438,19571,19678,19806,19902,20030,20142,,,,,,,,,,,,,,,,,,,,,,,,,,,,,
13969,14057,14170,14298,14431,14554,14655,14798,14889,15002,15129,15214,15321,15456,15545,15657,15769,15881,16014,16111,16222,16334,16446,16558,16670,16782,16873,17033,17145,17257,17359,17466,17582,17690,17802,17945,18057,18218,18329,18430,18575,18713,18810,18926,19017,19151,19278,19374,19502,19614,19760,19889,20009,20122,20250,20334,20465,20585,20697,,,,,,,,,,,,,,,,,,,,,,,,,,,,
13460,13589,13712,13844,13969,14086,14208,14341,14452,14591,14703,14816,14896,15040,15167,15279,15376,15505,15636,15728,15828,15952,16048,16145,16246,16336,16453,16560,16677,16800,16912,17061,17184,17327,17429,17568,17680,17824,17951,18053,18144,18257,18357,18481,18580,18724,18817,18943,19045,19136,19248,19332,19460,19584,19734,19823,19936,20100,20229,20352,20484,20613,20720,20837,,,,,,,,,,,,,,,,,,,,,,,
13632,13744,13857,13987,14123,14220,14368,14480,14603,14737,14843,14955,15067,15195,15313,15420,15536,15627,15772,15915,16032,16162,16252,16364,16491,16635,16737,16893,17025,17164,17308,17453,17569,17675,17804,17900,18016,18144,18251,18380,18491,18604,18684,18811,18924,19025,19115,19217,19360,19489,19584,19695,19803,19948,20050,20172,20321,20443,20571,20683,,,,,,,,,,,,,,,,,,,,,,,,,,,
13474,13584,13675,13793,13915,14043,14171,14283,14480,14603,14715,14811,14923,15019,15131,15264,15355,15483,15611,15723,15835,15931,16043,16144,16283,16411,16539,16667,16795,16923,17056,17164,17307,17408,17520,17611,17723,17835,17963,18064,18171,18256,18347,18460,18560,18651,18737,18863,18976,19099,19227,19324,19403,19520,19616,19744,19835,19936,20027,,,,,,,,,,,,,,,,,,,,,,,,,,,,
13115,13217,13329,13420,13536,13649,13755,13883,13995,14139,14267,14347,14459,14561,14667,14795,14907,15035,15131,15227,15371,15467,15553,15675,15787,15905,16000,16113,16219,16331,16443,16555,16667,16800,16907,17051,17179,17307,17391,17515,17617,17707,17839,17963,18043,18144,18235,18379,18459,18587,18699,18827,18913,19035,19179,19264,19371,19471,19579,19739,19867,19995,20108,20187,20319,20459,20544,,,,,,,,,,,,,,,,,,,,
12868,12959,13061,13173,13285,13413,13503,13669,13759,13861,13973,14095,14223,14319,14416,14559,14660,14752,14879,14982,15087,15204,15327,15439,15567,15679,15791,15925,16048,16127,16239,16342,16479,16608,16704,16815,16950,17076,17167,17301,17444,17604,17717,17808,17919,18035,18148,18255,18351,18497,18640,18758,18848,18959,19087,19221,19327,19455,19589,19702,19840,19967,20096,20223,20357,20447,20581,20687,20805,,,,,,,,,,,,,,,,,,
12739,12836,12942,13076,13189,13278,13391,13486,13598,13684,13811,13918,13998,14126,14238,14383,14528,14623,14755,14847,14979,15091,15231,15310,15422,15524,15648,15758,15870,15972,16078,16164,16291,16414,16590,16719,16830,16979,17104,17204,17326,17438,17551,17678,17811,17902,18035,18127,18238,18339,18430,18542,18659,18783,18915,19006,19139,19252,19348,19471,19599,19711,19844,19918,20036,20147,20238,20367,20484,20606,20718,20846,,,,,,,,,,,,,,,
13814,13936,14037,14128,14245,14368,14501,14640,14773,14885,15009,15120,15280,15381,15504,15616,15732,15856,15968,16080,16192,16304,16422,16532,16656,16788,16917,17014,17141,17264,17365,17511,17638,17760,17889,18005,18112,18240,18336,18481,18581,18693,18821,18928,19040,19168,19317,19440,19552,19664,19781,19904,20038,20160,20288,20374,20501,20592,,,,,,,,,,,,,,,,,,,,,,,,,,,,,
13200,13296,13415,13520,13616,13760,13888,14000,14102,14213,14293,14416,14496,14629,14742,14869,14992,15089,15207,15296,15456,15569,15696,15780,15920,16054,16165,16272,16368,16517,16640,16804,16896,17008,17125,17236,17328,17461,17584,17686,17765,17892,17989,18080,18208,18342,18466,18608,18726,18836,18962,19073,19174,19312,19440,19572,19668,19760,19888,20020,20128,20256,20384,20516,20678,20800,,,,,,,,,,,,,,,,,,,,,
12767,12900,13023,13156,13284,13424,13567,13679,13791,13924,14064,14176,14272,14388,14512,14640,14772,14863,14976,15055,15167,15296,15380,15492,15604,15744,15855,15952,16068,16160,16272,16384,16484,16624,16735,16836,16944,17055,17140,17263,17376,17471,17605,17728,17828,17940,18053,18164,18303,18404,18543,18639,18741,18832,18944,19044,19173,19268,19396,19487,19588,19700,19824,19956,20036,20144,20239,20384,20512,20644,20783,,,,,,,,,,,,,,,,
12936,13074,13164,13325,13452,13635,13762,13922,14045,14180,14301,14420,14541,14639,14764,14892,15009,15115,15243,15340,15452,15563,15692,15804,15936,16091,16252,16388,16541,16691,16812,16973,17100,17185,17342,17451,17569,17707,17839,17953,18079,18192,18283,18415,18528,18636,18732,18843,18979,19083,19196,19323,19470,19600,19744,19835,19937,20082,20210,20332,20434,20544,20667,,,,,,,,,,,,,,,,,,,,,,,,
13936,14037,14150,14272,14400,14501,14592,14693,14768,14949,15088,15200,15333,15477,15605,15750,15861,15952,16053,16165,16272,16357,16480,16597,16720,16853,16966,17104,17184,17296,17429,17541,17654,17792,17925,18005,18144,18256,18368,18501,18592,18725,18853,18976,19109,19237,19344,19440,19552,19685,19808,19936,20070,20192,20325,20454,20597,20738,20869,20981,,,,,,,,,,,,,,,,,,,,,,,,,,,
13724,13851,13963,14075,14224,14347,14448,14571,14704,14832,14955,15088,15200,15313,15435,15520,15643,15723,15856,15979,16107,16203,16284,16411,16496,16604,16715,16848,16961,17099,17211,17323,17435,17584,17675,17760,17852,17963,18092,18204,18315,18444,18528,18651,18768,18891,19003,19104,19216,19296,19435,19563,19692,19835,19952,20044,20155,20256,20368,20491,,,,,,,,,,,,,,,,,,,,,,,,,,,
13567,13669,13760,13888,14032,14164,14292,14405,14518,14630,14741,14895,14991,15093,15204,15327,15430,15551,15680,15791,15903,16037,16176,16276,16400,16513,16607,16735,16864,16975,17055,17142,17231,17348,17425,17585,17717,17807,17909,18015,18101,18229,18351,18453,18565,18688,18789,18879,18975,19104,19221,19344,19487,19583,19717,,,,,,,,,,,,,,,,,,,,,,,,,,,,,,,,
13871,13957,14085,14196,14304,14401,14533,14656,14773,14912,15007,15103,15220,15333,15461,15574,15712,15829,15941,16053,16144,16240,16372,16464,16591,16687,16799,16945,17044,17172,17284,17408,17552,17671,17793,17904,18005,18111,18208,18309,18422,18549,18661,18751,18885,18992,19125,19231,19348,19461,19583,19711,19823,19921,20015,20127,20261,20399,20511,20639,20768,20869,,,,,,,,,,,,,,,,,,,,,,,,,
13679,13798,13921,14016,14149,14294,14422,14560,14656,14768,14918,15040,15141,15253,15392,15488,15589,15696,15796,15921,16053,16192,16304,16437,16528,16661,16800,16900,17012,17120,17236,17328,17440,17541,17681,17792,17926,18037,18150,18277,18401,18512,18660,18752,18884,19028,19168,19300,19430,19552,19664,19765,19888,19989,20101,20192,20326,20448,20564,20688,20821,,,,,,,,,,,,,,,,,,,,,,,,,,
13600,13695,13887,13999,14111,14223,14320,14452,14575,14676,14820,14948,15060,15155,15284,15375,15508,15637,15748,15891,16031,16143,16271,16367,16479,16591,16703,16804,16943,17044,17124,17247,17380,17491,17631,17731,17855,18000,18143,18271,18404,18531,18655,18788,18900,19039,19151,19231,19375,19520,19663,19797,19903,19999,20132,20255,20387,20496,,,,,,,,,,,,,,,,,,,,,,,,,,,,,
12519,12608,12721,12855,12979,13093,13205,13296,13431,13536,13648,13749,13862,13974,14081,14192,14278,14417,14529,14641,14742,14865,14946,15072,15189,15282,15382,15539,15648,15760,15856,15968,16070,16202,16353,16489,16595,16739,16850,16978,17088,17201,17313,17414,17538,17648,17749,17840,17974,18081,18192,18336,18449,18529,18677,18821,18947,19061,19153,19253,19366,19488,19601,19701,19792,,,,,,,,,,,,,,,,,,,,,,
13664,13800,13938,14048,14150,14240,14374,14513,14658,14770,14913,15031,15142,15232,15382,15512,15616,15768,15889,16000,16129,16217,16327,16464,16561,16716,16851,16944,17045,17202,17329,17473,17622,17744,17877,17968,18080,18160,18291,18432,18533,18672,18757,18880,18996,19110,19189,19280,19382,19492,19606,19730,19862,19968,20071,20209,20304,20405,20517,20640,20756,20910,,,,,,,,,,,,,,,,,,,,,,,,,
12417,12528,12629,12720,12832,12933,13013,13136,13237,13349,13520,13632,13744,13845,13973,14048,14180,14261,14352,14469,14593,14704,14805,14928,15061,15189,15280,15413,15525,15616,15728,15840,15968,16096,16213,16304,16385,16485,16565,16677,16789,16901,17013,17125,17237,17333,17424,17520,17637,17749,17893,18032,18133,18245,18336,18464,18581,18693,18816,18944,19045,19136,19248,19360,19472,19584,19684,19776,19909,20005,20117,20229,20320,20432,20545,,,,,,,,,,,,
13584,13696,13812,13904,14016,14127,14255,14353,14463,14575,14687,14816,14928,15055,15152,15252,15380,15504,15604,15696,15807,15935,16031,16164,16255,16336,16416,16516,16623,16708,16832,16944,17055,17172,17284,17407,17508,17600,17712,17903,18036,18116,18228,18319,18447,18548,18655,18740,18847,18944,19055,19183,19300,19412,19503,19584,19728,19824,19936,20047,20180,20303,20431,20543,20655,,,,,,,,,,,,,,,,,,,,,,
17030,17141,17248,17328,17414,17504,17632,17729,17829,17921,18000,18080,18192,18288,18384,18480,18576,18722,18818,18913,19008,19147,19280,19392,19511,19600,19712,19881,20017,20145,20259,20369,20482,20608,20693,20774,20865,21056,21169,21317,21426,21573,21720,21862,21952,22032,22128,22248,22403,22529,22680,22769,22898,23008,23142,23274,23377,23489,,,,,,,,,,,,,,,,,,,,,,,,,,,,,
13663,13791,13876,13999,14100,14228,14319,14432,14533,14623,14725,14836,14960,15071,15172,15284,15391,15524,15604,15695,15823,15940,16052,16143,16244,16324,16431,16517,16607,16740,16831,16911,17012,17126,17215,17295,17391,17487,17567,17668,17764,17904,18031,18127,18256,18351,18454,18559,18671,18772,18895,18996,19087,19199,19332,19461,19583,19663,19764,19844,19983,20100,20212,20319,20404,20543,,,,,,,,,,,,,,,,,,,,,
12687,12799,12943,13055,13172,13295,13424,13537,13663,13760,13894,13983,14111,14228,14324,14438,14544,14641,14724,14804,14912,15044,15135,15220,15311,15440,15552,15663,15793,15876,16004,16127,16259,16352,16464,16543,16623,16703,16816,16916,17028,17119,17215,17300,17423,17503,17588,17695,17797,17919,17999,18132,18224,18303,18415,18527,18623,18740,18831,18943,19055,19183,19312,19428,19520,19615,19711,19843,19957,20036,,,,,,,,,,,,,,,,,
13919,13999,14107,14203,14319,14443,14556,14667,14768,14879,14959,15071,15199,15324,15387,15499,15599,15725,15874,15964,16111,16223,16315,16459,16539,16651,16779,16881,16955,17087,17183,17307,17472,17595,17680,17787,17883,17968,18075,18159,18271,18395,18479,18571,18667,18779,18859,18939,19067,19179,19280,19403,19515,19615,19727,19841,19920,20011,20091,20187,20303,20395,20507,20619,20699,20811,,,,,,,,,,,,,,,,,,,,,
13732,13823,13936,14036,14164,14275,14388,14511,14624,14735,14852,14943,15076,15167,15295,15413,15503,15620,15716,15807,15887,15967,16079,16207,16287,16351,16452,16576,16687,16815,16927,17012,17135,17263,17396,17476,17583,17663,17743,17823,17919,18047,18143,18223,18324,18415,18527,18623,18703,18815,18911,19023,19124,19247,19343,19427,19508,19631,19711,19823,19936,20047,20148,20271,20399,20532,20623,20703,20803,,,,,,,,,,,,,,,,,,
12821,12976,13110,13249,13350,13441,13540,13671,13813,13936,14036,14176,14271,14373,14485,14612,14724,14815,14944,15040,15151,15264,15365,15492,15616,15764,15878,15999,16100,16192,16293,16416,16543,16639,16736,16831,16932,17012,17136,17236,17328,17423,17552,17664,17759,17860,17975,18084,18196,18304,18432,18532,18628,18752,18884,18967,19088,19200,19312,19392,19492,19584,19696,19796,,,,,,,,,,,,,,,,,,,,,,,
13513,13609,13694,13785,13865,13998,14089,14201,14302,14441,14528,14649,14766,14857,14990,15118,15241,15374,15497,15610,15737,15849,15950,16073,16201,16329,16425,16537,16617,16745,16857,16990,17087,17215,17390,17550,17641,17737,17854,17982,18094,18206,18350,18457,18542,18633,18777,18862,18976,19070,19177,19310,19422,19535,19662,19785,19929,20046,20138,20281,20425,20553,20686,20809,,,,,,,,,,,,,,,,,,,,,,,
13583,13689,13786,13904,14010,14138,14238,14378,14464,14602,14704,14800,14890,14990,15082,15209,15401,15514,15610,15706,15838,15930,16042,16154,16224,16329,16426,16538,16650,16730,16879,16975,17098,17184,17274,17403,17514,17642,17738,17856,17962,18047,18170,18282,18394,18522,18634,18752,18859,18944,19082,19210,19322,19450,19584,19674,19817,19962,20074,20202,20334,20432,20574,20687,20778,,,,,,,,,,,,,,,,,,,,,,
13231,13343,13460,13556,13679,13823,13951,14063,14175,14319,14431,14548,14692,14815,14916,15028,15135,15237,15343,15472,15551,15663,15743,15887,15999,16116,16239,16383,16485,16591,16677,16804,16911,17028,17119,17231,17332,17439,17535,17679,17823,17951,18079,18175,18271,18399,18495,18623,18719,18863,18991,19092,19183,19284,19396,19519,19652,19780,19903,,,,,,,,,,,,,,,,,,,,,,,,,,,,
13695,13807,13908,14047,14164,14342,14464,14576,14720,14838,14960,15110,15222,15376,15505,15604,15746,15871,15999,16100,16192,16303,16450,16560,16680,16849,16959,17087,17199,17295,17407,17600,17745,17888,18017,18287,18388,18500,18660,18772,18884,19008,19108,19220,19311,19445,19585,19750,19888,20021,20112,20256,20405,20543,20676,,,,,,,,,,,,,,,,,,,,,,,,,,,,,,,,
13552,13664,13777,13920,14049,14160,14293,14405,14560,14672,14760,14881,15008,15110,15201,15345,15447,15569,15670,15798,15920,16033,16145,16257,16385,16496,16624,16709,16853,16944,17045,17152,17280,17392,17520,17633,17765,17892,18016,18128,18230,18353,18432,18512,18661,18837,18992,19105,19232,19313,19441,19526,19653,19792,19889,20021,20134,20262,20373,20496,20597,20720,20869,,,,,,,,,,,,,,,,,,,,,,,,
13168,13269,13392,13504,13620,13744,13888,14000,14100,14228,14374,14532,14656,14736,14848,14960,15056,15168,15264,15408,15504,15616,15728,15808,15908,16000,16112,16240,16368,16448,16560,16676,16800,16912,17024,17136,17248,17360,17476,17600,17732,17878,17957,18068,18176,18320,18448,18560,18688,18804,18896,19029,19120,19248,19444,19573,19664,19796,19909,20037,20160,20293,20405,,,,,,,,,,,,,,,,,,,,,,,,
13812,13936,14085,14241,14401,14544,14661,14816,14895,15040,15156,15264,15391,15503,15663,15775,15871,15989,16112,16224,16341,16485,16597,16688,16788,16945,17093,17231,17316,17441,17593,17728,17841,17953,18113,18241,18359,18471,18583,18721,18831,18998,19109,19280,19441,19572,19684,19825,19956,20084,20197,20309,20432,20544,20644,20757,20895,21023,,,,,,,,,,,,,,,,,,,,,,,,,,,,,
12653,12733,12876,12989,13133,13250,13373,13485,13612,13708,13826,13901,14032,14128,14205,14306,14433,14530,14625,14737,14829,14941,15053,15181,15298,15405,15505,15629,15773,15885,16013,16113,16225,16348,16461,16563,16674,16753,16864,16978,17069,17165,17261,17404,17533,17645,17778,17890,18018,18141,18274,18380,18482,18605,18717,18828,18963,19085,19201,19324,19426,19516,19619,19725,19821,19954,20050,20195,20284,20413,20530,20658,20749,20861,,,,,,,,,,,,,
13936,14064,14148,14256,14340,14432,14544,14676,14788,14868,14980,15088,15216,15332,15424,15536,15636,15748,15876,16000,16080,16208,16304,16384,16484,16576,16660,16788,16896,16992,17236,17364,17456,17536,17652,17744,17844,17968,18096,18192,18288,18420,18544,18656,18752,18864,18976,19076,19168,19264,19376,19460,19568,19696,19776,19904,19988,20116,20228,20336,20420,20532,20644,,,,,,,,,,,,,,,,,,,,,,,,
13697,13809,13888,14032,14111,14213,14340,14453,14564,14677,14756,14848,14953,15072,15184,15296,15424,15524,15664,15760,15862,15972,16065,16159,16256,16368,16479,16592,16672,16804,16884,16977,17088,17204,17318,17413,17492,17607,17712,17824,17956,18080,18192,18289,18422,18513,18641,18737,18837,18917,19008,19108,19201,19285,19413,19524,19649,19749,19862,19975,20112,20239,20357,20448,20549,20628,,,,,,,,,,,,,,,,,,,,,
16992,17127,17264,17392,17521,17649,17748,17893,18000,18133,18224,18368,18469,18592,18704,18783,18911,19042,19190,19301,19397,19504,19606,19712,19840,19958,20080,20224,,,,,,,,,,,,,,,,,,,,,,,,,,,,,,,,,,,,,,,,,,,,,,,,,,,,,,,,,,,
13761,13893,13985,14085,14192,14310,14416,14501,14629,14709,14821,14912,15008,15104,15189,15296,15429,15510,15600,15701,15792,15893,16005,16117,16240,16352,16453,16560,16656,16773,16885,17009,17152,17269,17381,17504,17605,17728,17829,17957,18080,18166,18293,18400,18485,18565,18645,18752,18869,18960,19040,19125,19254,19365,19488,19600,19701,19813,19952,20080,20165,20277,20357,20448,20529,20629,20741,,,,,,,,,,,,,,,,,,,,
13025,13148,13280,13391,13484,13564,13676,13771,13867,13979,14059,14171,14271,14396,14498,14555,14700,14780,14879,14987,15099,15211,15323,15451,15548,15679,15771,15899,15984,16095,16187,16287,16384,16508,16609,16699,16827,16891,17019,17105,17195,17281,17387,17499,17579,17691,17824,17947,18074,18171,18287,18412,18511,18625,18752,18865,18988,19066,19179,19259,19391,19515,19615,19708,19819,,,,,,,,,,,,,,,,,,,,,,
13920,14032,14160,14260,14372,14496,14592,14678,14768,14900,15012,15124,15204,15284,15376,15476,15568,15680,15808,15920,16032,16144,16276,16368,16448,16549,16640,16740,16832,16944,17056,17189,17280,17392,17509,17584,17700,17797,17908,18000,18100,18208,18288,18404,18512,18640,18768,18868,18960,19072,19172,19300,19444,19568,19684,19780,19861,19972,20080,20192,20304,20416,,,,,,,,,,,,,,,,,,,,,,,,,
13036,13136,13248,13339,13452,13547,13664,13771,13888,14000,14128,14220,14347,14460,14556,14667,14795,14881,14993,15099,15185,15312,15424,15515,15628,15708,15808,15932,16032,16112,16203,16315,16411,16496,16588,16699,16828,16940,17035,17131,17227,17360,17456,17552,17643,17745,17835,17964,18059,18155,18267,18379,18491,18592,18704,18811,18907,19008,19120,19232,19312,19424,19531,19632,19755,19867,19980,20059,20172,20283,20379,20496,20608,20688,20768,20882,20992,21099,,,,,,,,,
12223,12351,12431,12548,12671,12772,12847,12975,13072,13185,13296,13408,13519,13631,13760,13890,14004,14116,14240,14320,14432,14559,14639,14724,14804,14911,15038,15137,15249,15380,15472,15608,15696,15796,15958,16079,16181,16292,16399,16479,16609,16721,16822,16917,17031,17169,17312,17408,17503,17588,17707,17832,17919,18031,18116,18223,18336,18431,18517,18608,18720,18852,18944,19071,19151,19268,19407,19519,19620,19732,19844,19944,20098,20209,20287,20372,20479,20596,20724,20816,20969,21089,21301,21391,21472,,
13023,13114,13216,13327,13408,13530,13631,13759,13872,13984,14063,14154,14266,14395,14479,14571,14698,14815,14906,14986,15087,15210,15323,15402,15535,15615,15728,15818,15898,15978,16079,16186,16319,16395,16474,16554,16666,16767,16859,16970,17103,17215,17307,17418,17503,17626,17738,17850,17978,18095,18207,18314,18426,18539,18639,18762,18875,18955,19087,19183,19279,19354,19439,19530,19658,19743,19823,19915,20026,20159,,,,,,,,,,,,,,,,,
13607,13682,13800,13890,13975,14066,14162,14256,14422,14522,14609,14721,14823,14930,15026,15126,15284,15402,15507,15634,15747,15898,16019,16162,16274,16400,16503,16625,16722,16854,16928,17102,17224,17313,17445,17553,17637,17717,17808,17910,18033,18113,18192,18289,18407,18518,18646,18769,18849,18982,19105,19233,19318,19429,19511,19590,19670,19761,19872,19970,20065,20145,20245,20354,20439,20518,,,,,,,,,,,,,,,,,,,,,
13578,13673,13754,13838,13951,14074,14206,14318,14426,14526,14650,14783,14906,15034,15146,15226,15327,15450,15562,15695,15786,15913,16026,16138,16218,16330,16430,16554,16705,16794,16906,17002,17098,17210,17306,17423,17502,17649,17758,17872,17961,18041,18153,18266,18384,18473,18575,18671,18820,18998,19131,19226,19323,19451,19600,19690,19790,19882,19967,20074,20202,20298,20426,20522,20655,20762,20874,21006,,,,,,,,,,,,,,,,,,,
13837,13963,14065,14161,14242,14348,14427,14524,14636,14735,14827,14907,15019,15100,15196,15280,15360,15468,15548,15644,15777,15900,16002,16128,16220,16315,16417,16528,16625,16747,16848,16940,17051,17180,17276,17408,17490,17580,17660,17794,17921,18017,18124,18219,18348,18448,18540,18651,18722,18827,18913,19025,19136,19228,19329,19451,19548,19611,19745,19835,19948,20050,20139,20240,20347,20460,20578,,,,,,,,,,,,,,,,,,,,
14138,14219,14298,14431,14543,14671,14795,14879,14975,15087,15210,15311,15423,15535,15663,15802,15919,16031,16122,16251,16336,16442,16559,16657,16778,16879,16970,17055,17183,17274,17355,17450,17535,17658,17770,17851,17962,18042,18186,18267,18431,18538,18650,18783,18874,18975,19066,19199,19322,19450,19530,19616,19722,19807,19919,20026,20170,20282,20362,20463,20554,20682,20799,20895,20970,,,,,,,,,,,,,,,,,,,,,,
13662,13762,13886,13998,14099,14211,14338,14430,14562,14670,14767,14867,14958,15071,15214,15330,15422,15602,15678,15822,15906,15982,16094,16190,16302,16402,16494,16607,16718,16862,16978,17102,17235,17342,17468,17621,17744,17891,18002,18115,18239,18371,18466,18563,18659,18782,18947,19070,19154,19267,19390,19502,19614,19774,19855,19966,20078,20178,20302,20430,20526,20654,20751,,,,,,,,,,,,,,,,,,,,,,,,
12559,12671,12771,12879,12963,13075,13199,13311,13427,13550,13631,13715,13795,13887,13967,14099,14211,14319,14451,14563,14655,14787,14879,14979,15070,15171,15299,15364,15487,15599,15679,15791,15907,15983,16063,16190,16302,16398,16480,16595,16718,16799,16942,17039,17150,17246,17358,17475,17587,17710,17839,17919,18035,18127,18239,18319,18431,18543,18659,18751,18847,18959,19059,19139,19263,19471,19583,19695,19795,19919,20052,,,,,,,,,,,,,,,,
17183,17294,17374,17486,17619,17726,17840,17952,18079,18207,18335,18447,18532,18611,18739,18851,18976,19087,,,,,,,,,,,,,,,,,,,,,,,,,,,,,,,,,,,,,,,,,,,,,,,,,,,,,,,,,,,,,,,,,,,,,
14192,14318,14425,14510,14634,14762,14847,14938,15049,15161,15274,15376,15497,15577,15695,15791,15882,15962,16074,16190,16314,16414,16495,16591,16686,16793,16890,16990,17114,17246,17326,17439,17545,17675,17785,17902,18027,18154,18266,18393,18478,18617,18703,18826,18955,19039,19161,19258,19343,19423,19514,19614,19755,19834,19921,20011,20143,20250,20361,20495,20586,20698,20831,20958,21050,21151,21242,21327,,,,,,,,,,,,,,,,,,,
13649,13760,13872,13974,14080,14192,14276,14415,14485,14592,14688,14801,14913,15012,15093,15231,15312,15391,15509,15600,15733,15823,15904,16004,16113,16224,16341,16463,16561,16660,16784,16863,16996,17104,17189,17269,17360,17455,17553,17631,17764,17871,17988,18080,18193,18325,18432,18566,18688,18790,18868,18949,19072,19169,19285,19393,19520,19616,19718,19828,19953,20052,20144,20273,20357,20464,20559,20692,20801,20912,21024,,,,,,,,,,,,,,,,
13552,13653,13792,13892,14016,14128,14240,14341,14432,14544,14644,14773,14848,14928,15040,15140,15232,15344,15461,15536,15648,15764,15888,16032,16112,16192,16293,16372,16484,16608,16740,16852,16980,17072,17184,17296,17408,17520,17621,17748,17840,17952,18080,18192,18277,18368,18480,18612,18692,18821,18933,19024,19125,19237,19328,19441,19552,19684,19792,19889,20016,20112,20212,20308,20404,20512,20596,20704,20816,,,,,,,,,,,,,,,,,,
15328,15404,15500,15596,15692,15808,15900,15980,16092,16172,16272,16380,16476,16576,16668,16748,16860,16972,17084,17201,17276,17408,17516,17629,17740,17840,17948,18044,18172,18268,18384,18480,18589,18700,18800,18892,18976,19068,19148,19260,19340,19472,19554,19660,19776,19868,19984,,,,,,,,,,,,,,,,,,,,,,,,,,,,,,,,,,,,,,,,
13583,13695,13812,13904,14036,14192,14304,14422,14565,14704,14816,14966,15088,15201,15313,15446,15535,15663,15796,15919,16052,16223,16326,16454,16598,16720,16881,17023,17140,17215,17343,17489,17632,17748,17860,17972,18095,18175,18304,18383,18516,18607,18708,18820,18916,19023,19135,19268,19380,19519,19631,19764,19903,20016,20127,20239,20352,20452,20596,,,,,,,,,,,,,,,,,,,,,,,,,,,,
13728,13813,13904,14048,14149,14288,14417,14528,14646,14741,14864,14976,15078,15190,15296,15424,15525,15649,15776,15909,16016,16101,16213,16326,16432,16576,16709,16800,16928,17040,17174,17264,17397,17568,17648,17744,17829,17952,18085,18208,18320,18448,18576,18693,18801,18912,19056,19157,19270,19408,19509,19648,19760,19893,20017,20112,20224,20352,20469,20591,20693,20816,,,,,,,,,,,,,,,,,,,,,,,,,
12804,12895,13040,13141,13286,13383,13471,13599,13719,13829,13956,14110,14213,14341,14484,14612,14720,14799,14959,15061,15200,15284,15408,15536,15647,15748,15840,15951,16048,16144,16277,16415,16516,16640,16740,16896,16992,17125,17270,17360,17460,17552,17697,17811,17936,18048,18196,18320,18448,18544,18672,18784,18879,18996,19120,19232,19364,19471,19603,19727,19808,19941,20080,20192,20320,20436,20585,20688,20800,20927,21064,,,,,,,,,,,,,,,,
13893,14002,14131,14272,14422,14528,14630,14770,14880,14982,15104,15254,15344,15456,15552,15670,15761,15872,15984,16163,16312,16450,16593,16721,16832,16945,17056,17168,17319,17414,17552,17655,17813,17921,18006,18112,18197,18341,18464,18566,18693,18800,18912,18998,19142,19264,19361,19478,19590,19728,19829,19920,20021,20112,20258,20369,20497,20610,20710,20800,20960,,,,,,,,,,,,,,,,,,,,,,,,,,
13034,13162,13262,13359,13487,13594,13710,13834,13934,14074,14154,14282,14410,14522,14622,14734,14862,14954,15098,15194,15290,15370,15482,15615,15706,15822,15962,16074,16202,16302,16394,16527,16650,16842,16928,17038,17130,17263,17370,17466,17578,17690,17818,17931,18042,18174,18314,18415,18506,18618,18718,18842,18954,19102,19215,19338,19450,19562,19663,19790,19914,20042,20127,20234,20351,20462,20574,20714,,,,,,,,,,,,,,,,,,,
13361,13473,13569,13654,13777,13857,13991,14097,14193,14337,14449,14545,14646,14768,14914,15066,15187,15346,15457,15601,15702,15829,15969,16087,16199,16321,16422,16549,16675,16801,16944,17078,17189,17301,17399,17521,17601,17713,17860,17987,18119,18329,18457,18578,18705,18807,18953,19091,19225,19347,19481,19586,19698,19843,19969,20069,20183,20288,20406,20497,,,,,,,,,,,,,,,,,,,,,,,,,,,
13687,13809,13957,14080,14181,14294,14400,14518,14646,14736,14838,14929,15062,15173,15313,15425,15553,15680,15829,15921,16033,16144,16240,16337,16448,16582,16694,16832,16945,17073,17169,17286,17382,17521,17621,17745,17873,17958,18050,18151,18278,18369,18471,18582,18673,18774,18919,19031,19120,19233,19328,19463,19559,19650,19761,19846,20032,20211,20412,20608,20814,21022,21219,21399,21594,,,,,,,,,,,,,,,,,,,,,,
13336,13528,13742,13944,14156,14351,14542,14742,14940,15153,15368,15574,15738,15932,16086,16294,16463,16662,16862,17064,17255,17458,17671,17879,18089,18277,18479,18687,18864,19041,19218,19441,19664,19862,20063,20291,,,,,,,,,,,,,,,,,,,,,,,,,,,,,,,,,,,,,,,,,,,,,,,,,,,
13056,13158,13286,13424,13541,13668,13791,13894,14032,14165,14533,14671,14774,14917,15041,15183,15300,15392,15542,15663,15776,15888,16032,16133,16244,16353,16437,16596,16709,16822,16949,17060,17221,17329,17429,17558,17680,17813,17904,18005,18096,18198,18326,18471,18561,18704,18832,18933,19024,19136,19237,19328,19430,19552,19702,19825,20000,20112,20239,20352,20432,20565,20672,20768,20913,21009,21120,21264,21392,,,,,,,,,,,,,,,,,,
13724,13857,13980,14092,14220,14348,14443,14555,14688,14780,14907,15019,15132,15260,15355,15451,15547,15627,15740,15840,15931,16080,16220,16368,16496,16587,16700,16828,16940,17051,17168,17280,17409,17627,17723,17824,17931,18027,18176,18321,18433,18572,18705,18828,18955,19056,19153,19249,19362,19472,19585,19676,19819,19948,20059,20193,20299,20427,20540,20635,20731,20828,20962,,,,,,,,,,,,,,,,,,,,,,,,
12784,12876,12977,13068,13164,14000,14603,14731,14848,15679,16063,16187,16305,16443,16540,16652,16763,16863,16976,17100,17249,17339,17489,17602,17723,17826,17948,18091,18208,18331,18464,18620,18706,18811,18923,19041,19132,19260,19403,19536,19691,19787,19979,20064,20171,20283,20386,,,,,,,,,,,,,,,,,,,,,,,,,,,,,,,,,,,,,,,,
13941,14053,14165,14256,14388,14517,14629,14741,14864,14965,15076,15205,15316,15440,15552,15684,15797,15925,16016,16117,16228,16372,16464,16565,16693,16789,16928,17040,17120,17264,17365,17476,17584,17712,17840,17952,18080,18224,18336,18512,18629,18720,18864,18960,19094,19205,19365,19472,19600,19701,19840,19957,20064,20197,20304,,,,,,,,,,,,,,,,,,,,,,,,,,,,,,,,
14074,14186,14320,14443,14570,14703,14815,14927,15055,15151,15242,15370,15503,15626,15775,15914,16031,16143,16266,16352,16474,16607,16719,16842,16954,17082,17194,17327,17455,17567,17679,17770,17914,18032,18170,18287,18415,18527,18671,18783,18874,18986,19087,19226,19311,19418,19530,19642,19775,19914,20074,20191,20314,20442,20575,20703,20826,20954,,,,,,,,,,,,,,,,,,,,,,,,,,,,,
14000,14101,14192,14320,14437,14580,14672,14800,14944,15040,15152,15280,15397,15589,15712,15824,15958,16086,16197,16320,16432,16564,16672,16784,16885,17008,17108,17232,17344,17472,17584,17717,17829,17941,18052,18144,18261,18384,18528,18629,18720,18864,18960,19072,19205,19332,19429,19536,19669,19792,19893,19984,20118,20240,20357,20480,20592,20692,20804,20933,,,,,,,,,,,,,,,,,,,,,,,,,,,
13258,13391,13498,13642,13722,13850,13936,14079,14170,14271,14383,14510,14606,14702,14810,14906,15018,15130,15210,15338,15450,15578,15705,15817,16009,16122,16223,16395,16506,16618,16730,16831,17002,17082,17182,17289,17418,17520,17631,17722,17855,17946,18074,18174,18298,18410,18510,18623,18713,18874,19002,19119,19231,19359,19482,19631,,,,,,,,,,,,,,,,,,,,,,,,,,,,,,,
13983,14095,14227,14351,14483,14563,14703,14815,14915,15039,15183,15263,15391,15503,15631,15759,15839,15941,16031,16175,16275,16383,16511,16596,16687,16799,16943,17071,17171,17283,17364,17471,17567,17679,17791,17903,18015,18163,18255,18351,18500,18591,18723,18803,18948,19055,19139,19268,19411,19539,19651,19775,19903,20015,20143,20271,20383,20515,20627,20751,,,,,,,,,,,,,,,,,,,,,,,,,,,
13886,14047,14163,14286,14419,14526,14656,14750,14851,14959,15054,15166,15278,15379,15503,15647,15759,15854,15967,16116,16239,16367,16495,16607,16735,16846,16958,17060,17199,17301,17439,17556,17679,17806,17940,18078,18207,18291,18414,18575,18691,18831,18931,19055,19166,19294,19427,19551,19699,19838,19955,20047,20174,20307,20398,,,,,,,,,,,,,,,,,,,,,,,,,,,,,,,,
13722,13851,13967,14095,14203,14321,14442,14544,14634,14735,14874,14971,15083,15194,15322,15434,15562,15658,15786,15898,16010,16142,16282,16383,16495,16602,16714,16874,17002,17114,17247,17359,17482,17578,17882,17994,18095,18219,18320,18410,18522,18623,18763,18895,19007,19147,19274,19371,19503,19594,19722,19825,19936,20058,20170,20303,20432,20554,20655,20779,20890,,,,,,,,,,,,,,,,,,,,,,,,,,
13871,13967,14083,14175,14287,14419,14531,14623,14723,14847,14963,15059,15156,15263,15375,15459,15582,15683,15807,15903,16035,16127,16211,16373,16495,16595,16719,16863,16958,17087,17183,17263,17395,17523,17667,17779,17859,18031,18175,18287,18415,18548,18670,18783,18899,19022,19134,19279,19379,19491,19646,19764,19855,19955,20095,20223,20309,20431,20564,,,,,,,,,,,,,,,,,,,,,,,,,,,,
12783,12932,13012,13135,13231,13328,13428,13519,13631,13764,13876,14004,14116,14292,14399,14500,14623,14736,14868,14980,15119,15231,15359,15492,15604,15728,15871,15951,16079,16192,16303,16431,16559,16660,16768,16868,16959,17071,17183,17284,17375,17503,17599,17711,17812,17924,18052,18164,18288,18388,18500,18623,18740,18852,18943,19044,19151,19327,19428,19524,19652,19775,19919,20031,20148,20239,20372,20464,20591,20708,20804,,,,,,,,,,,,,,,,
13616,13733,13857,13958,14079,14177,14292,14405,14497,14623,14725,14816,14948,15040,15142,15248,15396,15503,15606,15751,15841,16000,16134,16246,16357,16496,16582,16688,16800,16929,17056,17168,17296,17408,17520,17655,17765,17895,18016,18118,18241,18367,18512,18615,18736,18853,19008,19141,19280,19392,19526,19637,19734,19856,20000,20160,20272,20420,20533,,,,,,,,,,,,,,,,,,,,,,,,,,,,
13391,13530,13631,13744,13834,13968,14058,14139,14250,14378,14474,14586,14698,14778,14890,15007,15130,15258,15354,15466,15600,15738,15850,16000,16090,16202,16335,16479,16570,16687,16778,16896,16992,17099,17210,17306,17450,17578,17690,17818,17930,18058,18186,18299,18410,18506,18634,18746,18896,19007,19130,19259,19370,19498,19582,19690,19787,19898,20026,20139,20266,20351,20474,20587,20720,,,,,,,,,,,,,,,,,,,,,,
13962,14106,14234,14410,14506,14619,14714,14795,14922,15034,15146,15248,15338,15466,15583,15695,15786,15898,15999,16106,16218,16298,16394,16538,16634,16746,16895,17038,17120,17210,17342,17470,17567,17694,17786,17886,17998,18110,18222,18346,18464,18586,18698,18778,18906,19034,19134,19258,19386,19488,19626,19711,19834,19962,20064,20186,20298,20410,20544,20650,20752,,,,,,,,,,,,,,,,,,,,,,,,,,
